Designator,Mid X,Mid Y,Layer,Rotation
J1,210.500000,-6.000000,Top,-90.000000
Q1,10.000000,-4.800000,Top,0.000000
Q2,30.000000,-4.800000,Top,0.000000
Q3,50.000000,-4.800000,Top,0.000000
Q4,75.000000,-4.800000,Top,0.000000
Q5,130.000000,-4.800000,Top,0.000000
Q6,190.000000,-4.800000,Top,0.000000
