#usda 1.0
(
    metersPerUnit = 0.001
    upAxis = "Z"
)

def Xform "World"
{
    def Xform "Track"
    {
        def Mesh "MainTrack"
        {
            float3[] extent = [(19.98, -8.9841, -27.1307), (256.9382, 35.0159, 89.77878)]
            int[] faceVertexCounts = [3, 3, 3, 3, 3, 3, 3, 3, 3, 3, 3, 3, 3, 3, 3, 3, 3, 3, 3, 3, 3, 3, 3, 3, 3, 3, 3, 3, 3, 3, 3, 3, 3, 3, 3, 3, 3, 3, 3, 3, 3, 3, 3, 3, 3, 3, 3, 3, 3, 3, 3, 3, 3, 3, 3, 3, 3, 3, 3, 3, 3, 3, 3, 3, 3, 3, 3, 3, 3, 3, 3, 3, 3, 3, 3, 3, 3, 3, 3, 3, 3, 3, 3, 3, 3, 3, 3, 3, 3, 3, 3, 3, 3, 3, 3, 3, 3, 3, 3, 3, 3, 3, 3, 3, 3, 3, 3, 3, 3, 3, 3, 3, 3, 3, 3, 3, 3, 3, 3, 3, 3, 3, 3, 3, 3, 3, 3, 3, 3, 3, 3, 3, 3, 3, 3, 3, 3, 3, 3, 3, 3, 3, 3, 3, 3, 3, 3, 3, 3, 3, 3, 3, 3, 3, 3, 3, 3, 3, 3, 3, 3, 3, 3, 3, 3, 3, 3, 3, 3, 3, 3, 3, 3, 3, 3, 3, 3, 3, 3, 3, 3, 3, 3, 3, 3, 3, 3, 3, 3, 3, 3, 3, 3, 3, 3, 3, 3, 3, 3, 3, 3, 3, 3, 3, 3, 3, 3, 3, 3, 3, 3, 3, 3, 3, 3, 3, 3, 3, 3, 3, 3, 3, 3, 3, 3, 3, 3, 3, 3, 3, 3, 3, 3, 3, 3, 3, 3, 3, 3, 3, 3, 3, 3, 3, 3, 3, 3, 3, 3, 3, 3, 3, 3, 3, 3, 3, 3, 3, 3, 3, 3, 3, 3, 3, 3, 3, 3, 3, 3, 3, 3, 3, 3, 3, 3, 3, 3, 3, 3, 3, 3, 3, 3, 3, 3, 3, 3, 3, 3, 3, 3, 3, 3, 3, 3, 3, 3, 3, 3, 3, 3, 3, 3, 3, 3, 3, 3, 3, 3, 3, 3, 3, 3, 3, 3, 3, 3, 3, 3, 3, 3, 3, 3, 3, 3, 3, 3, 3, 3, 3, 3, 3, 3, 3, 3, 3, 3, 3, 3, 3, 3, 3, 3, 3, 3, 3, 3, 3, 3, 3, 3, 3, 3, 3, 3, 3, 3, 3, 3, 3, 3, 3, 3, 3, 3, 3, 3, 3, 3, 3, 3, 3, 3, 3, 3, 3, 3, 3, 3, 3, 3, 3, 3, 3, 3, 3, 3, 3, 3, 3, 3, 3, 3, 3, 3, 3, 3, 3, 3, 3, 3, 3, 3, 3, 3, 3, 3, 3, 3, 3, 3, 3, 3, 3, 3, 3, 3, 3, 3, 3, 3, 3, 3, 3, 3, 3, 3, 3, 3, 3, 3, 3, 3, 3, 3, 3, 3, 3, 3, 3, 3, 3, 3, 3, 3, 3, 3, 3, 3, 3, 3, 3, 3, 3, 3, 3, 3, 3, 3, 3, 3, 3, 3, 3, 3, 3, 3, 3, 3, 3, 3, 3, 3, 3, 3, 3, 3, 3, 3, 3, 3, 3, 3, 3, 3, 3, 3, 3, 3, 3, 3, 3, 3, 3, 3, 3, 3, 3, 3, 3, 3, 3, 3, 3, 3, 3, 3, 3, 3, 3, 3, 3, 3, 3, 3, 3, 3, 3, 3, 3, 3, 3, 3, 3, 3, 3, 3, 3, 3, 3, 3, 3, 3, 3, 3, 3, 3, 3, 3, 3, 3, 3, 3, 3, 3, 3, 3, 3, 3, 3, 3, 3, 3, 3, 3, 3, 3, 3, 3, 3, 3, 3, 3, 3, 3, 3, 3, 3, 3, 3, 3, 3, 3, 3, 3, 3, 3, 3, 3, 3, 3, 3, 3, 3, 3, 3, 3, 3, 3, 3, 3, 3, 3, 3, 3, 3, 3, 3, 3, 3, 3, 3, 3, 3, 3, 3, 3, 3, 3, 3, 3, 3, 3, 3, 3, 3, 3, 3, 3, 3, 3, 3, 3, 3, 3, 3, 3, 3, 3, 3, 3, 3, 3, 3, 3, 3, 3, 3, 3, 3, 3, 3, 3, 3, 3, 3, 3, 3, 3, 3, 3, 3, 3, 3, 3, 3, 3, 3, 3, 3, 3, 3, 3, 3, 3, 3, 3, 3, 3, 3, 3, 3, 3, 3, 3, 3, 3, 3, 3, 3, 3, 3, 3, 3, 3, 3, 3, 3, 3, 3, 3, 3, 3, 3, 3, 3, 3, 3, 3, 3, 3, 3, 3, 3, 3, 3, 3, 3, 3, 3, 3, 3, 3, 3, 3, 3, 3, 3, 3, 3, 3, 3, 3, 3, 3, 3, 3, 3, 3, 3, 3, 3, 3, 3, 3, 3, 3, 3, 3, 3, 3, 3, 3, 3, 3, 3, 3, 3, 3, 3, 3, 3, 3, 3, 3, 3, 3, 3, 3, 3, 3, 3, 3, 3, 3, 3, 3, 3, 3, 3, 3, 3, 3, 3, 3, 3, 3, 3, 3, 3, 3, 3, 3, 3, 3, 3, 3, 3, 3, 3, 3, 3, 3, 3, 3, 3, 3, 3, 3, 3, 3, 3, 3, 3, 3, 3, 3, 3, 3, 3, 3, 3, 3, 3, 3, 3, 3, 3, 3, 3, 3, 3, 3, 3, 3, 3, 3, 3, 3, 3, 3, 3, 3, 3, 3, 3, 3, 3, 3, 3, 3, 3, 3, 3, 3, 3, 3, 3, 3, 3, 3, 3, 3, 3, 3, 3, 3, 3, 3, 3, 3, 3, 3, 3, 3, 3, 3, 3, 3, 3, 3, 3, 3, 3, 3, 3, 3, 3, 3, 3, 3, 3, 3, 3, 3, 3, 3, 3, 3, 3, 3, 3, 3, 3, 3, 3, 3, 3, 3, 3, 3, 3, 3, 3, 3, 3, 3, 3, 3, 3, 3, 3, 3, 3, 3, 3, 3, 3, 3, 3, 3, 3, 3, 3, 3, 3, 3, 3, 3, 3, 3, 3, 3, 3, 3, 3, 3, 3, 3, 3, 3, 3, 3, 3, 3, 3, 3, 3, 3, 3, 3, 3, 3, 3, 3, 3, 3, 3, 3, 3, 3, 3, 3, 3, 3, 3, 3, 3, 3, 3, 3, 3, 3, 3, 3, 3, 3, 3, 3, 3, 3, 3, 3, 3, 3, 3, 3, 3, 3, 3, 3, 3, 3, 3, 3, 3, 3, 3, 3, 3, 3, 3, 3, 3, 3, 3, 3, 3, 3, 3, 3, 3, 3, 3, 3, 3, 3, 3, 3, 3, 3, 3, 3, 3, 3, 3, 3, 3, 3, 3, 3, 3, 3, 3, 3, 3, 3, 3, 3, 3, 3, 3, 3, 3, 3, 3, 3, 3, 3, 3, 3, 3, 3, 3, 3, 3, 3, 3, 3, 3, 3, 3, 3, 3, 3, 3, 3, 3, 3, 3, 3, 3, 3, 3, 3, 3, 3, 3, 3, 3, 3, 3, 3, 3, 3, 3, 3, 3, 3, 3, 3, 3, 3, 3, 3, 3, 3, 3, 3, 3, 3, 3, 3, 3, 3, 3, 3, 3, 3, 3, 3, 3, 3, 3, 3, 3, 3, 3, 3, 3, 3, 3, 3, 3, 3, 3, 3, 3, 3, 3, 3, 3, 3, 3, 3, 3, 3, 3, 3, 3, 3, 3, 3, 3, 3, 3, 3, 3, 3, 3, 3, 3, 3, 3, 3, 3, 3, 3, 3, 3, 3, 3, 3, 3, 3, 3, 3, 3, 3, 3, 3, 3, 3, 3, 3, 3, 3, 3, 3, 3, 3, 3, 3, 3, 3, 3, 3, 3, 3, 3, 3, 3, 3, 3, 3, 3, 3, 3, 3, 3, 3, 3, 3, 3, 3, 3, 3, 3, 3, 3, 3, 3, 3, 3, 3, 3, 3, 3, 3, 3, 3, 3, 3, 3, 3, 3, 3, 3, 3, 3, 3, 3, 3, 3, 3, 3, 3, 3, 3, 3, 3, 3, 3, 3, 3, 3, 3, 3, 3, 3, 3, 3, 3, 3, 3, 3, 3, 3, 3, 3, 3, 3, 3, 3, 3, 3, 3, 3, 3, 3, 3, 3, 3, 3, 3, 3, 3, 3, 3, 3, 3, 3, 3, 3, 3, 3, 3, 3, 3, 3, 3, 3, 3, 3, 3, 3, 3, 3, 3, 3, 3, 3, 3, 3, 3, 3, 3, 3, 3, 3, 3, 3, 3, 3, 3, 3, 3, 3, 3, 3, 3, 3, 3, 3, 3, 3, 3, 3, 3, 3, 3, 3, 3, 3, 3, 3, 3, 3, 3, 3, 3, 3, 3, 3, 3, 3, 3, 3, 3, 3, 3, 3, 3, 3, 3, 3, 3, 3, 3, 3, 3, 3, 3, 3, 3, 3, 3, 3, 3, 3, 3, 3, 3, 3, 3, 3, 3, 3, 3, 3, 3, 3, 3, 3, 3, 3, 3, 3, 3, 3, 3, 3, 3, 3, 3, 3, 3, 3, 3, 3, 3, 3, 3, 3, 3, 3, 3, 3, 3, 3, 3, 3, 3, 3, 3, 3, 3, 3, 3, 3, 3, 3, 3, 3, 3, 3, 3, 3, 3, 3, 3, 3, 3, 3, 3, 3, 3, 3, 3, 3, 3, 3, 3, 3, 3, 3, 3, 3, 3, 3, 3, 3, 3, 3, 3, 3, 3, 3, 3, 3, 3, 3, 3, 3, 3, 3, 3, 3, 3, 3, 3, 3, 3, 3, 3, 3, 3, 3, 3, 3, 3, 3, 3, 3, 3, 3, 3, 3, 3, 3, 3, 3, 3, 3, 3, 3, 3, 3, 3, 3, 3, 3, 3, 3, 3, 3, 3, 3, 3, 3, 3, 3, 3, 3, 3, 3, 3, 3, 3, 3, 3, 3, 3, 3, 3, 3, 3, 3, 3, 3, 3, 3, 3, 3, 3, 3, 3, 3, 3, 3, 3, 3, 3, 3, 3, 3, 3, 3, 3, 3, 3, 3, 3, 3, 3, 3, 3, 3, 3, 3, 3, 3, 3, 3, 3, 3, 3, 3, 3, 3, 3, 3, 3, 3, 3, 3, 3, 3, 3, 3, 3, 3, 3, 3, 3, 3, 3, 3, 3, 3, 3, 3, 3, 3, 3, 3, 3, 3, 3, 3, 3, 3, 3, 3, 3, 3, 3, 3, 3, 3, 3, 3, 3, 3, 3, 3, 3, 3, 3, 3, 3, 3, 3, 3, 3, 3, 3, 3, 3, 3, 3, 3, 3, 3, 3, 3, 3, 3, 3, 3, 3, 3, 3, 3, 3, 3, 3, 3, 3, 3, 3, 3, 3, 3, 3, 3, 3, 3, 3, 3, 3, 3, 3, 3, 3, 3, 3, 3, 3, 3, 3, 3, 3, 3, 3, 3, 3, 3, 3, 3, 3, 3, 3, 3, 3, 3, 3, 3, 3, 3, 3, 3, 3, 3, 3, 3, 3, 3, 3, 3, 3, 3, 3, 3, 3, 3, 3, 3, 3, 3, 3, 3, 3, 3, 3, 3, 3, 3, 3, 3, 3, 3, 3, 3, 3, 3, 3, 3, 3, 3, 3, 3, 3, 3, 3, 3, 3, 3, 3, 3, 3, 3, 3, 3, 3, 3, 3, 3, 3, 3, 3, 3, 3, 3, 3, 3, 3, 3, 3, 3, 3, 3, 3, 3, 3, 3, 3, 3, 3, 3, 3, 3, 3, 3, 3, 3, 3, 3, 3, 3, 3, 3, 3, 3, 3, 3, 3, 3, 3, 3, 3, 3, 3, 3, 3, 3, 3, 3, 3, 3, 3, 3, 3, 3, 3, 3, 3, 3, 3, 3, 3, 3, 3, 3, 3, 3, 3, 3, 3, 3, 3, 3, 3, 3, 3, 3, 3, 3, 3, 3, 3, 3, 3, 3, 3, 3, 3, 3, 3, 3, 3, 3, 3, 3, 3, 3, 3, 3, 3, 3, 3, 3, 3, 3, 3, 3, 3, 3, 3, 3, 3, 3, 3, 3, 3, 3, 3, 3, 3, 3, 3, 3, 3, 3, 3, 3, 3, 3, 3, 3, 3, 3, 3, 3, 3, 3, 3, 3, 3, 3, 3, 3, 3, 3, 3, 3, 3, 3, 3, 3, 3, 3, 3, 3, 3, 3, 3, 3, 3, 3, 3, 3, 3, 3, 3, 3, 3, 3, 3, 3, 3, 3, 3, 3, 3, 3, 3, 3, 3, 3, 3, 3, 3, 3, 3, 3, 3, 3, 3, 3, 3, 3, 3, 3, 3, 3, 3, 3, 3, 3, 3, 3, 3, 3, 3, 3, 3, 3, 3, 3, 3, 3, 3, 3, 3, 3, 3, 3, 3, 3, 3, 3, 3, 3, 3, 3, 3, 3, 3, 3, 3, 3, 3, 3, 3, 3, 3, 3, 3, 3, 3, 3, 3, 3, 3, 3, 3, 3, 3, 3, 3, 3, 3, 3, 3, 3, 3, 3, 3, 3, 3, 3, 3, 3, 3, 3, 3, 3, 3, 3, 3, 3, 3, 3, 3, 3, 3, 3, 3, 3, 3, 3, 3, 3, 3, 3, 3, 3, 3, 3, 3, 3, 3, 3, 3, 3, 3, 3, 3, 3, 3, 3, 3, 3, 3, 3, 3, 3, 3, 3, 3, 3, 3, 3, 3, 3, 3, 3, 3, 3, 3, 3, 3, 3, 3, 3, 3, 3, 3, 3, 3, 3, 3, 3, 3, 3, 3, 3, 3, 3, 3, 3, 3, 3, 3, 3, 3, 3, 3, 3, 3, 3, 3, 3, 3, 3, 3, 3, 3, 3, 3, 3, 3, 3, 3, 3, 3, 3, 3, 3, 3, 3, 3, 3, 3, 3, 3, 3, 3, 3, 3, 3, 3, 3, 3, 3, 3, 3, 3, 3, 3, 3, 3, 3, 3, 3, 3, 3, 3, 3, 3, 3, 3, 3, 3, 3, 3, 3, 3, 3, 3, 3, 3, 3, 3, 3, 3, 3, 3, 3, 3, 3, 3, 3, 3, 3, 3, 3, 3, 3, 3, 3, 3, 3, 3, 3, 3, 3, 3, 3, 3, 3, 3, 3, 3, 3, 3, 3, 3, 3, 3, 3, 3, 3, 3, 3, 3, 3, 3, 3, 3, 3, 3, 3, 3, 3, 3, 3, 3, 3, 3, 3, 3, 3, 3, 3, 3, 3, 3, 3, 3, 3, 3, 3, 3, 3, 3, 3, 3, 3, 3, 3, 3, 3, 3, 3, 3, 3, 3, 3, 3, 3, 3, 3, 3, 3, 3, 3, 3, 3, 3, 3, 3, 3, 3, 3, 3, 3, 3, 3, 3, 3, 3, 3, 3, 3, 3, 3, 3, 3, 3, 3, 3, 3, 3, 3, 3, 3, 3, 3, 3, 3, 3, 3, 3, 3, 3, 3, 3, 3, 3, 3, 3, 3, 3, 3, 3, 3, 3, 3, 3, 3, 3, 3, 3, 3, 3, 3, 3, 3, 3, 3, 3, 3, 3, 3, 3, 3, 3, 3, 3, 3, 3, 3, 3, 3, 3, 3, 3, 3, 3, 3, 3, 3, 3, 3, 3, 3, 3, 3, 3, 3, 3, 3, 3, 3, 3, 3, 3, 3, 3, 3, 3, 3, 3, 3, 3, 3, 3, 3, 3, 3, 3, 3, 3, 3, 3, 3, 3, 3, 3, 3, 3, 3, 3, 3, 3, 3, 3, 3, 3, 3, 3, 3, 3, 3, 3, 3, 3, 3, 3, 3, 3, 3, 3, 3, 3, 3, 3, 3, 3, 3, 3, 3, 3, 3, 3, 3, 3, 3, 3, 3, 3, 3, 3, 3, 3, 3, 3, 3, 3, 3, 3, 3, 3, 3, 3, 3, 3, 3, 3, 3, 3, 3, 3, 3, 3, 3, 3, 3, 3, 3, 3, 3, 3, 3, 3, 3, 3, 3, 3, 3, 3, 3, 3, 3, 3, 3, 3, 3, 3, 3, 3, 3, 3, 3, 3, 3, 3, 3, 3, 3, 3, 3, 3, 3, 3, 3, 3, 3, 3, 3, 3, 3, 3, 3, 3, 3, 3, 3, 3, 3, 3, 3, 3, 3, 3, 3, 3, 3, 3, 3, 3, 3, 3, 3, 3, 3, 3, 3, 3, 3, 3, 3, 3, 3, 3, 3, 3, 3, 3, 3, 3, 3, 3, 3, 3, 3, 3, 3, 3, 3, 3, 3, 3, 3, 3, 3, 3, 3, 3, 3, 3, 3, 3, 3, 3, 3, 3, 3, 3, 3, 3, 3, 3, 3, 3, 3, 3, 3, 3, 3, 3, 3, 3, 3, 3, 3, 3, 3, 3, 3, 3, 3, 3, 3, 3, 3, 3, 3, 3, 3, 3, 3, 3, 3, 3, 3, 3, 3, 3, 3, 3, 3, 3, 3, 3, 3, 3, 3, 3, 3, 3, 3, 3, 3, 3, 3, 3, 3, 3, 3, 3, 3, 3, 3, 3, 3, 3, 3, 3, 3, 3, 3, 3, 3, 3, 3, 3, 3, 3, 3, 3, 3, 3, 3, 3, 3, 3, 3, 3, 3, 3, 3, 3, 3, 3, 3, 3, 3, 3, 3, 3, 3, 3, 3, 3, 3, 3, 3, 3, 3, 3, 3, 3, 3, 3, 3, 3, 3, 3, 3, 3, 3, 3, 3, 3, 3, 3, 3, 3, 3, 3, 3, 3, 3, 3, 3, 3, 3, 3, 3, 3, 3, 3, 3, 3, 3, 3, 3, 3, 3, 3, 3, 3, 3, 3, 3, 3, 3, 3, 3, 3, 3, 3, 3, 3, 3, 3, 3, 3, 3, 3, 3, 3, 3, 3, 3, 3, 3, 3, 3, 3, 3, 3, 3, 3, 3, 3, 3, 3, 3, 3, 3, 3, 3, 3, 3, 3, 3, 3, 3, 3, 3, 3, 3, 3, 3, 3, 3, 3, 3, 3, 3, 3, 3, 3, 3, 3, 3, 3, 3, 3, 3, 3, 3, 3, 3, 3, 3, 3, 3, 3, 3, 3, 3, 3, 3, 3, 3, 3, 3, 3, 3, 3, 3, 3, 3, 3, 3, 3, 3, 3, 3, 3, 3, 3, 3, 3, 3, 3, 3, 3, 3, 3, 3, 3, 3, 3, 3, 3, 3, 3, 3, 3, 3, 3, 3, 3, 3, 3, 3, 3, 3, 3, 3, 3, 3, 3, 3, 3, 3, 3, 3, 3, 3, 3, 3, 3, 3, 3, 3, 3, 3, 3, 3, 3, 3, 3, 3, 3, 3, 3, 3, 3, 3, 3, 3, 3, 3, 3, 3, 3, 3, 3, 3, 3, 3, 3, 3, 3, 3, 3, 3, 3, 3, 3, 3, 3, 3, 3, 3, 3, 3, 3, 3, 3, 3, 3, 3, 3, 3, 3, 3, 3, 3, 3, 3, 3, 3, 3, 3, 3, 3, 3, 3, 3, 3, 3, 3, 3, 3, 3, 3, 3, 3, 3, 3, 3, 3, 3, 3, 3, 3, 3, 3, 3, 3, 3, 3, 3, 3, 3, 3, 3, 3, 3, 3, 3, 3, 3, 3, 3, 3, 3, 3, 3, 3, 3, 3, 3, 3, 3, 3, 3, 3, 3, 3, 3, 3, 3, 3, 3, 3, 3, 3, 3, 3, 3, 3, 3, 3, 3, 3, 3, 3, 3, 3, 3, 3, 3, 3, 3, 3, 3, 3, 3, 3, 3, 3, 3, 3, 3, 3, 3, 3, 3, 3, 3, 3, 3, 3, 3, 3, 3, 3, 3, 3, 3, 3, 3, 3, 3, 3, 3, 3, 3, 3, 3, 3, 3, 3, 3, 3, 3, 3, 3, 3, 3, 3, 3, 3, 3, 3, 3, 3, 3, 3, 3, 3, 3, 3, 3, 3, 3, 3, 3, 3, 3, 3, 3, 3, 3, 3, 3, 3, 3, 3, 3, 3, 3, 3, 3, 3, 3, 3, 3, 3, 3, 3, 3, 3, 3, 3, 3, 3, 3, 3, 3, 3, 3, 3, 3, 3, 3, 3, 3, 3, 3, 3, 3, 3, 3, 3, 3, 3, 3, 3, 3, 3, 3, 3, 3, 3, 3, 3, 3, 3, 3, 3, 3, 3, 3, 3, 3, 3, 3, 3, 3, 3, 3, 3, 3, 3, 3, 3, 3, 3, 3, 3, 3, 3, 3, 3, 3, 3, 3, 3, 3, 3, 3, 3, 3, 3, 3, 3, 3, 3, 3, 3, 3, 3, 3, 3, 3, 3, 3, 3, 3, 3, 3, 3, 3, 3, 3, 3, 3, 3, 3, 3, 3, 3, 3, 3, 3, 3, 3, 3, 3, 3, 3, 3, 3, 3, 3, 3, 3, 3, 3, 3, 3, 3, 3, 3, 3, 3, 3, 3, 3, 3, 3, 3, 3, 3, 3, 3, 3, 3, 3, 3, 3, 3, 3, 3, 3, 3, 3, 3, 3, 3, 3, 3, 3, 3, 3, 3, 3, 3, 3, 3, 3, 3, 3, 3, 3, 3, 3, 3, 3, 3, 3, 3, 3, 3, 3, 3, 3, 3, 3, 3, 3, 3, 3, 3, 3, 3, 3, 3, 3, 3, 3, 3, 3, 3, 3, 3, 3, 3, 3, 3, 3, 3, 3, 3, 3, 3, 3, 3, 3, 3, 3, 3, 3, 3, 3, 3, 3, 3, 3, 3, 3, 3, 3, 3, 3, 3, 3, 3, 3, 3, 3, 3, 3, 3, 3, 3, 3, 3, 3, 3, 3, 3, 3, 3, 3, 3, 3, 3, 3, 3, 3, 3, 3, 3, 3, 3, 3, 3, 3, 3, 3, 3, 3, 3, 3, 3, 3, 3, 3, 3, 3, 3, 3, 3, 3, 3, 3, 3, 3, 3, 3, 3, 3, 3, 3, 3, 3, 3, 3, 3, 3, 3, 3, 3, 3, 3, 3, 3, 3, 3, 3, 3, 3, 3, 3, 3, 3, 3, 3, 3, 3, 3, 3, 3, 3, 3, 3, 3, 3, 3, 3, 3, 3, 3, 3, 3, 3, 3, 3, 3, 3, 3, 3, 3, 3, 3, 3, 3, 3, 3, 3, 3, 3, 3, 3, 3, 3, 3, 3, 3, 3, 3, 3, 3, 3, 3, 3, 3, 3, 3, 3, 3, 3, 3, 3, 3, 3, 3, 3, 3, 3, 3, 3, 3, 3, 3, 3, 3, 3, 3, 3, 3, 3, 3, 3, 3, 3, 3, 3, 3, 3, 3, 3, 3, 3, 3, 3, 3, 3, 3, 3, 3, 3, 3, 3, 3, 3, 3, 3, 3, 3, 3, 3, 3, 3, 3, 3, 3, 3, 3, 3, 3, 3, 3, 3, 3, 3, 3, 3, 3, 3, 3, 3, 3, 3, 3, 3, 3, 3, 3, 3, 3, 3, 3, 3, 3, 3, 3, 3, 3, 3, 3, 3, 3, 3, 3, 3, 3, 3, 3, 3, 3, 3, 3, 3, 3, 3, 3, 3, 3, 3, 3, 3, 3, 3, 3, 3, 3, 3, 3, 3, 3, 3, 3, 3, 3, 3, 3, 3, 3, 3, 3, 3, 3, 3, 3, 3, 3, 3, 3, 3, 3, 3, 3, 3, 3, 3, 3, 3, 3, 3, 3, 3, 3, 3, 3, 3, 3, 3, 3, 3, 3, 3, 3, 3, 3, 3, 3]
            int[] faceVertexIndices = [0, 1, 2, 0, 3, 1, 4, 3, 0, 5, 3, 4, 6, 7, 8, 9, 5, 4, 10, 5, 9, 11, 6, 8, 12, 6, 11, 13, 10, 9, 14, 10, 13, 15, 12, 11, 16, 12, 15, 17, 14, 13, 18, 14, 17, 19, 16, 15, 20, 16, 19, 21, 18, 17, 22, 18, 21, 23, 20, 19, 24, 20, 23, 25, 22, 21, 26, 24, 23, 26, 25, 24, 27, 25, 26, 27, 22, 25, 28, 22, 27, 28, 29, 22, 30, 29, 28, 30, 31, 29, 32, 31, 30, 32, 33, 31, 34, 33, 32, 34, 35, 33, 36, 35, 34, 36, 37, 35, 38, 37, 36, 38, 39, 37, 40, 41, 39, 40, 39, 38, 42, 43, 41, 42, 41, 40, 44, 45, 43, 44, 43, 42, 46, 47, 45, 46, 45, 44, 48, 49, 47, 48, 47, 46, 50, 51, 49, 50, 49, 48, 52, 53, 51, 52, 51, 50, 54, 55, 53, 54, 53, 52, 56, 57, 55, 56, 55, 54, 58, 59, 57, 58, 57, 56, 60, 61, 59, 60, 59, 58, 62, 63, 61, 62, 61, 60, 64, 63, 62, 64, 65, 63, 66, 65, 64, 66, 67, 65, 68, 67, 66, 68, 69, 67, 70, 71, 72, 73, 70, 72, 69, 68, 70, 69, 70, 73, 74, 57, 59, 75, 59, 61, 75, 74, 59, 76, 55, 57, 76, 57, 74, 77, 75, 61, 78, 53, 55, 78, 55, 76, 79, 61, 63, 79, 77, 61, 80, 51, 53, 80, 53, 78, 81, 63, 65, 81, 79, 63, 82, 49, 51, 82, 51, 80, 83, 65, 67, 83, 81, 65, 84, 49, 82, 85, 67, 69, 85, 83, 67, 47, 49, 84, 86, 47, 84, 45, 47, 86, 87, 45, 86, 43, 45, 87, 88, 43, 87, 89, 90, 91, 92, 93, 90, 92, 90, 89, 94, 91, 95, 94, 89, 91, 96, 93, 92, 97, 96, 92, 98, 96, 97, 99, 95, 100, 99, 94, 95, 41, 43, 88, 101, 99, 100, 102, 98, 97, 103, 98, 102, 104, 99, 101, 104, 101, 105, 106, 104, 105, 107, 108, 103, 107, 103, 102, 109, 41, 88, 73, 104, 106, 73, 85, 69, 110, 108, 107, 111, 110, 107, 112, 110, 111, 39, 41, 109, 113, 112, 111, 114, 112, 113, 115, 39, 109, 116, 114, 113, 116, 117, 114, 37, 39, 115, 118, 117, 116, 119, 37, 115, 120, 118, 116, 121, 118, 120, 122, 121, 120, 35, 37, 119, 123, 121, 122, 124, 35, 119, 125, 123, 122, 125, 126, 123, 127, 126, 125, 33, 35, 124, 128, 33, 124, 129, 127, 125, 130, 127, 129, 131, 130, 129, 132, 130, 131, 133, 31, 33, 133, 33, 128, 134, 132, 131, 134, 135, 132, 136, 31, 133, 29, 31, 136, 137, 135, 134, 138, 137, 134, 139, 137, 138, 140, 29, 136, 141, 139, 138, 22, 29, 140, 142, 139, 141, 143, 142, 141, 144, 22, 140, 18, 22, 144, 145, 142, 143, 146, 145, 143, 147, 18, 144, 148, 145, 146, 14, 18, 147, 149, 148, 146, 150, 14, 147, 151, 148, 149, 152, 151, 149, 10, 14, 150, 153, 151, 152, 154, 10, 150, 155, 153, 152, 5, 10, 154, 156, 5, 154, 3, 5, 156, 3, 156, 157, 158, 3, 157, 1, 158, 155, 1, 3, 158, 158, 153, 155, 106, 85, 73, 159, 160, 161, 162, 161, 8, 162, 8, 7, 162, 159, 161, 163, 162, 164, 165, 166, 167, 165, 167, 168, 169, 170, 171, 169, 171, 172, 173, 174, 175, 173, 175, 176, 177, 178, 179, 177, 179, 180, 181, 182, 183, 1, 181, 2, 155, 181, 1, 155, 159, 182, 182, 159, 177, 177, 159, 178, 178, 159, 173, 173, 159, 174, 174, 159, 169, 169, 159, 170, 170, 159, 165, 165, 159, 166, 166, 159, 163, 163, 159, 162, 155, 182, 181, 184, 185, 21, 17, 184, 21, 13, 184, 17, 9, 184, 13, 4, 184, 9, 0, 184, 4, 2, 184, 0, 186, 2, 181, 187, 2, 186, 187, 184, 2, 185, 188, 25, 21, 185, 25, 189, 25, 188, 24, 25, 189, 20, 24, 189, 16, 20, 189, 12, 16, 189, 6, 12, 189, 7, 6, 189, 190, 162, 7, 191, 190, 7, 191, 7, 189, 58, 192, 193, 56, 194, 192, 56, 192, 58, 60, 193, 195, 60, 58, 193, 54, 196, 194, 54, 194, 56, 62, 195, 197, 62, 60, 195, 52, 198, 196, 52, 196, 54, 64, 197, 199, 64, 62, 197, 50, 200, 198, 50, 198, 52, 66, 199, 201, 66, 64, 199, 48, 202, 200, 48, 200, 50, 68, 201, 203, 68, 203, 204, 68, 204, 205, 68, 205, 206, 68, 206, 207, 68, 66, 201, 46, 202, 48, 44, 202, 46, 42, 202, 44, 40, 208, 202, 40, 202, 42, 38, 208, 40, 209, 210, 68, 211, 209, 68, 36, 208, 38, 212, 211, 68, 213, 212, 68, 34, 208, 36, 34, 214, 208, 215, 213, 68, 215, 68, 207, 216, 215, 207, 216, 207, 217, 32, 214, 34, 32, 218, 214, 219, 216, 217, 219, 217, 220, 30, 221, 218, 30, 218, 32, 222, 219, 220, 222, 220, 223, 224, 222, 223, 224, 223, 225, 28, 221, 30, 28, 226, 221, 227, 225, 228, 227, 224, 225, 27, 226, 28, 229, 227, 228, 230, 226, 27, 231, 229, 228, 231, 232, 229, 26, 230, 27, 233, 26, 23, 233, 230, 26, 234, 232, 231, 234, 235, 232, 236, 23, 19, 236, 233, 23, 237, 235, 234, 237, 238, 239, 237, 239, 235, 8, 240, 241, 8, 241, 242, 8, 242, 243, 244, 8, 243, 245, 19, 15, 245, 236, 19, 246, 247, 238, 246, 238, 237, 248, 8, 244, 249, 245, 15, 249, 15, 11, 250, 247, 246, 250, 251, 247, 252, 249, 11, 252, 11, 8, 253, 252, 8, 254, 251, 250, 254, 250, 255, 254, 255, 256, 254, 257, 258, 254, 258, 259, 254, 259, 251, 260, 253, 8, 261, 254, 256, 262, 260, 8, 263, 257, 254, 263, 264, 265, 263, 265, 266, 263, 266, 267, 263, 267, 257, 268, 262, 8, 269, 263, 270, 271, 8, 248, 271, 268, 8, 271, 248, 272, 273, 263, 269, 274, 271, 272, 274, 272, 275, 276, 263, 273, 276, 264, 263, 276, 277, 264, 278, 274, 275, 278, 275, 279, 280, 281, 277, 280, 277, 276, 282, 279, 283, 282, 278, 279, 284, 285, 281, 284, 281, 280, 286, 283, 287, 286, 282, 283, 288, 289, 285, 288, 285, 284, 290, 287, 291, 290, 286, 287, 292, 289, 288, 292, 291, 289, 292, 290, 291, 70, 68, 210, 8, 161, 240, 293, 159, 155, 293, 155, 152, 294, 152, 149, 294, 293, 152, 295, 149, 146, 295, 294, 149, 296, 143, 141, 296, 146, 143, 296, 295, 146, 297, 296, 141, 298, 138, 134, 298, 141, 138, 298, 297, 141, 299, 298, 134, 300, 134, 131, 300, 299, 134, 301, 129, 125, 301, 131, 129, 301, 300, 131, 302, 125, 122, 302, 301, 125, 303, 302, 122, 304, 303, 122, 304, 122, 120, 305, 304, 120, 305, 120, 116, 306, 305, 116, 306, 113, 111, 306, 116, 113, 307, 306, 111, 308, 307, 111, 308, 107, 102, 308, 111, 107, 309, 308, 102, 309, 102, 97, 310, 309, 97, 311, 310, 97, 311, 97, 92, 312, 311, 92, 312, 89, 94, 312, 92, 89, 313, 312, 94, 314, 99, 104, 314, 94, 99, 314, 313, 94, 315, 314, 104, 72, 104, 73, 72, 315, 104, 312, 316, 317, 311, 312, 317, 313, 318, 316, 313, 316, 312, 319, 311, 317, 310, 311, 319, 314, 320, 318, 314, 318, 313, 321, 310, 319, 309, 310, 321, 315, 322, 320, 315, 320, 314, 323, 309, 321, 308, 309, 323, 72, 71, 322, 72, 322, 315, 324, 308, 323, 307, 308, 324, 325, 307, 324, 306, 307, 325, 305, 325, 326, 305, 306, 325, 304, 326, 327, 304, 305, 326, 303, 304, 327, 303, 327, 328, 302, 328, 329, 302, 303, 328, 301, 302, 329, 301, 329, 330, 300, 301, 330, 331, 300, 330, 299, 300, 331, 332, 299, 331, 298, 299, 332, 333, 298, 332, 297, 298, 333, 334, 297, 333, 296, 297, 334, 335, 296, 334, 295, 296, 335, 336, 295, 335, 294, 295, 336, 337, 294, 336, 293, 294, 337, 338, 293, 337, 159, 293, 338, 160, 159, 338, 267, 339, 257, 267, 340, 339, 266, 340, 267, 266, 341, 340, 265, 341, 266, 265, 342, 341, 264, 342, 265, 264, 343, 342, 277, 343, 264, 277, 344, 343, 281, 344, 277, 281, 345, 346, 281, 346, 344, 285, 345, 281, 285, 347, 345, 289, 348, 347, 289, 347, 285, 291, 349, 348, 291, 348, 289, 287, 350, 349, 287, 349, 291, 283, 350, 287, 283, 351, 350, 279, 351, 283, 279, 352, 351, 275, 352, 279, 275, 353, 352, 272, 353, 275, 272, 354, 353, 248, 354, 272, 248, 355, 354, 244, 355, 248, 244, 356, 355, 243, 356, 244, 243, 357, 356, 242, 357, 243, 242, 358, 357, 241, 358, 242, 241, 359, 358, 240, 359, 241, 240, 360, 359, 160, 360, 240, 160, 361, 360, 161, 160, 240, 338, 361, 160, 338, 362, 361, 337, 362, 338, 337, 363, 362, 336, 363, 337, 336, 364, 363, 335, 364, 336, 335, 365, 364, 334, 365, 335, 334, 366, 365, 333, 367, 366, 333, 366, 334, 332, 368, 367, 332, 367, 333, 331, 368, 332, 331, 369, 368, 330, 370, 369, 330, 369, 331, 329, 370, 330, 329, 371, 372, 329, 372, 370, 328, 371, 329, 328, 373, 371, 327, 374, 373, 327, 373, 328, 326, 374, 327, 326, 375, 374, 325, 376, 375, 325, 375, 326, 324, 376, 325, 324, 377, 376, 323, 377, 324, 323, 378, 377, 321, 378, 323, 321, 379, 378, 319, 379, 321, 319, 380, 379, 317, 380, 319, 317, 381, 380, 316, 381, 317, 316, 382, 381, 318, 382, 316, 318, 383, 382, 320, 383, 318, 320, 384, 383, 322, 384, 320, 322, 385, 384, 71, 385, 322, 71, 386, 385, 210, 71, 70, 210, 387, 386, 210, 386, 71, 209, 388, 387, 209, 387, 210, 211, 389, 388, 211, 388, 209, 212, 389, 211, 212, 390, 389, 213, 390, 212, 213, 391, 390, 215, 391, 213, 215, 392, 391, 216, 392, 215, 216, 393, 392, 219, 394, 393, 219, 393, 216, 222, 395, 394, 222, 394, 219, 224, 396, 395, 224, 395, 222, 227, 397, 396, 227, 396, 224, 229, 398, 397, 229, 397, 227, 232, 399, 398, 232, 398, 229, 235, 400, 399, 235, 399, 232, 239, 401, 400, 239, 400, 235, 238, 402, 401, 238, 401, 239, 247, 403, 402, 247, 402, 238, 251, 404, 403, 251, 403, 247, 259, 405, 404, 259, 404, 251, 258, 406, 405, 258, 405, 259, 257, 406, 258, 257, 339, 406, 407, 408, 409, 407, 85, 408, 407, 409, 410, 407, 411, 83, 407, 410, 411, 412, 413, 414, 157, 415, 158, 416, 417, 413, 416, 413, 412, 418, 417, 416, 418, 419, 417, 420, 421, 419, 420, 419, 418, 422, 421, 420, 422, 423, 421, 424, 423, 422, 424, 425, 423, 426, 427, 425, 426, 425, 424, 428, 412, 429, 428, 429, 430, 428, 416, 412, 431, 418, 416, 431, 416, 428, 432, 433, 427, 432, 427, 426, 434, 418, 431, 434, 420, 418, 435, 436, 433, 435, 433, 432, 437, 422, 420, 437, 420, 434, 438, 439, 436, 438, 436, 435, 440, 424, 422, 440, 422, 437, 441, 439, 438, 441, 442, 439, 443, 424, 440, 443, 426, 424, 444, 428, 430, 445, 442, 441, 445, 446, 442, 447, 431, 428, 447, 428, 444, 448, 432, 426, 448, 426, 443, 449, 446, 445, 449, 450, 446, 451, 431, 447, 451, 434, 431, 452, 435, 432, 452, 432, 448, 453, 434, 451, 453, 437, 434, 454, 455, 450, 454, 450, 449, 456, 435, 452, 456, 438, 435, 457, 440, 437, 457, 437, 453, 458, 455, 454, 458, 459, 455, 460, 441, 438, 460, 438, 456, 460, 445, 441, 461, 440, 457, 461, 443, 440, 462, 430, 463, 462, 444, 430, 464, 459, 458, 464, 465, 466, 464, 466, 459, 467, 445, 460, 468, 447, 444, 468, 444, 462, 469, 452, 448, 469, 443, 461, 469, 448, 443, 470, 465, 464, 470, 471, 465, 472, 445, 467, 472, 449, 445, 473, 453, 451, 473, 447, 468, 473, 451, 447, 474, 452, 469, 475, 471, 470, 475, 476, 471, 477, 453, 473, 478, 449, 472, 478, 454, 449, 479, 452, 474, 479, 456, 452, 480, 481, 476, 480, 476, 475, 482, 453, 477, 482, 457, 453, 483, 454, 478, 483, 458, 454, 484, 460, 456, 484, 456, 479, 485, 486, 481, 485, 481, 480, 487, 461, 457, 487, 469, 461, 487, 457, 482, 488, 462, 463, 488, 463, 489, 490, 464, 458, 490, 458, 483, 491, 460, 484, 491, 467, 460, 491, 472, 467, 492, 493, 486, 492, 486, 485, 494, 468, 462, 494, 462, 488, 495, 474, 469, 495, 469, 487, 496, 475, 470, 496, 470, 464, 496, 464, 490, 497, 472, 491, 498, 493, 492, 498, 499, 493, 500, 473, 468, 500, 468, 494, 501, 474, 495, 502, 475, 496, 503, 473, 500, 503, 477, 473, 504, 472, 497, 504, 483, 478, 504, 478, 472, 505, 499, 498, 505, 506, 499, 507, 474, 501, 507, 479, 474, 508, 475, 502, 508, 480, 475, 509, 477, 503, 509, 482, 477, 510, 483, 504, 511, 506, 505, 511, 512, 506, 513, 479, 507, 513, 484, 479, 514, 492, 485, 514, 480, 508, 514, 485, 480, 515, 482, 509, 515, 487, 482, 516, 489, 517, 516, 488, 489, 516, 494, 488, 518, 490, 483, 518, 483, 510, 519, 520, 512, 519, 512, 511, 521, 484, 513, 521, 491, 484, 522, 492, 514, 523, 494, 516, 523, 500, 494, 524, 495, 487, 524, 501, 495, 524, 487, 515, 525, 490, 518, 525, 496, 490, 526, 527, 520, 526, 520, 519, 528, 497, 491, 528, 491, 521, 529, 498, 492, 529, 492, 522, 530, 500, 523, 531, 501, 524, 532, 502, 496, 532, 496, 525, 533, 534, 527, 533, 527, 526, 535, 500, 530, 535, 503, 500, 536, 497, 528, 536, 504, 497, 537, 505, 498, 537, 498, 529, 538, 507, 501, 538, 501, 531, 539, 508, 502, 539, 502, 532, 540, 534, 533, 540, 541, 534, 542, 509, 503, 542, 503, 535, 543, 504, 536, 543, 510, 504, 544, 511, 505, 544, 505, 537, 545, 507, 538, 545, 513, 507, 546, 522, 514, 546, 508, 539, 546, 514, 508, 547, 541, 540, 547, 548, 549, 547, 550, 548, 547, 549, 541, 551, 509, 542, 551, 524, 515, 551, 515, 509, 552, 517, 553, 552, 516, 517, 554, 518, 510, 554, 510, 543, 554, 525, 518, 555, 511, 544, 555, 519, 511, 556, 513, 545, 556, 521, 513, 557, 522, 546, 558, 516, 552, 558, 523, 516, 559, 524, 551, 560, 525, 554, 561, 526, 519, 561, 519, 555, 562, 521, 556, 562, 528, 521, 563, 522, 557, 563, 529, 522, 564, 530, 523, 564, 523, 558, 565, 524, 559, 565, 531, 524, 566, 532, 525, 566, 525, 560, 567, 533, 526, 567, 526, 561, 567, 540, 533, 568, 535, 530, 568, 530, 564, 569, 536, 528, 569, 528, 562, 570, 537, 529, 570, 529, 563, 571, 538, 531, 571, 531, 565, 572, 546, 539, 572, 539, 532, 572, 532, 566, 573, 540, 567, 574, 542, 535, 574, 535, 568, 575, 543, 536, 575, 536, 569, 576, 544, 537, 576, 537, 570, 577, 545, 538, 577, 538, 571, 578, 546, 572, 579, 540, 573, 579, 547, 540, 579, 550, 547, 580, 551, 542, 580, 542, 574, 581, 553, 582, 581, 552, 553, 581, 558, 552, 583, 554, 543, 583, 543, 575, 584, 544, 576, 584, 555, 544, 584, 561, 555, 585, 556, 545, 585, 545, 577, 586, 546, 578, 586, 557, 546, 586, 563, 557, 587, 558, 581, 587, 564, 558, 588, 551, 580, 588, 559, 551, 588, 565, 559, 589, 560, 554, 589, 554, 583, 590, 561, 584, 590, 567, 561, 591, 556, 585, 591, 562, 556, 592, 563, 586, 593, 564, 587, 594, 565, 588, 595, 560, 589, 595, 566, 560, 596, 573, 567, 596, 567, 590, 597, 574, 568, 597, 564, 593, 597, 568, 564, 598, 569, 562, 598, 562, 591, 599, 576, 570, 599, 563, 592, 599, 570, 563, 600, 571, 565, 600, 565, 594, 601, 572, 566, 601, 566, 595, 602, 573, 596, 603, 574, 597, 604, 575, 569, 604, 569, 598, 605, 584, 576, 605, 576, 599, 606, 577, 571, 606, 571, 600, 607, 572, 601, 607, 578, 572, 607, 586, 578, 608, 579, 573, 608, 573, 602, 608, 550, 579, 608, 609, 550, 610, 574, 603, 610, 580, 574, 611, 582, 415, 611, 157, 156, 611, 415, 157, 611, 581, 582, 611, 587, 581, 612, 583, 575, 612, 575, 604, 613, 584, 605, 614, 585, 577, 614, 577, 606, 615, 586, 607, 615, 592, 586, 616, 587, 611, 616, 156, 154, 616, 611, 156, 617, 580, 610, 617, 588, 580, 618, 583, 612, 618, 589, 583, 618, 595, 589, 619, 584, 613, 619, 590, 584, 619, 596, 590, 620, 585, 614, 620, 591, 585, 621, 592, 615, 622, 616, 154, 622, 154, 150, 622, 587, 616, 622, 593, 587, 623, 594, 588, 623, 588, 617, 624, 595, 618, 625, 596, 619, 626, 593, 622, 626, 597, 593, 626, 622, 150, 627, 591, 620, 627, 598, 591, 627, 604, 598, 628, 592, 621, 628, 599, 592, 629, 606, 600, 629, 594, 623, 629, 600, 594, 630, 595, 624, 630, 601, 595, 631, 602, 596, 631, 596, 625, 632, 150, 147, 632, 597, 626, 632, 603, 597, 632, 626, 150, 632, 610, 603, 633, 604, 627, 634, 605, 599, 634, 599, 628, 635, 606, 629, 636, 601, 630, 636, 607, 601, 637, 609, 608, 637, 638, 609, 637, 608, 602, 637, 602, 631, 639, 632, 147, 639, 147, 144, 639, 610, 632, 640, 612, 604, 640, 604, 633, 641, 613, 605, 641, 605, 634, 642, 620, 614, 642, 614, 606, 642, 606, 635, 643, 607, 636, 643, 615, 607, 644, 144, 140, 644, 617, 610, 644, 639, 144, 644, 610, 639, 645, 618, 612, 645, 612, 640, 645, 624, 618, 646, 619, 613, 646, 613, 641, 646, 625, 619, 647, 620, 642, 648, 621, 615, 648, 615, 643, 649, 617, 644, 649, 140, 136, 649, 644, 140, 649, 623, 617, 650, 624, 645, 651, 625, 646, 652, 620, 647, 652, 627, 620, 652, 633, 627, 653, 628, 621, 653, 621, 648, 654, 629, 623, 654, 649, 136, 654, 136, 133, 654, 623, 649, 655, 630, 624, 655, 624, 650, 656, 625, 651, 656, 631, 625, 656, 637, 631, 657, 633, 652, 658, 628, 653, 658, 634, 628, 659, 629, 654, 659, 133, 128, 659, 654, 133, 659, 635, 629, 660, 630, 655, 660, 636, 630, 661, 638, 637, 661, 662, 638, 661, 663, 662, 661, 637, 656, 664, 640, 633, 664, 633, 657, 664, 645, 640, 665, 646, 641, 665, 634, 658, 665, 641, 634, 666, 642, 635, 666, 647, 642, 666, 635, 659, 666, 128, 124, 666, 659, 128, 667, 636, 660, 667, 643, 636, 668, 645, 664, 669, 651, 646, 669, 646, 665, 670, 647, 666, 670, 124, 119, 670, 666, 124, 671, 653, 648, 671, 648, 643, 671, 643, 667, 672, 650, 645, 672, 645, 668, 673, 651, 669, 674, 652, 647, 674, 119, 115, 674, 670, 119, 674, 647, 670, 675, 653, 671, 676, 650, 672, 676, 655, 650, 677, 656, 651, 677, 651, 673, 678, 115, 109, 678, 674, 115, 678, 657, 652, 678, 652, 674, 679, 658, 653, 679, 653, 675, 680, 660, 655, 680, 655, 676, 681, 682, 663, 681, 661, 656, 681, 663, 661, 681, 656, 677, 683, 88, 87, 683, 109, 88, 683, 678, 109, 683, 657, 678, 683, 664, 657, 683, 668, 664, 684, 665, 658, 684, 658, 679, 684, 669, 665, 685, 660, 680, 685, 667, 660, 685, 671, 667, 686, 668, 683, 686, 87, 86, 686, 683, 87, 686, 672, 668, 687, 669, 684, 688, 671, 685, 689, 686, 86, 689, 86, 84, 689, 672, 686, 689, 676, 672, 690, 669, 687, 690, 673, 669, 691, 679, 675, 691, 671, 688, 691, 675, 671, 692, 689, 84, 692, 84, 82, 692, 676, 689, 693, 677, 673, 693, 673, 690, 694, 684, 679, 694, 679, 691, 695, 692, 82, 695, 82, 80, 695, 676, 692, 695, 685, 680, 695, 680, 676, 696, 682, 681, 696, 681, 677, 696, 677, 693, 696, 409, 682, 697, 684, 694, 697, 687, 684, 698, 685, 695, 698, 80, 78, 698, 695, 80, 699, 687, 697, 700, 685, 698, 700, 78, 76, 700, 688, 685, 700, 698, 78, 701, 690, 687, 701, 687, 699, 702, 691, 688, 702, 76, 74, 702, 700, 76, 702, 688, 700, 703, 693, 690, 703, 690, 701, 704, 74, 75, 704, 694, 691, 704, 691, 702, 704, 702, 74, 410, 693, 703, 410, 696, 693, 410, 409, 696, 705, 75, 77, 705, 697, 694, 705, 694, 704, 705, 704, 75, 706, 77, 79, 706, 699, 697, 706, 697, 705, 706, 705, 77, 707, 79, 81, 707, 701, 699, 707, 703, 701, 707, 699, 706, 707, 706, 79, 411, 81, 83, 411, 703, 707, 411, 410, 703, 411, 707, 81, 407, 83, 85, 708, 414, 709, 708, 412, 414, 710, 429, 412, 710, 412, 708, 711, 430, 429, 711, 429, 710, 712, 463, 430, 712, 430, 711, 713, 489, 463, 713, 463, 712, 714, 517, 489, 714, 489, 713, 715, 553, 517, 715, 517, 714, 716, 582, 553, 716, 553, 715, 717, 415, 582, 717, 582, 716, 153, 158, 415, 153, 415, 717, 708, 709, 718, 708, 718, 719, 720, 721, 722, 106, 105, 723, 724, 708, 719, 725, 719, 726, 725, 724, 719, 727, 726, 728, 727, 725, 726, 729, 728, 730, 729, 730, 731, 729, 727, 728, 732, 729, 731, 733, 731, 734, 733, 732, 731, 735, 710, 708, 735, 708, 724, 736, 734, 737, 736, 733, 734, 738, 736, 737, 738, 737, 739, 740, 724, 725, 740, 735, 724, 741, 739, 742, 741, 738, 739, 743, 725, 727, 743, 740, 725, 744, 741, 742, 745, 727, 729, 745, 743, 727, 746, 742, 747, 746, 744, 742, 748, 747, 749, 748, 746, 747, 750, 729, 732, 750, 745, 729, 751, 749, 752, 751, 748, 749, 753, 732, 733, 753, 750, 732, 754, 751, 752, 755, 735, 740, 755, 711, 710, 755, 710, 735, 756, 733, 736, 756, 736, 738, 756, 753, 733, 757, 752, 758, 757, 754, 752, 759, 756, 738, 760, 755, 740, 761, 758, 762, 761, 757, 758, 763, 738, 741, 763, 759, 738, 763, 741, 744, 764, 760, 740, 764, 740, 743, 765, 761, 762, 765, 762, 766, 767, 744, 746, 767, 763, 744, 768, 765, 766, 769, 764, 743, 769, 743, 745, 770, 767, 746, 771, 766, 772, 771, 768, 766, 773, 770, 746, 773, 746, 748, 774, 769, 745, 774, 745, 750, 775, 772, 776, 775, 771, 772, 777, 773, 748, 777, 748, 751, 778, 774, 750, 778, 750, 753, 779, 776, 780, 779, 775, 776, 781, 751, 754, 781, 777, 751, 782, 712, 711, 782, 711, 755, 783, 778, 753, 783, 756, 759, 783, 753, 756, 784, 779, 780, 785, 781, 754, 785, 754, 757, 786, 783, 759, 787, 780, 788, 787, 784, 780, 789, 755, 760, 789, 782, 755, 790, 785, 757, 790, 757, 761, 791, 786, 759, 791, 759, 763, 792, 787, 788, 792, 788, 793, 794, 789, 760, 794, 760, 764, 795, 790, 761, 795, 761, 765, 796, 763, 767, 796, 791, 763, 797, 793, 798, 797, 792, 793, 799, 765, 768, 799, 795, 765, 800, 764, 769, 800, 794, 764, 801, 767, 770, 801, 796, 767, 802, 797, 798, 803, 768, 771, 803, 771, 775, 803, 799, 768, 804, 801, 770, 804, 770, 773, 805, 802, 798, 805, 798, 806, 807, 769, 774, 807, 800, 769, 808, 803, 775, 809, 773, 777, 809, 777, 781, 809, 804, 773, 810, 721, 720, 810, 806, 721, 810, 805, 806, 811, 807, 774, 811, 774, 778, 812, 808, 775, 812, 775, 779, 812, 779, 784, 813, 809, 781, 814, 713, 712, 814, 712, 782, 815, 811, 778, 815, 778, 783, 815, 783, 786, 816, 812, 784, 816, 784, 787, 817, 813, 781, 817, 781, 785, 818, 815, 786, 819, 816, 787, 819, 787, 792, 820, 782, 789, 820, 814, 782, 820, 789, 794, 821, 817, 785, 821, 785, 790, 822, 818, 786, 822, 786, 791, 823, 819, 792, 824, 820, 794, 825, 795, 799, 825, 821, 790, 825, 790, 795, 826, 822, 791, 826, 791, 796, 827, 792, 797, 827, 797, 802, 827, 823, 792, 828, 825, 799, 828, 799, 803, 829, 794, 800, 829, 824, 794, 830, 826, 796, 830, 796, 801, 831, 827, 802, 832, 828, 803, 833, 801, 804, 833, 804, 809, 833, 830, 801, 834, 802, 805, 834, 831, 802, 835, 829, 800, 835, 807, 811, 835, 800, 807, 836, 803, 808, 836, 832, 803, 837, 833, 809, 838, 810, 720, 838, 834, 805, 838, 805, 810, 838, 720, 839, 840, 835, 811, 841, 808, 812, 841, 836, 808, 842, 837, 809, 842, 809, 813, 843, 713, 814, 843, 714, 713, 843, 715, 714, 844, 840, 811, 844, 811, 815, 845, 812, 816, 845, 841, 812, 846, 842, 813, 846, 813, 817, 847, 844, 815, 847, 815, 818, 848, 845, 816, 848, 816, 819, 849, 843, 814, 849, 814, 820, 850, 817, 821, 850, 846, 817, 851, 818, 822, 851, 847, 818, 852, 848, 819, 852, 819, 823, 853, 849, 820, 853, 820, 824, 854, 821, 825, 854, 850, 821, 855, 826, 830, 855, 822, 826, 855, 851, 822, 856, 852, 823, 856, 823, 827, 857, 854, 825, 857, 825, 828, 858, 853, 824, 858, 824, 829, 858, 829, 835, 859, 830, 833, 859, 855, 830, 860, 856, 827, 860, 827, 831, 861, 857, 828, 861, 828, 832, 862, 833, 837, 862, 859, 833, 863, 831, 834, 863, 834, 838, 863, 860, 831, 864, 858, 835, 865, 832, 836, 865, 861, 832, 866, 862, 837, 867, 838, 839, 867, 839, 868, 867, 868, 869, 867, 863, 838, 870, 864, 835, 870, 835, 840, 871, 836, 841, 871, 841, 845, 871, 865, 836, 872, 837, 842, 872, 866, 837, 873, 715, 843, 874, 870, 840, 874, 840, 844, 875, 871, 845, 875, 845, 848, 876, 842, 846, 876, 872, 842, 877, 874, 844, 877, 844, 847, 877, 847, 851, 878, 875, 848, 879, 873, 843, 879, 843, 849, 880, 846, 850, 880, 876, 846, 881, 877, 851, 882, 878, 848, 882, 848, 852, 883, 849, 853, 883, 879, 849, 884, 880, 850, 884, 850, 854, 885, 881, 851, 885, 851, 855, 886, 882, 852, 886, 852, 856, 887, 854, 857, 887, 884, 854, 887, 857, 861, 888, 883, 853, 888, 853, 858, 888, 858, 864, 889, 855, 859, 889, 885, 855, 890, 886, 856, 890, 856, 860, 891, 887, 861, 892, 889, 859, 892, 859, 862, 893, 863, 867, 893, 890, 860, 893, 860, 863, 894, 888, 864, 894, 864, 870, 895, 861, 865, 895, 891, 861, 896, 862, 866, 896, 892, 862, 897, 867, 869, 897, 893, 867, 898, 894, 870, 899, 865, 871, 899, 895, 865, 899, 871, 875, 900, 872, 876, 900, 866, 872, 900, 896, 866, 901, 716, 715, 901, 715, 873, 902, 874, 877, 902, 898, 870, 902, 870, 874, 903, 875, 878, 903, 899, 875, 904, 900, 876, 905, 902, 877, 906, 903, 878, 907, 873, 879, 907, 879, 883, 907, 901, 873, 908, 904, 876, 908, 876, 880, 909, 877, 881, 909, 905, 877, 910, 906, 878, 910, 878, 882, 910, 882, 886, 911, 907, 883, 912, 908, 880, 912, 880, 884, 913, 909, 881, 913, 881, 885, 914, 910, 886, 915, 884, 887, 915, 912, 884, 916, 911, 883, 916, 883, 888, 917, 913, 885, 917, 885, 889, 918, 914, 886, 918, 886, 890, 919, 887, 891, 919, 915, 887, 920, 917, 889, 920, 889, 892, 920, 892, 896, 921, 918, 890, 921, 890, 893, 922, 888, 894, 922, 916, 888, 923, 895, 899, 923, 919, 891, 923, 891, 895, 924, 920, 896, 925, 897, 869, 925, 921, 893, 925, 869, 926, 925, 893, 897, 927, 922, 894, 927, 894, 898, 928, 923, 899, 929, 896, 900, 929, 924, 896, 929, 900, 904, 930, 716, 901, 930, 717, 716, 930, 153, 717, 930, 151, 153, 931, 898, 902, 931, 927, 898, 932, 899, 903, 932, 928, 899, 932, 903, 906, 933, 929, 904, 934, 931, 902, 934, 902, 905, 935, 932, 906, 936, 901, 907, 936, 930, 901, 936, 148, 151, 936, 151, 930, 937, 904, 908, 937, 933, 904, 938, 934, 905, 938, 905, 909, 939, 906, 910, 939, 935, 906, 940, 936, 907, 940, 907, 911, 940, 145, 148, 940, 148, 936, 941, 937, 908, 941, 908, 912, 942, 909, 913, 942, 913, 917, 942, 938, 909, 943, 910, 914, 943, 914, 918, 943, 939, 910, 944, 941, 912, 944, 912, 915, 945, 145, 940, 945, 142, 145, 945, 940, 911, 945, 911, 916, 946, 942, 917, 947, 943, 918, 948, 944, 915, 948, 915, 919, 949, 946, 917, 949, 917, 920, 950, 947, 918, 950, 918, 921, 950, 921, 925, 951, 142, 945, 951, 945, 916, 951, 139, 142, 951, 922, 927, 951, 916, 922, 952, 948, 919, 952, 919, 923, 953, 949, 920, 953, 920, 924, 954, 950, 925, 954, 926, 955, 954, 925, 926, 956, 137, 139, 956, 951, 927, 956, 139, 951, 957, 923, 928, 957, 952, 923, 958, 953, 924, 958, 924, 929, 959, 135, 137, 959, 956, 927, 959, 927, 931, 959, 137, 956, 960, 928, 932, 960, 957, 928, 960, 932, 935, 961, 958, 929, 961, 929, 933, 962, 934, 938, 962, 931, 934, 962, 132, 135, 962, 959, 931, 962, 135, 959, 963, 935, 939, 963, 960, 935, 964, 933, 937, 964, 961, 933, 965, 938, 942, 965, 962, 938, 965, 132, 962, 965, 130, 132, 966, 963, 939, 967, 964, 937, 967, 937, 941, 967, 941, 944, 968, 127, 130, 968, 965, 942, 968, 130, 965, 969, 939, 943, 969, 966, 939, 970, 944, 948, 970, 967, 944, 971, 127, 968, 971, 942, 946, 971, 126, 127, 971, 968, 942, 972, 943, 947, 972, 969, 943, 973, 970, 948, 974, 946, 949, 974, 971, 946, 974, 123, 126, 974, 126, 971, 975, 972, 947, 975, 947, 950, 976, 948, 952, 976, 973, 948, 977, 949, 953, 977, 121, 123, 977, 123, 974, 977, 974, 949, 978, 975, 950, 978, 950, 954, 978, 954, 955, 978, 955, 979, 978, 979, 980, 981, 952, 957, 981, 976, 952, 982, 977, 953, 982, 121, 977, 982, 953, 958, 982, 118, 121, 982, 117, 118, 983, 957, 960, 983, 981, 957, 984, 958, 961, 984, 982, 958, 984, 114, 117, 984, 117, 982, 985, 983, 960, 985, 960, 963, 986, 984, 961, 986, 114, 984, 986, 112, 114, 986, 961, 964, 987, 985, 963, 987, 963, 966, 987, 966, 969, 988, 112, 986, 988, 986, 964, 988, 110, 112, 988, 964, 967, 989, 987, 969, 990, 988, 967, 990, 108, 110, 990, 967, 970, 990, 110, 988, 990, 970, 973, 991, 969, 972, 991, 989, 969, 992, 108, 990, 992, 990, 973, 992, 103, 108, 993, 972, 975, 993, 991, 972, 994, 98, 103, 994, 973, 976, 994, 103, 992, 994, 992, 973, 995, 975, 978, 995, 993, 975, 995, 978, 980, 996, 976, 981, 996, 994, 976, 996, 96, 98, 996, 98, 994, 997, 981, 983, 997, 983, 985, 997, 996, 981, 997, 93, 96, 997, 96, 996, 998, 90, 93, 998, 93, 997, 998, 997, 985, 999, 998, 985, 999, 985, 987, 999, 91, 90, 999, 90, 998, 1000, 987, 989, 1000, 999, 987, 1000, 989, 991, 1000, 95, 91, 1000, 91, 999, 1001, 100, 95, 1001, 1000, 991, 1001, 95, 1000, 1002, 991, 993, 1002, 101, 100, 1002, 100, 1001, 1002, 993, 995, 1002, 1001, 991, 1003, 723, 105, 1003, 105, 101, 1003, 995, 980, 1003, 980, 723, 1003, 101, 1002, 1003, 1002, 995, 549, 720, 1004, 548, 839, 720, 548, 720, 549, 550, 868, 839, 550, 839, 548, 609, 869, 868, 609, 868, 550, 638, 926, 869, 638, 869, 609, 662, 955, 926, 662, 926, 638, 663, 979, 955, 663, 955, 662, 682, 980, 979, 682, 979, 663, 409, 723, 980, 409, 980, 682, 408, 106, 723, 408, 723, 409, 85, 106, 408, 722, 1004, 720, 1005, 164, 162, 1005, 162, 190, 1006, 1005, 190, 1007, 168, 167, 1007, 167, 1006, 1008, 172, 171, 1008, 171, 1009, 1010, 176, 175, 1010, 175, 1011, 1012, 180, 179, 1012, 179, 1013, 1014, 181, 183, 186, 1014, 1012, 186, 181, 1014, 190, 186, 1013, 1013, 186, 1012, 190, 1013, 1010, 190, 1010, 1011, 190, 1011, 1008, 190, 1008, 1009, 190, 1009, 1007, 190, 1007, 1006, 183, 182, 1015, 1016, 183, 1015, 1017, 1014, 183, 1017, 183, 1016, 1015, 177, 1018, 182, 177, 1015, 180, 1018, 177, 1019, 1018, 180, 1020, 180, 1012, 1020, 1019, 180, 179, 178, 1021, 1022, 179, 1021, 1023, 1013, 179, 1023, 179, 1022, 178, 1024, 1021, 178, 173, 1024, 176, 1024, 173, 1025, 1026, 1024, 1025, 1024, 176, 1027, 1028, 1025, 1027, 176, 1010, 1027, 1025, 176, 175, 174, 1029, 1030, 1029, 1031, 1030, 175, 1029, 1032, 1030, 1033, 1032, 1011, 175, 1032, 175, 1030, 1029, 169, 1034, 174, 169, 1029, 172, 1034, 169, 1035, 1036, 1034, 1035, 1034, 172, 1037, 1038, 1035, 1037, 172, 1008, 1037, 1035, 172, 171, 170, 1039, 1040, 1039, 1041, 1040, 171, 1039, 1042, 1040, 1043, 1042, 1009, 171, 1042, 171, 1040, 170, 1044, 1039, 170, 165, 1044, 168, 1044, 165, 1045, 1044, 168, 1046, 168, 1007, 1046, 1045, 168, 167, 166, 1047, 1048, 167, 1047, 1049, 1006, 167, 1049, 167, 1048, 166, 1050, 1047, 166, 163, 1050, 164, 1050, 163, 1051, 1050, 164, 1052, 164, 1005, 1052, 1051, 164, 186, 190, 191, 186, 191, 187, 1053, 189, 188, 1053, 1054, 189, 184, 1055, 1056, 185, 184, 1056, 185, 1053, 188, 185, 1056, 1053, 1048, 1051, 189, 191, 189, 1051, 1057, 1058, 189, 1059, 189, 1058, 1060, 1057, 189, 1061, 1048, 189, 1061, 189, 1059, 1062, 1060, 189, 1063, 1048, 1061, 1064, 1062, 189, 1065, 1048, 1063, 1066, 1064, 189, 1067, 1048, 1065, 1068, 1066, 189, 1069, 1048, 1067, 1070, 1068, 189, 1071, 1048, 1069, 1072, 1048, 1071, 1073, 1048, 1072, 1074, 1048, 1073, 1075, 1048, 1074, 1076, 1048, 1075, 1077, 1048, 1076, 1078, 1048, 1077, 1079, 1048, 1078, 1080, 1048, 1079, 1081, 1048, 1080, 1082, 1048, 1081, 1052, 191, 1051, 1083, 1048, 1082, 1084, 1048, 1083, 1085, 1048, 1084, 1086, 1048, 1085, 1087, 1048, 1086, 1054, 1088, 1070, 1054, 1089, 1088, 1054, 1090, 1089, 1054, 1091, 1090, 1054, 1092, 1091, 1054, 1093, 1092, 1054, 1094, 1093, 1054, 1095, 1094, 1054, 1096, 1095, 1054, 1097, 1096, 1054, 1098, 1097, 1054, 1099, 1098, 1054, 1100, 1099, 1054, 1101, 1100, 1054, 1070, 189, 1049, 191, 1052, 1049, 1048, 1087, 1045, 1102, 1103, 1045, 1104, 1102, 1045, 1105, 1104, 1045, 1106, 1105, 1045, 1107, 1106, 1045, 1108, 1107, 1045, 1109, 1108, 1045, 1110, 1109, 1045, 1111, 1110, 1045, 1112, 1111, 1045, 1113, 1112, 1045, 1114, 1113, 1045, 1115, 1114, 1045, 1116, 1115, 1045, 1117, 1116, 1045, 1087, 1117, 1045, 1118, 1101, 1045, 1119, 1118, 1045, 1103, 1119, 1045, 1101, 1054, 1120, 1045, 1054, 1046, 1087, 1045, 1046, 1049, 1087, 1037, 1043, 1038, 1037, 1042, 1043, 1022, 1121, 1055, 1122, 1123, 1055, 1124, 1055, 1123, 1125, 1122, 1055, 1126, 1055, 1124, 1127, 1125, 1055, 1128, 1055, 1126, 1129, 1127, 1055, 1130, 1055, 1128, 1131, 1129, 1055, 1132, 1022, 1055, 1132, 1055, 1130, 1133, 1131, 1055, 1134, 1022, 1132, 1135, 1133, 1055, 1136, 1022, 1134, 1137, 1135, 1055, 1138, 1022, 1136, 1139, 1137, 1055, 1140, 1022, 1138, 1141, 1022, 1140, 1142, 1022, 1141, 1143, 1022, 1142, 1144, 1022, 1143, 1145, 1022, 1144, 1146, 1022, 1145, 1147, 1022, 1146, 1148, 1022, 1147, 1149, 1022, 1148, 1150, 1022, 1149, 1151, 1022, 1150, 1152, 1022, 1151, 1153, 1022, 1152, 1154, 1022, 1153, 1027, 1033, 1028, 1027, 1032, 1033, 1023, 1022, 1154, 1023, 1154, 1155, 1019, 1156, 1157, 1019, 1155, 1156, 1019, 1158, 1159, 1019, 1160, 1158, 1019, 1161, 1160, 1019, 1162, 1161, 1019, 1163, 1162, 1019, 1164, 1163, 1019, 1165, 1164, 1019, 1166, 1165, 1019, 1167, 1166, 1019, 1168, 1167, 1019, 1169, 1168, 1019, 1170, 1169, 1019, 1171, 1170, 1019, 1172, 1171, 1019, 1173, 1172, 1019, 1174, 1173, 1019, 1175, 1174, 1019, 1157, 1175, 184, 1176, 1139, 184, 1177, 1176, 184, 1178, 1177, 184, 1019, 1159, 184, 1179, 1178, 184, 1180, 1179, 184, 1181, 1180, 184, 1182, 1181, 184, 1183, 1182, 184, 1184, 1183, 184, 1159, 1184, 184, 1139, 1055, 1016, 1019, 184, 1020, 1155, 1019, 1020, 1023, 1155, 187, 1020, 1017, 187, 1017, 1016, 187, 1016, 184, 191, 1023, 187, 1023, 1020, 187, 191, 1027, 1023, 191, 1032, 1027, 191, 1037, 1032, 191, 1042, 1037, 191, 1046, 1042, 191, 1049, 1046, 270, 1185, 1186, 270, 263, 1185, 254, 1187, 1185, 254, 1185, 263, 261, 1188, 1187, 261, 1187, 254, 1189, 202, 1190, 1191, 200, 202, 1191, 202, 1189, 1192, 200, 1191, 198, 200, 1192, 1193, 1192, 1194, 1193, 198, 1192, 1195, 196, 198, 1195, 198, 1193, 1196, 194, 196, 1196, 196, 1195, 1197, 194, 1196, 1198, 194, 1197, 1198, 192, 194, 1199, 192, 1198, 1200, 192, 1199, 1201, 193, 192, 1201, 192, 1200, 1202, 193, 1201, 1203, 195, 193, 1203, 193, 1202, 1204, 195, 1203, 1205, 197, 195, 1205, 195, 1204, 1206, 199, 197, 1206, 201, 199, 1207, 197, 1205, 1207, 1206, 197, 1208, 1206, 1207, 1209, 203, 201, 1209, 201, 1206, 1210, 204, 203, 1210, 203, 1209, 1211, 205, 204, 1211, 204, 1210, 1212, 206, 205, 1212, 205, 1211, 1213, 207, 206, 1213, 206, 1212, 1214, 217, 207, 1214, 207, 1213, 1215, 220, 217, 1215, 217, 1214, 223, 220, 1215, 1216, 1215, 1217, 1216, 223, 1215, 1218, 225, 223, 1218, 223, 1216, 1219, 225, 1218, 1220, 228, 225, 1220, 225, 1219, 1221, 228, 1220, 1222, 231, 228, 1222, 228, 1221, 1223, 231, 1222, 1224, 231, 1223, 1225, 234, 231, 1225, 231, 1224, 1226, 234, 1225, 1227, 237, 234, 1227, 234, 1226, 1228, 237, 1227, 1228, 246, 237, 1229, 250, 246, 1229, 255, 250, 1230, 1229, 246, 1230, 246, 1228, 1231, 1229, 1230, 1232, 255, 1229, 1232, 256, 255, 1233, 256, 1232, 1233, 261, 256, 1188, 261, 1233, 202, 1234, 1190, 202, 208, 1234, 1235, 270, 1186, 1235, 269, 270, 1236, 273, 269, 1236, 269, 1235, 1237, 276, 273, 1237, 273, 1236, 280, 276, 1237, 1238, 1237, 1239, 1238, 280, 1237, 1240, 284, 280, 1240, 280, 1238, 1241, 284, 1240, 1241, 288, 284, 1242, 288, 1241, 1243, 292, 288, 1243, 288, 1242, 1244, 292, 1243, 1245, 292, 1244, 1246, 292, 1245, 1246, 290, 292, 1247, 290, 1246, 1248, 286, 290, 1248, 290, 1247, 1249, 286, 1248, 1250, 282, 286, 1250, 286, 1249, 1251, 278, 282, 1251, 274, 278, 1252, 282, 1250, 1252, 1251, 282, 1253, 1251, 1252, 1254, 271, 274, 1254, 274, 1251, 1255, 268, 271, 1255, 271, 1254, 1256, 262, 268, 1256, 268, 1255, 1257, 260, 262, 1257, 262, 1256, 1258, 253, 260, 1258, 260, 1257, 1259, 252, 253, 1259, 253, 1258, 1260, 249, 252, 1260, 252, 1259, 245, 249, 1260, 1261, 1260, 1262, 1261, 245, 1260, 1263, 236, 245, 1263, 245, 1261, 1264, 236, 1263, 1265, 233, 236, 1265, 236, 1264, 1266, 233, 1265, 1267, 230, 233, 1267, 233, 1266, 1268, 230, 1267, 1269, 230, 1268, 1270, 226, 230, 1270, 230, 1269, 1271, 226, 1270, 1272, 226, 1271, 1272, 221, 226, 1273, 221, 1272, 1273, 218, 221, 1274, 214, 218, 1275, 1274, 218, 1275, 218, 1273, 1276, 214, 1274, 1276, 208, 214, 1277, 208, 1276, 1234, 208, 1277, 1278, 1274, 1275, 382, 1279, 1280, 381, 1280, 1281, 381, 382, 1280, 383, 1282, 1279, 383, 1279, 382, 380, 1281, 1283, 380, 381, 1281, 384, 1284, 1282, 384, 1282, 383, 379, 1283, 1285, 379, 380, 1283, 385, 1286, 1284, 385, 1284, 384, 378, 379, 1285, 386, 1287, 1286, 386, 1286, 385, 377, 1285, 1288, 377, 378, 1285, 387, 1289, 1287, 387, 1287, 386, 376, 1288, 1290, 376, 377, 1288, 388, 1291, 1289, 388, 1289, 387, 375, 1290, 1292, 375, 376, 1290, 389, 1291, 388, 389, 1293, 1291, 374, 1292, 1294, 374, 375, 1292, 390, 1295, 1293, 390, 1293, 389, 373, 374, 1294, 373, 1294, 1296, 391, 1297, 1295, 391, 1295, 390, 371, 373, 1296, 371, 1296, 1298, 392, 1297, 391, 392, 1299, 1297, 372, 371, 1298, 372, 1298, 1300, 393, 1299, 392, 370, 1300, 1301, 370, 372, 1300, 394, 1299, 393, 394, 1302, 1299, 369, 370, 1301, 369, 1301, 1303, 395, 1302, 394, 395, 1304, 1302, 368, 1303, 1305, 368, 369, 1303, 396, 1304, 395, 396, 1306, 1304, 367, 1305, 1307, 367, 368, 1305, 397, 1306, 396, 397, 1308, 1306, 366, 367, 1307, 1309, 366, 1307, 398, 1308, 397, 365, 366, 1309, 1310, 1308, 398, 399, 1310, 398, 1311, 364, 365, 1311, 365, 1309, 363, 364, 1311, 1312, 1310, 399, 1312, 399, 400, 1313, 362, 363, 1313, 363, 1311, 1314, 400, 401, 1314, 1312, 400, 1315, 361, 362, 1315, 362, 1313, 1316, 401, 402, 1316, 1314, 401, 1317, 360, 361, 1317, 361, 1315, 1318, 1316, 402, 1318, 402, 403, 1319, 360, 1317, 1319, 359, 360, 1320, 1318, 403, 1320, 403, 404, 1321, 359, 1319, 1321, 358, 359, 1322, 1320, 404, 1322, 404, 405, 1323, 357, 358, 1323, 358, 1321, 1324, 1322, 405, 1324, 405, 406, 1325, 356, 357, 1325, 357, 1323, 1326, 339, 340, 1326, 1324, 406, 1326, 406, 339, 1327, 355, 356, 1327, 356, 1325, 1328, 1326, 340, 1328, 340, 341, 1329, 354, 355, 1329, 355, 1327, 1330, 341, 342, 1330, 1328, 341, 1331, 354, 1329, 1331, 353, 354, 1332, 342, 343, 1332, 1330, 342, 1333, 352, 353, 1333, 353, 1331, 1334, 343, 344, 1334, 1332, 343, 1335, 351, 352, 1335, 352, 1333, 1336, 344, 346, 1336, 1334, 344, 1337, 350, 351, 1337, 351, 1335, 1338, 346, 345, 1338, 1336, 346, 1339, 349, 350, 1339, 348, 349, 1339, 350, 1337, 1340, 345, 347, 1340, 1338, 345, 1341, 348, 1339, 1341, 347, 348, 1341, 1340, 347, 506, 1342, 1343, 512, 1344, 1342, 512, 1342, 506, 499, 1343, 1345, 499, 506, 1343, 520, 1344, 512, 493, 1345, 1346, 493, 499, 1345, 527, 1347, 1344, 527, 1344, 520, 486, 1346, 1348, 486, 493, 1346, 534, 1349, 1347, 534, 1347, 527, 481, 1348, 1350, 481, 486, 1348, 541, 1349, 534, 541, 1351, 1349, 476, 481, 1350, 549, 1351, 541, 549, 1352, 1351, 1353, 476, 1350, 471, 476, 1353, 1354, 471, 1353, 465, 471, 1354, 1355, 465, 1354, 466, 465, 1355, 1356, 466, 1355, 1357, 1352, 549, 459, 466, 1356, 1358, 459, 1356, 455, 459, 1358, 1359, 455, 1358, 450, 455, 1359, 1360, 450, 1359, 446, 450, 1360, 1361, 446, 1360, 442, 446, 1361, 439, 1361, 1362, 439, 442, 1361, 436, 439, 1362, 1363, 436, 1362, 433, 436, 1363, 1364, 433, 1363, 427, 433, 1364, 1365, 427, 1364, 425, 427, 1365, 1366, 425, 1365, 423, 425, 1366, 1367, 423, 1366, 421, 423, 1367, 1368, 421, 1367, 419, 421, 1368, 417, 419, 1368, 1369, 417, 1368, 413, 417, 1369, 1370, 413, 1369, 1370, 414, 413, 1370, 1371, 414, 414, 1372, 709, 414, 1373, 1372, 414, 1371, 1373, 1004, 1374, 549, 1374, 1375, 549, 1375, 1357, 549, 1373, 1371, 1376, 1372, 1373, 1376, 718, 1376, 1377, 718, 1372, 1376, 709, 1372, 718, 719, 1377, 1378, 719, 718, 1377, 726, 1378, 1379, 726, 719, 1378, 728, 1379, 1380, 728, 726, 1379, 730, 1380, 1381, 730, 728, 1380, 731, 1381, 1382, 731, 730, 1381, 734, 1382, 1383, 734, 731, 1382, 737, 1383, 1384, 737, 734, 1383, 739, 1384, 1385, 739, 737, 1384, 742, 739, 1385, 742, 1385, 1386, 747, 742, 1386, 747, 1386, 1387, 749, 1387, 1388, 749, 747, 1387, 752, 749, 1388, 752, 1388, 1389, 758, 1389, 1390, 758, 752, 1389, 762, 1390, 1391, 762, 758, 1390, 766, 1391, 1392, 766, 762, 1391, 772, 1392, 1393, 772, 766, 1392, 776, 1393, 1394, 776, 772, 1393, 780, 1394, 1395, 780, 776, 1394, 788, 1395, 1396, 788, 780, 1395, 793, 1396, 1397, 793, 788, 1396, 798, 1397, 1398, 798, 793, 1397, 806, 1398, 1399, 806, 798, 1398, 721, 806, 1399, 722, 1399, 1400, 722, 721, 1399, 1374, 1004, 722, 1374, 722, 1400, 1375, 1374, 1400, 1357, 1375, 1400, 1006, 1052, 1005, 1006, 1049, 1052, 1009, 1046, 1007, 1009, 1042, 1046, 1011, 1037, 1008, 1011, 1032, 1037, 1013, 1027, 1010, 1013, 1023, 1027, 1014, 1020, 1012, 1014, 1017, 1020, 1015, 1018, 1019, 1015, 1019, 1016, 1022, 1401, 1121, 1024, 1026, 1401, 1021, 1401, 1022, 1021, 1024, 1401, 1041, 1402, 1053, 1036, 1041, 1053, 1035, 1040, 1041, 1035, 1041, 1036, 1031, 1036, 1053, 1056, 1031, 1053, 1026, 1031, 1056, 1025, 1030, 1031, 1025, 1031, 1026, 1401, 1026, 1056, 1025, 1033, 1030, 1025, 1028, 1033, 1029, 1034, 1036, 1029, 1036, 1031, 1035, 1043, 1040, 1035, 1038, 1043, 1402, 1044, 1045, 1402, 1045, 1120, 1039, 1402, 1041, 1039, 1044, 1402, 1047, 1050, 1051, 1047, 1051, 1048, 1121, 1401, 1056, 1121, 1056, 1055, 1120, 1053, 1402, 1120, 1054, 1053, 1119, 1103, 1403, 1119, 1403, 1404, 1118, 1119, 1404, 1118, 1404, 1405, 1101, 1118, 1405, 1101, 1405, 1406, 1100, 1101, 1406, 1100, 1406, 1407, 1099, 1100, 1407, 1099, 1407, 1408, 1098, 1099, 1408, 1098, 1408, 1409, 1097, 1098, 1409, 1097, 1409, 1410, 1096, 1097, 1410, 1096, 1410, 1411, 1095, 1096, 1411, 1095, 1411, 1412, 1094, 1412, 1413, 1094, 1095, 1412, 1093, 1413, 1414, 1093, 1094, 1413, 1092, 1414, 1415, 1092, 1093, 1414, 1091, 1415, 1416, 1091, 1092, 1415, 1090, 1416, 1417, 1090, 1091, 1416, 1089, 1417, 1418, 1089, 1418, 1419, 1089, 1090, 1417, 1088, 1089, 1419, 1070, 1088, 1419, 1070, 1419, 1420, 1068, 1070, 1420, 1068, 1420, 1421, 1066, 1068, 1421, 1066, 1421, 1422, 1064, 1066, 1422, 1064, 1422, 1423, 1064, 1423, 1424, 1062, 1064, 1424, 1060, 1062, 1424, 1060, 1424, 1425, 1057, 1060, 1425, 1057, 1425, 1426, 1057, 1426, 1427, 1058, 1057, 1427, 1058, 1427, 1428, 1059, 1058, 1428, 1061, 1059, 1428, 1061, 1428, 1429, 1061, 1429, 1430, 1063, 1061, 1430, 1065, 1063, 1430, 1065, 1430, 1431, 1067, 1065, 1431, 1067, 1431, 1432, 1067, 1432, 1433, 1069, 1067, 1433, 1071, 1069, 1433, 1071, 1433, 1434, 1072, 1071, 1434, 1072, 1434, 1435, 1073, 1072, 1435, 1073, 1435, 1436, 1074, 1073, 1436, 1074, 1436, 1437, 1074, 1437, 1438, 1075, 1074, 1438, 1075, 1438, 1439, 1076, 1075, 1439, 1077, 1439, 1440, 1077, 1076, 1439, 1078, 1440, 1441, 1078, 1441, 1442, 1078, 1077, 1440, 1079, 1442, 1443, 1079, 1078, 1442, 1080, 1079, 1443, 1081, 1443, 1444, 1081, 1080, 1443, 1082, 1444, 1445, 1082, 1081, 1444, 1083, 1082, 1445, 1083, 1445, 1446, 1083, 1446, 1447, 1084, 1083, 1447, 1085, 1447, 1448, 1085, 1448, 1449, 1085, 1084, 1447, 1086, 1085, 1449, 1087, 1449, 1450, 1087, 1450, 1451, 1087, 1086, 1449, 1117, 1087, 1451, 1116, 1451, 1452, 1116, 1452, 1453, 1116, 1117, 1451, 1115, 1116, 1453, 1114, 1453, 1454, 1114, 1115, 1453, 1113, 1454, 1455, 1113, 1114, 1454, 1112, 1455, 1456, 1112, 1113, 1455, 1111, 1456, 1457, 1111, 1112, 1456, 1110, 1457, 1458, 1110, 1111, 1457, 1109, 1458, 1459, 1109, 1110, 1458, 1108, 1459, 1460, 1108, 1109, 1459, 1107, 1460, 1461, 1107, 1108, 1460, 1106, 1461, 1462, 1106, 1462, 1463, 1106, 1107, 1461, 1105, 1106, 1463, 1104, 1463, 1464, 1104, 1105, 1463, 1102, 1464, 1465, 1102, 1104, 1464, 1103, 1465, 1403, 1103, 1102, 1465, 1162, 1163, 1466, 1162, 1466, 1467, 1161, 1162, 1467, 1161, 1467, 1468, 1160, 1161, 1468, 1160, 1468, 1469, 1158, 1160, 1469, 1158, 1469, 1470, 1159, 1158, 1470, 1159, 1470, 1471, 1184, 1159, 1471, 1184, 1471, 1472, 1183, 1184, 1472, 1183, 1472, 1473, 1182, 1183, 1473, 1182, 1473, 1474, 1181, 1182, 1474, 1181, 1474, 1475, 1180, 1475, 1476, 1180, 1181, 1475, 1179, 1476, 1477, 1179, 1180, 1476, 1178, 1477, 1478, 1178, 1179, 1477, 1177, 1478, 1479, 1177, 1178, 1478, 1176, 1479, 1480, 1176, 1177, 1479, 1139, 1480, 1481, 1139, 1481, 1482, 1139, 1176, 1480, 1137, 1139, 1482, 1135, 1137, 1482, 1135, 1482, 1483, 1133, 1135, 1483, 1133, 1483, 1484, 1131, 1133, 1484, 1131, 1484, 1485, 1129, 1131, 1485, 1129, 1485, 1486, 1129, 1486, 1487, 1127, 1129, 1487, 1125, 1127, 1487, 1125, 1487, 1488, 1122, 1125, 1488, 1122, 1488, 1489, 1122, 1489, 1490, 1123, 1122, 1490, 1123, 1490, 1491, 1124, 1123, 1491, 1126, 1124, 1491, 1126, 1491, 1492, 1126, 1492, 1493, 1128, 1126, 1493, 1130, 1128, 1493, 1130, 1493, 1494, 1132, 1130, 1494, 1132, 1494, 1495, 1132, 1495, 1496, 1134, 1132, 1496, 1136, 1134, 1496, 1136, 1496, 1497, 1138, 1136, 1497, 1138, 1497, 1498, 1140, 1138, 1498, 1140, 1498, 1499, 1141, 1140, 1499, 1141, 1499, 1500, 1141, 1500, 1501, 1142, 1141, 1501, 1142, 1501, 1502, 1143, 1142, 1502, 1144, 1502, 1503, 1144, 1143, 1502, 1145, 1503, 1504, 1145, 1504, 1505, 1145, 1144, 1503, 1146, 1505, 1506, 1146, 1145, 1505, 1147, 1146, 1506, 1148, 1506, 1507, 1148, 1147, 1506, 1149, 1507, 1508, 1149, 1148, 1507, 1150, 1149, 1508, 1150, 1508, 1509, 1150, 1509, 1510, 1151, 1150, 1510, 1152, 1510, 1511, 1152, 1511, 1512, 1152, 1151, 1510, 1153, 1152, 1512, 1154, 1512, 1513, 1154, 1513, 1514, 1154, 1153, 1512, 1155, 1154, 1514, 1156, 1514, 1515, 1156, 1515, 1516, 1156, 1155, 1514, 1157, 1156, 1516, 1175, 1516, 1517, 1175, 1157, 1516, 1174, 1517, 1518, 1174, 1175, 1517, 1173, 1518, 1519, 1173, 1174, 1518, 1172, 1519, 1520, 1172, 1173, 1519, 1171, 1520, 1521, 1171, 1172, 1520, 1170, 1521, 1522, 1170, 1171, 1521, 1169, 1522, 1523, 1169, 1170, 1522, 1168, 1523, 1524, 1168, 1169, 1523, 1167, 1524, 1525, 1167, 1525, 1526, 1167, 1168, 1524, 1166, 1167, 1526, 1165, 1526, 1527, 1165, 1166, 1526, 1164, 1527, 1528, 1164, 1165, 1527, 1163, 1528, 1466, 1163, 1164, 1528, 1232, 1529, 1530, 1232, 1229, 1529, 1187, 1531, 1532, 1187, 1533, 1531, 1187, 1530, 1533, 1187, 1233, 1232, 1187, 1232, 1530, 1188, 1233, 1187, 1185, 1534, 1535, 1185, 1532, 1534, 1185, 1187, 1532, 1235, 1186, 1185, 1236, 1535, 1536, 1236, 1185, 1535, 1236, 1235, 1185, 1237, 1236, 1536, 1537, 1192, 1191, 1537, 1191, 1189, 1538, 1189, 1190, 1538, 1537, 1189, 1539, 1538, 1190, 1540, 1539, 1190, 1541, 1540, 1190, 1234, 1541, 1190, 1542, 1541, 1234, 1543, 1234, 1277, 1543, 1542, 1234, 1544, 1277, 1276, 1544, 1276, 1274, 1544, 1543, 1277, 1194, 1537, 1545, 1192, 1537, 1194, 1546, 1205, 1204, 1546, 1204, 1203, 1547, 1197, 1196, 1547, 1196, 1195, 1548, 1546, 1547, 1549, 1548, 1547, 1550, 1546, 1548, 1551, 1549, 1547, 1552, 1205, 1546, 1552, 1546, 1550, 1553, 1547, 1195, 1553, 1551, 1547, 1554, 1207, 1205, 1554, 1205, 1552, 1555, 1195, 1193, 1555, 1553, 1195, 1556, 1208, 1207, 1556, 1207, 1554, 1545, 1193, 1194, 1545, 1555, 1193, 1198, 1197, 1557, 1557, 1200, 1199, 1557, 1199, 1198, 1558, 1203, 1202, 1200, 1558, 1201, 1201, 1558, 1202, 1208, 1556, 1559, 1206, 1208, 1559, 1560, 1206, 1559, 1560, 1209, 1206, 1561, 1211, 1210, 1561, 1210, 1209, 1561, 1209, 1560, 1562, 1212, 1211, 1562, 1211, 1561, 1563, 1213, 1212, 1563, 1212, 1562, 1564, 1214, 1213, 1564, 1213, 1563, 1565, 1214, 1564, 1566, 1215, 1214, 1566, 1214, 1565, 1215, 1566, 1567, 1215, 1567, 1217, 1567, 1216, 1217, 1568, 1218, 1216, 1568, 1216, 1567, 1569, 1218, 1568, 1570, 1569, 1571, 1570, 1220, 1219, 1570, 1219, 1218, 1570, 1218, 1569, 1572, 1570, 1571, 1573, 1570, 1572, 1574, 1570, 1573, 1575, 1574, 1573, 1576, 1574, 1575, 1227, 1226, 1574, 1228, 1576, 1577, 1228, 1574, 1576, 1228, 1227, 1574, 1230, 1577, 1578, 1230, 1228, 1577, 1231, 1230, 1578, 1221, 1220, 1579, 1579, 1223, 1222, 1579, 1222, 1221, 1580, 1226, 1225, 1223, 1580, 1224, 1224, 1580, 1225, 1229, 1578, 1529, 1229, 1231, 1578, 1237, 1536, 1581, 1237, 1581, 1239, 1582, 1583, 1584, 1582, 1584, 1585, 1582, 1585, 1586, 1587, 1588, 1589, 1587, 1589, 1583, 1587, 1583, 1582, 1238, 1581, 1590, 1238, 1239, 1581, 1252, 1591, 1253, 1252, 1592, 1591, 1240, 1590, 1588, 1240, 1588, 1587, 1240, 1238, 1590, 1250, 1586, 1592, 1250, 1592, 1252, 1250, 1582, 1586, 1241, 1240, 1587, 1249, 1582, 1250, 1242, 1241, 1587, 1248, 1582, 1249, 1243, 1242, 1593, 1593, 1245, 1244, 1593, 1244, 1243, 1594, 1248, 1247, 1245, 1594, 1246, 1246, 1594, 1247, 1253, 1591, 1595, 1251, 1253, 1595, 1259, 1596, 1597, 1259, 1597, 1260, 1258, 1598, 1596, 1258, 1596, 1259, 1257, 1599, 1598, 1257, 1598, 1258, 1256, 1600, 1599, 1256, 1599, 1257, 1255, 1601, 1600, 1255, 1600, 1256, 1254, 1602, 1601, 1254, 1601, 1255, 1251, 1595, 1602, 1251, 1602, 1254, 1262, 1597, 1603, 1260, 1597, 1262, 1604, 1278, 1275, 1605, 1275, 1273, 1605, 1604, 1275, 1606, 1605, 1273, 1607, 1273, 1272, 1607, 1608, 1606, 1607, 1606, 1273, 1271, 1607, 1272, 1609, 1608, 1607, 1610, 1611, 1609, 1610, 1609, 1607, 1612, 1611, 1610, 1613, 1612, 1610, 1264, 1610, 1265, 1263, 1614, 1613, 1263, 1610, 1264, 1263, 1613, 1610, 1261, 1603, 1614, 1261, 1614, 1263, 1262, 1603, 1261, 1266, 1265, 1615, 1615, 1268, 1267, 1615, 1267, 1266, 1616, 1271, 1270, 1268, 1616, 1269, 1269, 1616, 1270, 1278, 1604, 1544, 1274, 1278, 1544, 1326, 1617, 1618, 1328, 1617, 1326, 1328, 1619, 1617, 1330, 1619, 1328, 1330, 1620, 1619, 1332, 1620, 1330, 1332, 1581, 1620, 1334, 1581, 1332, 1334, 1590, 1581, 1336, 1590, 1334, 1336, 1588, 1590, 1338, 1588, 1336, 1338, 1589, 1588, 1340, 1589, 1338, 1340, 1583, 1589, 1341, 1583, 1340, 1341, 1584, 1583, 1339, 1584, 1341, 1339, 1585, 1584, 1337, 1586, 1585, 1337, 1585, 1339, 1335, 1592, 1586, 1335, 1586, 1337, 1591, 1602, 1595, 1333, 1591, 1592, 1333, 1592, 1335, 1331, 1602, 1591, 1331, 1591, 1333, 1329, 1602, 1331, 1329, 1601, 1602, 1327, 1601, 1329, 1327, 1600, 1601, 1325, 1600, 1327, 1325, 1599, 1600, 1323, 1599, 1325, 1323, 1598, 1599, 1321, 1598, 1323, 1321, 1596, 1598, 1603, 1596, 1321, 1603, 1597, 1596, 1319, 1603, 1321, 1317, 1603, 1319, 1317, 1614, 1603, 1315, 1613, 1614, 1315, 1614, 1317, 1313, 1612, 1613, 1313, 1613, 1315, 1311, 1611, 1612, 1311, 1612, 1313, 1309, 1609, 1611, 1309, 1611, 1311, 1307, 1608, 1609, 1307, 1609, 1309, 1305, 1606, 1608, 1305, 1608, 1307, 1604, 1543, 1544, 1303, 1605, 1606, 1303, 1606, 1305, 1301, 1604, 1605, 1301, 1605, 1303, 1300, 1543, 1604, 1300, 1604, 1301, 1298, 1542, 1543, 1298, 1543, 1300, 1296, 1541, 1542, 1296, 1542, 1298, 1294, 1540, 1541, 1294, 1541, 1296, 1292, 1539, 1540, 1292, 1540, 1294, 1545, 1537, 1538, 1290, 1538, 1539, 1290, 1539, 1292, 1290, 1545, 1538, 1288, 1555, 1545, 1288, 1545, 1290, 1285, 1555, 1288, 1285, 1553, 1555, 1283, 1553, 1285, 1283, 1551, 1553, 1281, 1551, 1283, 1281, 1549, 1551, 1280, 1549, 1281, 1280, 1548, 1549, 1279, 1548, 1280, 1279, 1550, 1548, 1282, 1550, 1279, 1282, 1552, 1550, 1284, 1554, 1552, 1284, 1552, 1282, 1556, 1560, 1559, 1286, 1556, 1554, 1286, 1554, 1284, 1287, 1556, 1286, 1289, 1561, 1560, 1289, 1560, 1556, 1289, 1556, 1287, 1291, 1562, 1561, 1291, 1561, 1289, 1293, 1563, 1562, 1293, 1562, 1291, 1295, 1564, 1563, 1295, 1563, 1293, 1297, 1565, 1564, 1297, 1564, 1295, 1567, 1566, 1565, 1299, 1565, 1297, 1299, 1567, 1565, 1302, 1568, 1567, 1302, 1567, 1299, 1304, 1569, 1568, 1304, 1568, 1302, 1306, 1569, 1304, 1306, 1571, 1569, 1308, 1572, 1571, 1308, 1571, 1306, 1310, 1573, 1572, 1310, 1572, 1308, 1312, 1575, 1573, 1312, 1573, 1310, 1314, 1576, 1575, 1314, 1575, 1312, 1316, 1577, 1576, 1316, 1576, 1314, 1578, 1530, 1529, 1318, 1578, 1577, 1318, 1577, 1316, 1320, 1578, 1318, 1322, 1530, 1578, 1322, 1578, 1320, 1322, 1533, 1530, 1618, 1532, 1531, 1618, 1531, 1533, 1324, 1618, 1533, 1324, 1533, 1322, 1617, 1534, 1532, 1617, 1532, 1618, 1326, 1618, 1324, 1619, 1535, 1534, 1619, 1534, 1617, 1620, 1536, 1535, 1620, 1535, 1619, 1581, 1536, 1620, 1376, 1370, 1621, 1376, 1371, 1370, 1400, 1352, 1357, 1622, 1400, 1376, 1622, 1376, 1621, 1622, 1352, 1400, 1370, 1623, 1621, 1369, 1623, 1370, 1369, 1624, 1623, 1368, 1624, 1369, 1368, 1625, 1624, 1367, 1625, 1368, 1367, 1626, 1625, 1366, 1626, 1367, 1366, 1627, 1626, 1365, 1627, 1366, 1365, 1628, 1627, 1364, 1628, 1365, 1364, 1629, 1628, 1630, 1631, 1629, 1632, 1631, 1630, 1633, 1631, 1632, 1363, 1629, 1364, 1363, 1630, 1629, 1634, 1633, 1632, 1635, 1630, 1363, 1636, 1633, 1634, 1362, 1635, 1363, 1637, 1636, 1634, 1638, 1635, 1362, 1639, 1636, 1637, 1361, 1638, 1362, 1640, 1639, 1637, 1641, 1638, 1361, 1642, 1639, 1640, 1643, 1639, 1642, 1360, 1641, 1361, 1644, 1641, 1360, 1645, 1643, 1642, 1646, 1643, 1645, 1647, 1643, 1646, 1359, 1648, 1644, 1359, 1644, 1360, 1649, 1647, 1646, 1650, 1648, 1359, 1651, 1647, 1649, 1652, 1647, 1651, 1358, 1650, 1359, 1653, 1650, 1358, 1654, 1652, 1651, 1655, 1653, 1358, 1656, 1652, 1654, 1657, 1652, 1656, 1356, 1655, 1358, 1658, 1655, 1356, 1659, 1657, 1656, 1660, 1658, 1356, 1661, 1657, 1659, 1662, 1657, 1661, 1355, 1660, 1356, 1663, 1660, 1355, 1664, 1662, 1661, 1665, 1663, 1355, 1666, 1662, 1664, 1667, 1666, 1664, 1354, 1665, 1355, 1668, 1665, 1354, 1669, 1666, 1667, 1670, 1668, 1354, 1671, 1666, 1669, 1672, 1671, 1669, 1353, 1670, 1354, 1673, 1670, 1353, 1674, 1671, 1672, 1675, 1671, 1674, 1675, 1674, 1676, 1350, 1673, 1353, 1350, 1677, 1673, 1678, 1675, 1676, 1679, 1677, 1350, 1680, 1675, 1678, 1348, 1679, 1350, 1348, 1681, 1679, 1682, 1681, 1348, 1346, 1682, 1348, 1346, 1683, 1682, 1346, 1684, 1683, 1345, 1685, 1680, 1345, 1680, 1678, 1345, 1684, 1346, 1345, 1678, 1684, 1343, 1686, 1685, 1343, 1685, 1345, 1342, 1687, 1686, 1342, 1686, 1343, 1344, 1687, 1342, 1347, 1688, 1687, 1347, 1687, 1344, 1349, 1689, 1690, 1349, 1690, 1688, 1349, 1688, 1347, 1351, 1622, 1689, 1351, 1689, 1349, 1352, 1622, 1351, 1397, 1396, 1395, 1400, 1399, 1398, 1400, 1398, 1397, 1400, 1395, 1394, 1400, 1397, 1395, 1390, 1393, 1392, 1390, 1392, 1391, 1389, 1394, 1393, 1389, 1393, 1390, 1389, 1400, 1394, 1387, 1389, 1388, 1386, 1389, 1387, 1384, 1386, 1385, 1382, 1384, 1383, 1379, 1382, 1381, 1379, 1381, 1380, 1379, 1400, 1389, 1379, 1384, 1382, 1379, 1386, 1384, 1379, 1389, 1386, 1377, 1379, 1378, 1376, 1379, 1377, 1376, 1400, 1379, 1447, 1446, 1445, 1437, 1439, 1438, 1437, 1440, 1439, 1437, 1441, 1440, 1437, 1442, 1441, 1450, 1448, 1447, 1450, 1449, 1448, 1434, 1436, 1435, 1434, 1437, 1436, 1453, 1452, 1451, 1454, 1453, 1451, 1429, 1431, 1430, 1457, 1455, 1454, 1457, 1456, 1455, 1458, 1457, 1454, 1459, 1454, 1451, 1459, 1458, 1454, 1459, 1451, 1450, 1425, 1427, 1426, 1425, 1428, 1427, 1425, 1429, 1428, 1461, 1460, 1459, 1423, 1425, 1424, 1463, 1459, 1450, 1463, 1461, 1459, 1463, 1443, 1442, 1463, 1444, 1443, 1463, 1445, 1444, 1463, 1462, 1461, 1463, 1447, 1445, 1463, 1450, 1447, 1420, 1422, 1421, 1420, 1423, 1422, 1465, 1464, 1463, 1417, 1419, 1418, 1417, 1420, 1419, 1417, 1423, 1420, 1406, 1404, 1403, 1406, 1405, 1404, 1406, 1463, 1442, 1406, 1465, 1463, 1406, 1403, 1465, 1406, 1442, 1437, 1408, 1407, 1406, 1408, 1431, 1429, 1408, 1432, 1431, 1408, 1433, 1432, 1408, 1434, 1433, 1408, 1406, 1437, 1408, 1437, 1434, 1413, 1415, 1414, 1413, 1416, 1415, 1411, 1409, 1408, 1411, 1410, 1409, 1411, 1413, 1412, 1411, 1417, 1416, 1411, 1416, 1413, 1411, 1429, 1425, 1411, 1425, 1423, 1411, 1423, 1417, 1411, 1408, 1429, 1510, 1509, 1508, 1500, 1502, 1501, 1500, 1503, 1502, 1500, 1504, 1503, 1500, 1505, 1504, 1513, 1511, 1510, 1513, 1512, 1511, 1497, 1499, 1498, 1497, 1500, 1499, 1516, 1515, 1514, 1517, 1516, 1514, 1492, 1494, 1493, 1520, 1518, 1517, 1520, 1519, 1518, 1521, 1520, 1517, 1522, 1517, 1514, 1522, 1521, 1517, 1522, 1514, 1513, 1488, 1490, 1489, 1488, 1491, 1490, 1488, 1492, 1491, 1524, 1523, 1522, 1486, 1488, 1487, 1526, 1522, 1513, 1526, 1524, 1522, 1526, 1506, 1505, 1526, 1507, 1506, 1526, 1508, 1507, 1526, 1525, 1524, 1526, 1510, 1508, 1526, 1513, 1510, 1483, 1485, 1484, 1483, 1486, 1485, 1528, 1527, 1526, 1480, 1482, 1481, 1480, 1483, 1482, 1480, 1486, 1483, 1469, 1467, 1466, 1469, 1468, 1467, 1469, 1526, 1505, 1469, 1528, 1526, 1469, 1466, 1528, 1469, 1505, 1500, 1471, 1470, 1469, 1471, 1494, 1492, 1471, 1495, 1494, 1471, 1496, 1495, 1471, 1497, 1496, 1471, 1469, 1500, 1471, 1500, 1497, 1476, 1478, 1477, 1476, 1479, 1478, 1474, 1472, 1471, 1474, 1473, 1472, 1474, 1476, 1475, 1474, 1480, 1479, 1474, 1479, 1476, 1474, 1492, 1488, 1474, 1488, 1486, 1474, 1486, 1480, 1474, 1471, 1492, 1203, 1691, 1692, 1203, 1692, 1546, 1558, 1691, 1203, 1547, 1692, 1693, 1547, 1546, 1692, 1197, 1693, 1694, 1197, 1547, 1693, 1557, 1197, 1694, 1200, 1694, 1691, 1200, 1691, 1558, 1557, 1694, 1200, 1226, 1695, 1696, 1226, 1696, 1574, 1580, 1695, 1226, 1574, 1696, 1697, 1570, 1574, 1697, 1220, 1697, 1698, 1220, 1570, 1697, 1579, 1220, 1698, 1223, 1698, 1695, 1223, 1695, 1580, 1579, 1698, 1223, 1248, 1699, 1700, 1248, 1700, 1582, 1594, 1699, 1248, 1582, 1700, 1701, 1587, 1582, 1701, 1242, 1701, 1702, 1242, 1587, 1701, 1593, 1242, 1702, 1245, 1702, 1699, 1245, 1699, 1594, 1593, 1702, 1245, 1271, 1703, 1704, 1271, 1704, 1607, 1616, 1703, 1271, 1610, 1704, 1705, 1610, 1607, 1704, 1265, 1705, 1706, 1265, 1610, 1705, 1615, 1265, 1706, 1268, 1706, 1703, 1268, 1703, 1616, 1615, 1706, 1268, 1686, 1707, 1708, 1685, 1708, 1709, 1685, 1686, 1708, 1687, 1710, 1707, 1687, 1707, 1686, 1680, 1685, 1709, 1680, 1709, 1711, 1688, 1712, 1710, 1688, 1710, 1687, 1675, 1680, 1711, 1675, 1711, 1713, 1690, 1714, 1712, 1690, 1712, 1688, 1671, 1675, 1713, 1689, 1715, 1714, 1689, 1714, 1690, 1666, 1713, 1716, 1666, 1671, 1713, 1622, 1717, 1718, 1622, 1718, 1715, 1622, 1715, 1689, 1662, 1666, 1716, 1662, 1716, 1719, 1720, 1717, 1622, 1657, 1719, 1721, 1657, 1662, 1719, 1652, 1721, 1722, 1652, 1657, 1721, 1723, 1720, 1622, 1647, 1652, 1722, 1647, 1722, 1724, 1647, 1724, 1725, 1643, 1725, 1726, 1643, 1647, 1725, 1639, 1643, 1726, 1639, 1726, 1727, 1636, 1727, 1728, 1636, 1639, 1727, 1633, 1636, 1728, 1631, 1728, 1729, 1631, 1633, 1728, 1629, 1729, 1730, 1629, 1631, 1729, 1628, 1730, 1731, 1628, 1629, 1730, 1627, 1628, 1731, 1732, 1627, 1731, 1626, 1627, 1732, 1733, 1734, 1723, 1733, 1723, 1622, 1733, 1622, 1735, 1736, 1625, 1626, 1736, 1626, 1732, 1737, 1624, 1625, 1737, 1625, 1736, 1738, 1623, 1624, 1738, 1624, 1737, 1739, 1621, 1623, 1739, 1623, 1738, 1740, 1741, 1621, 1742, 1621, 1739, 1743, 1621, 1742, 1744, 1621, 1743, 1745, 1740, 1621, 1745, 1621, 1744, 1746, 1740, 1745, 1621, 1735, 1622, 1621, 1741, 1735, 1635, 1747, 1748, 1630, 1635, 1748, 1678, 1676, 1749, 1674, 1749, 1676, 1672, 1749, 1674, 1669, 1749, 1672, 1667, 1749, 1669, 1664, 1749, 1667, 1661, 1749, 1664, 1659, 1749, 1661, 1656, 1749, 1659, 1654, 1749, 1656, 1651, 1748, 1749, 1651, 1749, 1654, 1649, 1748, 1651, 1646, 1748, 1649, 1645, 1748, 1646, 1642, 1748, 1645, 1640, 1748, 1642, 1637, 1748, 1640, 1634, 1748, 1637, 1630, 1748, 1632, 1632, 1748, 1634, 1684, 1749, 1750, 1678, 1749, 1684, 1684, 1750, 1683, 1682, 1683, 1750, 1681, 1682, 1750, 1679, 1681, 1750, 1677, 1679, 1750, 1673, 1677, 1750, 1670, 1673, 1750, 1668, 1670, 1750, 1665, 1668, 1750, 1663, 1665, 1750, 1660, 1750, 1747, 1660, 1663, 1750, 1658, 1660, 1747, 1655, 1658, 1747, 1653, 1655, 1747, 1650, 1653, 1747, 1648, 1650, 1747, 1644, 1648, 1747, 1641, 1644, 1747, 1638, 1641, 1747, 1635, 1638, 1747, 1692, 1694, 1693, 1691, 1694, 1692, 1696, 1698, 1697, 1695, 1698, 1696, 1700, 1702, 1701, 1699, 1702, 1700, 1703, 1705, 1704, 1703, 1706, 1705, 1717, 1751, 1718, 1752, 1751, 1717, 1739, 1753, 1742, 1739, 1754, 1753, 1738, 1755, 1754, 1738, 1754, 1739, 1737, 1756, 1755, 1737, 1755, 1738, 1736, 1757, 1756, 1736, 1756, 1737, 1732, 1758, 1757, 1732, 1757, 1736, 1731, 1759, 1758, 1731, 1758, 1732, 1730, 1760, 1759, 1730, 1759, 1731, 1729, 1761, 1760, 1729, 1760, 1730, 1728, 1762, 1761, 1728, 1761, 1729, 1727, 1762, 1728, 1727, 1763, 1762, 1726, 1763, 1727, 1726, 1764, 1763, 1725, 1764, 1726, 1725, 1765, 1764, 1724, 1766, 1765, 1724, 1765, 1725, 1722, 1767, 1766, 1722, 1766, 1724, 1722, 1768, 1767, 1721, 1768, 1722, 1719, 1769, 1768, 1719, 1768, 1721, 1716, 1770, 1769, 1716, 1769, 1719, 1713, 1771, 1770, 1713, 1770, 1716, 1711, 1772, 1771, 1711, 1771, 1713, 1709, 1773, 1772, 1709, 1772, 1711, 1708, 1774, 1773, 1708, 1773, 1709, 1707, 1775, 1774, 1707, 1774, 1708, 1710, 1776, 1775, 1710, 1777, 1776, 1710, 1775, 1707, 1712, 1777, 1710, 1714, 1778, 1777, 1714, 1777, 1712, 1715, 1779, 1778, 1715, 1778, 1714, 1718, 1751, 1779, 1718, 1779, 1715, 1743, 1742, 1753, 1780, 1743, 1753, 1746, 1781, 1782, 1745, 1783, 1781, 1745, 1781, 1746, 1744, 1780, 1783, 1744, 1783, 1745, 1743, 1780, 1744, 1784, 1746, 1782, 1784, 1740, 1746, 1784, 1785, 1741, 1784, 1741, 1740, 1735, 1741, 1785, 1786, 1735, 1785, 1787, 1735, 1786, 1787, 1733, 1735, 1788, 1733, 1787, 1788, 1734, 1733, 1717, 1789, 1752, 1720, 1790, 1789, 1720, 1789, 1717, 1723, 1788, 1790, 1723, 1790, 1720, 1734, 1788, 1723, 1791, 1747, 1792, 1793, 1747, 1750, 1793, 1792, 1747, 1748, 1747, 1791, 1749, 1793, 1750, 1794, 1749, 1748, 1794, 1793, 1749, 1794, 1748, 1791, 1786, 1789, 1790, 1786, 1752, 1789, 1786, 1767, 1768, 1786, 1768, 1769, 1786, 1769, 1770, 1786, 1770, 1771, 1786, 1771, 1772, 1786, 1772, 1773, 1786, 1773, 1774, 1786, 1774, 1775, 1786, 1775, 1776, 1786, 1776, 1777, 1786, 1777, 1778, 1786, 1778, 1779, 1786, 1779, 1751, 1786, 1751, 1752, 1787, 1790, 1788, 1787, 1786, 1790, 1785, 1757, 1758, 1785, 1758, 1759, 1785, 1759, 1760, 1785, 1760, 1761, 1785, 1761, 1762, 1785, 1762, 1763, 1785, 1763, 1764, 1785, 1764, 1765, 1785, 1765, 1766, 1785, 1766, 1767, 1785, 1767, 1786, 1756, 1757, 1785, 1755, 1756, 1785, 1754, 1755, 1785, 1753, 1754, 1785, 1780, 1753, 1785, 1783, 1780, 1785, 1781, 1785, 1784, 1781, 1783, 1785, 1782, 1781, 1784, 1792, 1795, 1796, 1792, 1793, 1795, 1794, 1797, 1795, 1794, 1795, 1793, 1791, 1796, 1798, 1791, 1792, 1796, 1791, 1798, 1797, 1791, 1797, 1794, 1795, 1798, 1796, 1797, 1798, 1795]
            normal3f[] normals = [(0.7166566, -0.65721774, -0.23338406), (0.56304854, -0.66649795, 0.48862755), (0.9371765, -0.2806898, 0.20715554), (0.69647443, -0.67299795, -0.24899213), (0.7165817, -0.6353262, -0.28787374), (0.6965348, -0.6455602, -0.31319523), (-0.7166668, -0.6572031, -0.23339392), (-0.9371765, -0.2806898, 0.20715554), (0.9378105, -0.27997404, 0.20524617), (0.7165407, -0.6088951, -0.3403177), (0.69656, -0.6120446, -0.37444037), (0.718105, -0.6526921, -0.2414917), (-0.71660876, -0.6352972, -0.28787044), (0.71653366, -0.5781153, -0.39033604), (0.69654953, -0.5727643, -0.43215722), (0.7180597, -0.6261764, -0.30379808), (-0.716577, -0.60886073, -0.34030277), (0.7165605, -0.5432097, -0.4375664), (0.6965039, -0.5280849, -0.4858073), (0.71804076, -0.5937061, -0.3632224), (-0.71657157, -0.5780839, -0.39031297), (0.5422995, -0.40206602, -0.7377358), (0.69639707, -0.4784143, -0.53493077), (0.71804875, -0.5555913, -0.41919488), (-0.7165923, -0.54318845, -0.4375406), (-0.5423213, -0.40207472, -0.73771507), (0.7180829, -0.5121979, -0.47117957), (0.71816313, -0.46391025, -0.5186801), (0.71821934, -0.41134742, -0.5612079), (0.6963221, -0.42430156, -0.57888144), (0.71821934, -0.35487673, -0.5985177), (0.6963221, -0.3660525, -0.61736625), (0.71821934, -0.29504836, -0.6301646), (0.69632214, -0.30434, -0.65000975), (0.71821934, -0.23242827, -0.6558491), (0.6963221, -0.23974791, -0.6765031), (0.71821934, -0.16760907, -0.6753282), (0.69632214, -0.1728874, -0.6965956), (0.71821934, -0.10120404, -0.68841755), (0.6963221, -0.10439116, -0.7100972), (0.71821934, -0.033841416, -0.6949933), (0.6963221, -0.03490715, -0.7168801), (0.71821934, 0.033841383, -0.6949934), (0.69632214, 0.034907114, -0.71688), (0.71821934, 0.10120401, -0.68841755), (0.6963221, 0.10439112, -0.7100972), (0.71821934, 0.16760907, -0.6753282), (0.69632214, 0.1728874, -0.6965956), (0.71821934, 0.23242827, -0.6558491), (0.6963221, 0.23974791, -0.6765031), (0.7182194, 0.29504848, -0.6301645), (0.6963221, 0.30434018, -0.65000975), (0.7182192, 0.3548768, -0.59851784), (0.6963222, 0.36605242, -0.6173662), (0.71821946, 0.41134736, -0.5612078), (0.69632196, 0.42430165, -0.5788815), (0.71821916, 0.4639261, -0.5185883), (0.69632226, 0.4785358, -0.5349194), (0.7182194, 0.5121149, -0.4710618), (0.696322, 0.5282425, -0.4858966), (0.7182196, 0.555459, -0.41907746), (0.6963219, 0.5729519, -0.4322753), (0.7182189, 0.5935474, -0.36312953), (0.6963225, 0.6122387, -0.3745648), (0.7182197, 0.6260189, -0.3037447), (0.6963218, 0.6457341, -0.31331056), (0.71821904, 0.6525686, -0.24148637), (0.6963224, 0.6731187, -0.24909104), (0.93783146, 0.2799448, 0.20519033), (0.5629524, 0.66660154, 0.488597), (0.21356842, -0.26324517, 0.9407925), (-0.2215904, -0.7830114, 0.5811978), (-0.6031737, -0.4317674, 0.6706403), (0.6031737, -0.4317674, 0.6706403), (0.72975886, 0.46094444, -0.5049577), (0.72870207, 0.5056748, -0.4618293), (0.7307127, 0.41263452, -0.5438673), (0.72755176, 0.546454, -0.41479686), (0.7315582, 0.36113566, -0.57827646), (0.72631574, 0.5829383, -0.36420918), (0.7322877, 0.30685765, -0.6079417), (0.72500545, 0.61481047, -0.31044358), (0.73289526, 0.25022972, -0.6326529), (0.723629, 0.64178735, -0.25390962), (0.73337746, 0.1916923, -0.65223587), (0.93754584, 0.2871723, 0.19631582), (0.7337305, 0.13169438, -0.6665554), (0.7339513, 0.07069488, -0.67551297), (0.734038, 0.00916011, -0.67904663), (0.7184706, -0.49694467, 0.48666832), (0.6863361, -0.5045113, 0.52384263), (0.6872688, -0.5412311, 0.48448995), (0.7184711, -0.44615334, 0.5336164), (0.6854716, -0.4648917, 0.56036097), (0.718471, -0.5428212, 0.4349075), (0.6882652, -0.5748481, 0.44253886), (0.6846808, -0.4225925, 0.5938247), (0.7184708, -0.39095026, 0.5752891), (0.6839674, -0.37785184, 0.6240325), (0.7184711, -0.58333147, 0.3788452), (0.68931764, -0.6051841, 0.3982379), (0.6916545, -0.6290116, 0.35490638), (0.71847093, -0.33188158, 0.6112725), (0.68333584, -0.33092192, 0.65080166), (0.7184708, -0.61807346, 0.31903753), (0.6937959, -0.64619637, 0.31792673), (0.8413529, -0.29567853, 0.45243737), (0.7184709, -0.26953122, 0.6412118), (0.6827898, -0.28207096, 0.67396885), (0.7339907, -0.052442763, -0.6771318), (0.68233246, -0.23158033, 0.69339234), (0.71847093, -0.20451556, 0.6648104), (0.6819663, -0.17974173, 0.7089534), (0.7184709, -0.13747762, 0.6818354), (0.6816931, -0.12685478, 0.72055703), (0.7338096, -0.113648, -0.66978174), (0.7184709, -0.06908041, 0.6921181), (0.6815151, -0.073227175, 0.7281312), (0.68143296, -0.019172749, 0.7316294), (0.73349565, -0.17398985, -0.6570477), (0.71847093, 1.5381921e-17, 0.695557), (0.6814472, 0.03499257, 0.7310302), (0.71847093, 0.06908048, 0.69211805), (0.6815574, 0.088953555, 0.7263379), (0.73305154, -0.2330072, -0.6390173), (0.7184709, 0.1374777, 0.6818354), (0.6817634, 0.14239548, 0.7175808), (0.682064, 0.19500601, 0.704813), (0.73248094, -0.2902479, -0.6158148), (0.71847093, 0.20451556, 0.6648104), (0.68245685, 0.24648063, 0.68811333), (0.7184709, 0.26953122, 0.6412118), (0.68294036, 0.29652137, 0.66758335), (0.73178685, -0.34526795, -0.5876036), (0.71847093, 0.33188158, 0.6112725), (0.68323785, 0.34576476, 0.6431429), (0.73097515, -0.39763394, -0.55458325), (0.6826, 0.39800102, 0.61290485), (0.7184708, 0.39095026, 0.5752891), (0.6824719, 0.4536822, 0.57306594), (0.7300525, -0.44693023, -0.51698816), (0.718471, 0.44615313, 0.5336167), (0.68361366, 0.50720304, 0.5248023), (0.7184708, 0.49694452, 0.4866681), (0.7288408, -0.49250317, -0.4756382), (0.68487686, 0.5555507, 0.4714945), (0.71847093, 0.54282165, 0.43490708), (0.7273787, -0.5333742, -0.43177786), (0.6862492, 0.59825504, 0.41370642), (0.7184709, 0.5833315, 0.3788455), (0.7259042, -0.56924176, -0.38604003), (0.6877164, 0.63490975, 0.352045), (0.7184709, 0.6180731, 0.31903806), (0.83795834, 0.29283953, 0.46051148), (0.72449124, -0.6010393, -0.33743763), (0.6031737, 0.43176717, 0.6706404), (0.72258925, -0.6282483, -0.2883902), (0.7209108, -0.64953893, -0.24163355), (0.9364943, -0.2884746, 0.19940118), (-0.6031737, 0.43176717, 0.6706404), (-0.2227909, 0.7862164, 0.5763923), (0.21592894, 0.26480937, 0.93981415), (-0.30151135, 0.30151135, 0.90453404), (0.30151135, -0.30151135, 0.90453404), (0.90453404, 0.30151135, 0.30151135), (0.30151135, -0.30151135, 0.90453404), (-0.30151135, -0.30151135, 0.90453404), (-0.90453404, 0.30151135, 0.30151135), (0.90453404, 0.30151135, 0.30151135), (0.30151135, -0.30151135, 0.90453404), (-0.30151135, -0.30151135, 0.90453404), (-0.90453404, 0.30151135, 0.30151135), (0.90453404, 0.30151135, 0.30151135), (0.30151135, -0.30151135, 0.90453404), (-0.30151135, -0.30151135, 0.90453404), (-0.90453404, 0.30151135, 0.30151135), (0.90453404, 0.30151135, 0.30151135), (0.30151135, -0.30151135, 0.90453404), (-0.30151135, -0.30151135, 0.90453404), (-0.90453404, 0.30151135, 0.30151135), (0.90453404, 0.30151135, 0.30151135), (0.30151135, 0.30151135, 0.90453404), (-0.30151135, -0.30151135, 0.90453404), (-0.90453404, 0.30151135, 0.30151135), (0.57735026, -0.57735026, -0.57735026), (0.57735026, 0.57735026, -0.57735026), (0.57735026, 0.57735026, 0.57735026), (0.57735026, -0.57735026, 0.57735026), (-0.57735026, 0.57735026, -0.57735026), (-0.57735026, -0.57735026, -0.57735026), (-0.57735026, 0.57735026, 0.57735026), (-0.57735026, -0.57735026, 0.57735026), (0.698047, 0.5013941, -0.5112087), (0.69749194, 0.55053824, -0.4587075), (0.6976347, 0.448226, -0.5589269), (0.6969709, 0.59303284, -0.40316704), (0.6975668, 0.39124018, -0.60027635), (0.6955795, 0.6337758, -0.33837456), (0.6963484, 0.32694054, -0.63891214), (0.69011164, 0.66336304, -0.2893015), (0.69406295, 0.27204052, -0.6665363), (0.6978981, 0.684441, -0.21090001), (0.67363536, 0.118614905, -0.7294833), (0.6978985, 0.70197016, -0.14204091), (0.69789815, 0.7125905, -0.071784094), (0.69789726, 0.7161974, -0.00082051835), (0.6978966, 0.7127546, 0.07015135), (0.69789547, 0.70229656, 0.14043292), (0.6736353, -0.11861499, -0.7294833), (0.70626944, -0.68954843, 0.16033249), (0.7066039, -0.6745126, 0.21387763), (0.7058419, -0.7015505, 0.09805169), (0.7041768, -0.70933825, 0.031214654), (0.70250493, -0.71075654, -0.036221717), (0.69406295, -0.27204058, -0.6665362), (0.7008407, -0.70574576, -0.10365887), (0.6991954, -0.6943083, -0.17047507), (0.697894, 0.6849262, 0.2093326), (0.6963485, -0.32694042, -0.63891214), (0.69758767, -0.67650247, -0.23604201), (0.69066787, 0.6637212, 0.28714472), (0.6975667, -0.39124024, -0.60027647), (0.69603324, -0.6524487, -0.29974726), (0.6956911, 0.63440806, 0.33695748), (0.69454485, -0.62233126, -0.36098647), (0.6969629, 0.59389585, 0.40190843), (0.6976348, -0.44822598, -0.55892676), (0.69313765, -0.5863937, -0.41916892), (0.6973995, 0.5517494, 0.45739096), (0.691823, -0.5449446, -0.47372603), (0.6980469, -0.50139403, -0.51120883), (0.69802284, 0.50261706, 0.5100394), (0.6906156, -0.49834853, -0.5241172), (0.697492, -0.5505382, -0.45870754), (0.6975918, 0.44953674, 0.55792695), (0.6895272, -0.44702145, -0.5698457), (0.6969708, -0.5930329, -0.403167), (0.69750255, 0.3927256, 0.5993804), (0.6877448, -0.33210152, -0.6455352), (0.6885673, -0.3914323, -0.61045545), (0.70843464, 0.6771695, 0.19890141), (0.70682126, 0.69455284, 0.13416424), (0.70518047, 0.70576644, 0.067928545), (0.70352244, 0.7106726, 0.00076748227), (0.70186377, 0.70917946, -0.066720895), (0.69557965, -0.6337758, -0.33837447), (0.69627064, 0.32832086, 0.63828886), (0.6870689, -0.26958883, -0.6747283), (0.7002182, 0.7012545, -0.13392746), (0.6901117, -0.66336304, -0.28930143), (0.6935216, 0.27390742, 0.66633517), (0.6865465, -0.20448601, -0.69773877), (0.6978983, -0.6844408, -0.21089992), (0.6978982, -0.7019704, -0.14204103), (0.90453404, -0.30151135, 0.30151135), (0.6978611, 0.19908144, 0.6880091), (0.6973301, 0.12979083, 0.70490074), (0.68465614, -0.00385989, -0.72885597), (0.68598, -0.069019906, -0.7243395), (0.6861829, -0.13741334, -0.7143322), (0.69789803, -0.7125906, -0.071784), (0.5711945, -0.54124475, 0.6170826), (0.6978975, -0.7161972, -0.00082044664), (0.90453404, 0.30151135, 0.30151135), (0.6868628, 0.24065623, -0.6857872), (0.6863345, 0.17462662, -0.7060103), (0.68476224, 0.11079603, -0.720295), (0.68341017, 0.05369207, -0.72805744), (0.6978966, -0.7127546, 0.07015138), (0.6973301, -0.1297908, 0.70490074), (0.5711945, 0.54124475, 0.6170826), (0.69789547, -0.7022966, 0.1404329), (0.6986001, 0.6869253, -0.20022874), (0.6978611, -0.19908142, 0.6880091), (0.69789404, -0.68492615, 0.20933238), (0.6970263, 0.66627914, -0.26500276), (0.6935215, -0.2739076, 0.66633517), (0.6875484, 0.30435774, -0.65927505), (0.69066787, -0.6637212, 0.2871446), (0.6955115, 0.6394657, -0.3276391), (0.69627064, -0.32832092, 0.63828874), (0.6883739, 0.36512285, -0.6267588), (0.6956911, -0.634408, 0.33695754), (0.6940704, 0.6066945, -0.38754103), (0.6975026, -0.39272544, 0.5993804), (0.6892953, 0.4223825, -0.5886128), (0.69696295, -0.5938958, 0.40190843), (0.69271475, 0.5682399, -0.44412798), (0.6975917, -0.44953677, 0.55792695), (0.6903153, 0.4756703, -0.54516286), (0.6973995, -0.55174935, 0.45739105), (0.6914586, 0.524436, -0.4968419), (0.69802296, -0.502617, 0.5100394), (-0.7184709, 0.6180731, 0.31903806), (-0.7184709, 0.5833315, 0.3788455), (-0.71847093, 0.54282165, 0.43490708), (-0.7184708, 0.49694452, 0.4866681), (-0.718471, 0.44615313, 0.5336167), (-0.7184708, 0.39095026, 0.5752891), (-0.71847093, 0.33188158, 0.6112725), (-0.7184709, 0.26953122, 0.6412118), (-0.71847093, 0.20451556, 0.6648104), (-0.7184709, 0.1374777, 0.6818354), (-0.71847093, 0.06908048, 0.69211805), (-0.71847093, -1.2305537e-17, 0.695557), (-0.7184709, -0.06908041, 0.6921181), (-0.7184709, -0.13747762, 0.6818354), (-0.71847093, -0.20451556, 0.6648104), (-0.7184709, -0.26953122, 0.6412118), (-0.71847093, -0.33188158, 0.6112725), (-0.7184708, -0.39095026, 0.5752891), (-0.7184711, -0.44615334, 0.5336164), (-0.7184706, -0.49694467, 0.48666832), (-0.718471, -0.5428212, 0.4349075), (-0.7184711, -0.58333147, 0.3788452), (-0.7184708, -0.61807346, 0.31903753), (-0.69833595, -0.5099886, 0.5022335), (-0.6971836, -0.45841566, 0.55117154), (-0.6995903, -0.5563062, 0.44843814), (-0.69614506, -0.4020964, 0.5947273), (-0.70093274, -0.59692085, 0.39035732), (-0.6952304, -0.3415894, 0.6324328), (-0.7023501, -0.6314457, 0.32860407), (-0.6944517, -0.2775067, 0.6638726), (-0.6938174, -0.21051593, 0.6886948), (-0.69333214, -0.14131644, 0.70662594), (-0.6929998, -0.070625044, 0.71747017), (-0.6928228, 0.00082687044, 0.72110736), (-0.6928029, 0.07229509, 0.7174939), (-0.6929968, 0.14293864, 0.7066286), (-0.693486, 0.21201593, 0.68856835), (-0.6942076, 0.2789476, 0.6635239), (-0.6950724, 0.34294948, 0.63187027), (-0.69607335, 0.403356, 0.5939578), (-0.6971986, 0.4595505, 0.5502067), (-0.69843715, 0.51097304, 0.50109094), (-0.6997763, 0.5571198, 0.44713607), (-0.7012565, 0.597395, 0.38904822), (-0.70280564, 0.6313948, 0.3277267), (-0.7473136, -0.0025080508, -0.66446674), (-0.7463911, 0.05173883, -0.6634933), (-0.7470196, 0.10556465, -0.6563671), (-0.7475543, 0.16334635, -0.6438016), (-0.7471468, 0.22239842, -0.626347), (-0.7466065, 0.27968308, -0.60361916), (-0.74509716, 0.38712007, -0.54310983), (-0.7459329, 0.33473578, -0.5757918), (-0.744112, 0.43646672, -0.5057609), (-0.7430187, 0.4823025, -0.46401244), (-0.7418267, 0.5242365, -0.4181737), (-0.7405429, 0.561903, -0.36859363), (-0.7391775, 0.59495884, -0.315659), (-0.73774254, 0.62309456, -0.2597866), (-0.7362498, 0.6460388, -0.20142028), (-0.73471117, 0.66355836, -0.1410312), (-0.73313844, 0.67546153, -0.07911845), (-0.73154444, 0.6816011, -0.016206538), (-0.7299451, 0.6818763, 0.047168422), (-0.7283533, 0.676239, 0.110463984), (-0.72678065, 0.6646947, 0.17312083), (-0.7252421, 0.64730144, 0.23457372), (-0.7237465, 0.62418014, 0.29426202), (-0.72230583, 0.5954848, 0.3516705), (-0.7209511, 0.5614262, 0.40623903), (-0.71969426, 0.5222823, 0.45745096), (-0.7185528, 0.47838354, 0.5048079), (-0.7175384, 0.4301061, 0.5478571), (-0.716658, 0.3778788, 0.5861817), (-0.7159219, 0.32217482, 0.61940235), (-0.71533746, 0.2635033, 0.6471926), (-0.71491176, 0.2024023, 0.6692791), (-0.7142417, 0.0754253, 0.69582313), (-0.714565, 0.13956887, 0.6855053), (-0.7140288, 0.010491975, 0.7000377), (-0.7139872, -0.054558463, 0.6980299), (-0.71411544, -0.119119324, 0.6898186), (-0.7144101, -0.1825814, 0.6754866), (-0.7148691, -0.24434748, 0.6551767), (-0.71548873, -0.30384564, 0.62908953), (-0.71626216, -0.36052954, 0.5974839), (-0.7171822, -0.41388077, 0.5606714), (-0.7182387, -0.46341515, 0.5190179), (-0.71942455, -0.5086896, 0.4729305), (-0.7207289, -0.5493141, 0.4228522), (-0.7221389, -0.5849433, 0.36926514), (-0.7236425, -0.6152809, 0.3126833), (-0.72498995, -0.6402076, 0.2540154), (-0.7262724, -0.65973973, 0.19305943), (-0.7277685, -0.6732645, 0.13064441), (-0.72934467, -0.68080974, 0.06748678), (-0.7309331, -0.68243694, 0.0040687555), (-0.7325198, -0.6781787, -0.05906242), (-0.73409057, -0.66811764, -0.121366754), (-0.7356311, -0.6523866, -0.18231435), (-0.73713, -0.63116276, -0.2413979), (-0.7385746, -0.60466635, -0.2981377), (-0.7399536, -0.57315665, -0.3520798), (-0.74125516, -0.53692985, -0.4027991), (-0.74246716, -0.49632093, -0.44989777), (-0.7435832, -0.45168865, -0.49301255), (-0.7445951, -0.40341216, -0.53182393), (-0.7454912, -0.35190365, -0.5660448), (-0.7462669, -0.29759544, -0.5954181), (-0.7469173, -0.24093018, -0.6197315), (-0.7474375, -0.18236251, -0.63881224), (-0.7478228, -0.12236065, -0.652525), (-0.748071, -0.06140239, -0.6607719), (0.03533696, 0.929874, -0.36617708), (-0.054213513, 0.8254691, 0.5618378), (-0.10778256, 0.82546735, 0.55406374), (0.070251815, 0.92987406, -0.36110792), (0.043295175, 0.8926585, -0.44864947), (-0.4317238, -0.8236199, 0.3677837), (-0.22902508, -0.66056323, -0.71498513), (-0.7034896, -0.29039478, -0.6486704), (-0.054137427, -0.82374865, 0.5643645), (0.27142847, -0.93394995, -0.23251681), (-0.2048632, -0.64578193, -0.7355248), (0.32690552, -0.90283525, -0.27932283), (-0.17167434, -0.6234006, -0.76282346), (0.3789557, -0.86691916, -0.32379586), (-0.13317443, -0.5970595, -0.79106545), (0.42820907, -0.82620436, -0.36609203), (-0.09634663, -0.5668317, -0.8181804), (0.4782595, -0.77720904, -0.40891805), (-0.06166648, -0.5323412, -0.84428084), (0.52813184, -0.71929175, -0.45132715), (-0.027995544, -0.49232027, -0.86996377), (0.24802153, -0.9340663, -0.25691536), (-0.39370316, -0.8238041, 0.40785375), (-0.35282207, -0.8238073, 0.443687), (0.29864427, -0.9028353, -0.3093541), (0.57514703, -0.6539929, -0.49142572), (0.0047543133, -0.44694033, -0.89455116), (0.346193, -0.86692035, -0.3586077), (0.6178619, -0.5827032, -0.52792394), (0.03499815, -0.3976272, -0.91687936), (0.39135116, -0.8261403, -0.40538433), (0.6554878, -0.5066119, -0.5600716), (0.06158999, -0.34526342, -0.93648267), (0.437004, -0.7772474, -0.45267418), (0.6877139, -0.42634556, -0.5876045), (0.084320135, -0.2902517, -0.95322824), (0.48248264, -0.7193226, -0.49978542), (0.22227134, -0.93406564, -0.279494), (0.7142709, -0.34257397, -0.6102951), (0.103003316, -0.2330114, -0.96700364), (0.2676386, -0.90283436, -0.33654088), (0.52542186, -0.65399474, -0.5442635), (0.73494154, -0.25598902, -0.62795746), (0.117504336, -0.17399181, -0.9777114), (0.31024867, -0.86692065, -0.39012095), (0.5644472, -0.5826994, -0.58468854), (0.35071614, -0.82614213, -0.44100723), (0.7495611, -0.16728817, -0.6404474), (0.12775458, -0.11364978, -0.9852728), (0.59881634, -0.5066141, -0.6202912), (0.39162964, -0.7772489, -0.49245343), (0.7580052, -0.077213615, -0.64766204), (0.13368043, -0.052438833, -0.9896361), (0.6282556, -0.42634857, -0.6507855), (0.43238986, -0.7193204, -0.54370683), (0.19447447, -0.93406624, -0.29949957), (-0.30869812, -0.82380843, 0.47544205), (0.76020557, 0.013489231, -0.6495425), (0.13237542, 0.07069088, -0.98867565), (0.13523698, 0.009160729, -0.99077094), (0.6525182, -0.3425716, -0.6759177), (0.23416798, -0.9028354, -0.36062932), (0.4708683, -0.65399665, -0.5920907), (0.7561453, 0.104084365, -0.64607334), (0.12517151, 0.13169765, -0.9833554), (0.67140186, -0.25598598, -0.6954788), (0.27145272, -0.8669189, -0.418049), (0.50584346, -0.5826996, -0.6360688), (0.7458568, 0.19382557, -0.6372827), (0.113629855, 0.19168812, -0.97485584), (0.30686027, -0.8261393, -0.47257876), (0.6847559, -0.16729221, -0.7093114), (0.53664607, -0.50660825, -0.67480296), (0.7294239, 0.28197387, -0.6232428), (0.0978582, 0.25022578, -0.96322936), (0.3426542, -0.77725, -0.52770305), (0.6924702, -0.0772167, -0.7173023), (0.5630257, -0.4263483, -0.7079754), (0.70698076, 0.3678055, -0.60406727), (0.07796477, 0.3068567, -0.948557), (0.37831658, -0.71932256, -0.58262473), (0.16489005, -0.9340664, -0.31675106), (-0.26173526, -0.8238109, 0.50282234), (0.6944808, 0.013490555, -0.71938473), (0.5847687, -0.3425729, -0.7353158), (0.6787142, 0.45060444, -0.57991606), (0.05409073, 0.36113355, -0.930944), (0.19854543, -0.9028355, -0.3814024), (0.41198418, -0.6539966, -0.6344742), (0.6907712, 0.10408721, -0.71554244), (0.6016913, -0.25598833, -0.756596), (0.644854, 0.5296978, -0.55098426), (0.026379298, 0.41263205, -0.9105157), (0.23015799, -0.8669193, -0.44212925), (0.44258383, -0.5827021, -0.68159944), (0.68137205, 0.19382687, -0.70580685), (0.26017824, -0.826141, -0.4997983), (0.6136597, -0.16729029, -0.77164483), (0.6056747, 0.6044348, -0.5175101), (-0.0049335156, 0.46094608, -0.8874144), (0.46953684, -0.50660807, -0.72310674), (0.6663605, 0.28197306, -0.69025713), (0.2905287, -0.77725, -0.5580999), (0.6205728, -0.077213824, -0.78033805), (0.5615054, 0.67418987, -0.47977057), (-0.039650153, 0.5056814, -0.86180866), (0.49261907, -0.42634487, -0.7586544), (0.6458589, 0.3678019, -0.66902024), (0.32076725, -0.71931994, -0.61618763), (0.13378985, -0.934066, -0.33109057), (-0.2123654, -0.8238137, 0.5255777), (0.62237495, 0.013485918, -0.782603), (0.512701, 0.738398, -0.43807083), (-0.07751063, 0.54646456, -0.83388764), (0.5116419, -0.34257406, -0.7879502), (0.62003577, 0.45060462, -0.64227027), (0.16109684, -0.9028353, -0.39866808), (0.3493118, -0.6539959, -0.6710221), (0.61905116, 0.1040856, -0.77842265), (0.45966852, 0.796521, -0.39275837), (-0.11824116, 0.58294964, -0.8038587), (0.52644914, -0.25598502, -0.8107546), (0.5891016, 0.52969974, -0.6102274), (0.18674625, -0.86691993, -0.46214247), (0.37525672, -0.5827021, -0.7208611), (0.61062735, 0.19382855, -0.7678312), (0.4028383, 0.8480841, -0.34420148), (-0.16154045, 0.6148145, -0.7719506), (0.21110584, -0.82614, -0.52242416), (0.5369198, -0.16729033, -0.82688034), (0.553312, 0.60443366, -0.5731543), (0.39810848, -0.50660914, -0.7647593), (0.5971736, 0.2819769, -0.75091463), (0.34267822, 0.892659, -0.29279947), (-0.20706229, 0.6417906, -0.73839694), (0.23573063, -0.77724934, -0.5833648), (0.54296815, -0.07722039, -0.8361953), (0.51296043, 0.67419076, -0.5313553), (0.41767886, -0.42634743, -0.8023542), (0.57880086, 0.3678028, -0.72781223), (0.27968624, 0.92987394, -0.23897703), (-0.42913225, 0.825453, 0.36670545), (-0.6985664, 0.2871443, -0.655403), (-0.3920329, 0.82545364, 0.40612373), (0.26026526, -0.7193206, -0.64408064), (0.101458274, -0.9340662, -0.34238365), (-0.16104421, -0.82381517, 0.54350096), (0.54454535, 0.013485828, -0.838623), (0.46837732, 0.73839647, -0.48517352), (0.43380833, -0.34257558, -0.833338), (0.55565935, 0.450604, -0.69871217), (0.122166626, -0.9028351, -0.41226706), (0.28342623, -0.65399575, -0.701398), (0.5416364, 0.10408603, -0.83414394), (0.41992885, 0.7965211, -0.43498722), (0.44636396, -0.2559834, -0.85745656), (0.5279365, 0.5297006, -0.66385263), (0.14161746, -0.86691976, -0.47790653), (0.30447683, -0.582704, -0.7534918), (0.5342666, 0.1938323, -0.82279295), (0.36801067, 0.8480854, -0.38120764), (0.16008952, -0.826141, -0.54024285), (0.4552415, -0.16728957, -0.87451094), (0.49586397, 0.6044323, -0.62352264), (0.3230189, -0.5066105, -0.7993776), (0.52249545, 0.2819784, -0.80466557), (0.31305394, 0.8926586, -0.3242805), (0.17876445, -0.7772496, -0.60326314), (0.46036965, -0.077220805, -0.88436234), (0.45970154, 0.67419004, -0.57805043), (0.3388995, -0.4263444, -0.8386761), (0.5064216, 0.36780044, -0.7799102), (0.25550744, 0.9298741, -0.2646697), (0.19737041, -0.7193201, -0.6660507), (0.06819369, -0.93406624, -0.35052803), (-0.108241856, -0.8238176, 0.5564245), (0.46170667, 0.013488097, -0.8869301), (0.419747, 0.7383965, -0.5278097), (0.3519858, -0.34257317, -0.87106234), (0.48617285, 0.45060417, -0.74872684), (0.08211248, -0.9028352, -0.42207363), (0.21493408, -0.6539956, -0.7253228), (0.45924026, 0.10408662, -0.8821929), (0.37632787, 0.79652214, -0.4732122), (0.36217228, -0.25598562, -0.8962715), (0.4619176, 0.52969867, -0.7113729), (0.09518652, -0.8669192, -0.48927554), (0.23089835, -0.5827024, -0.77919436), (0.45299158, 0.19383085, -0.8701886), (0.3298015, 0.84808505, -0.41470802), (0.107602045, -0.8261404, -0.55309474), (0.3693759, -0.16729029, -0.91409814), (0.43385497, 0.60443276, -0.66815484), (0.24495894, -0.50660926, -0.82664514), (0.443011, 0.28197598, -0.85101753), (0.28055125, 0.89265805, -0.35277838), (0.120153695, -0.77724963, -0.6176132), (0.3735373, -0.077218264, -0.9243956), (0.402214, 0.6741911, -0.6194273), (0.25700068, -0.42634675, -0.86728257), (0.4293823, 0.36780065, -0.8248355), (0.22897953, 0.92987365, -0.2879294), (-0.3513247, 0.8254572, 0.44180462), (0.13265926, -0.719321, -0.6818936), (0.034782436, -0.9340977, -0.35531902), (0.37462142, 0.013488268, -0.92707974), (0.3672567, 0.7383957, -0.565592), (0.26692557, -0.34257466, -0.90077376), (0.41221383, 0.4506053, -0.79185516), (0.04181186, -0.90281266, -0.42799655), (0.14446488, -0.65399563, -0.74257636), (0.3726204, 0.104084365, -0.92212826), (0.32926756, 0.7965213, -0.5070865), (0.27465078, -0.25598451, -0.9268435), (0.3916491, 0.5296977, -0.7523505), (0.04809313, -0.8668376, -0.49626565), (0.15519457, -0.58270293, -0.79772925), (0.36755067, 0.19383019, -0.9095803), (0.28855857, 0.84808564, -0.44439253), (0.054122485, -0.8261406, -0.5608587), (0.28011328, -0.16728932, -0.94527817), (0.3678552, 0.6044325, -0.7066427), (0.16464587, -0.50660944, -0.8463088), (0.35945258, 0.28197798, -0.8895405), (0.2454667, 0.8926588, -0.37802958), (0.060435366, -0.7772494, -0.6262834), (0.2832686, -0.07721924, -0.95592684), (0.3410274, 0.67419213, -0.6551071), (0.17273936, -0.42634553, -0.88791364), (0.34839404, 0.3678008, -0.8621741), (0.20034447, 0.9298738, -0.30853963), (-0.30738825, 0.8254582, 0.47342494), (0.066724874, -0.7193208, -0.6914661), (0.2840918, 0.013489096, -0.9587022), (0.31138748, 0.7383975, -0.59816974), (0.17941011, -0.3425748, -0.9222009), (0.33446434, 0.45060244, -0.8277023), (0.07266248, -0.653995, -0.75300115), (0.2825736, 0.10408659, -0.95358175), (0.27917796, 0.79652137, -0.536296), (0.18460248, -0.25598514, -0.9488907), (0.31777802, 0.52969855, -0.7864074), (0.07805823, -0.58270204, -0.80892843), (0.27872902, 0.19382879, -0.9406065), (0.24466237, 0.84808487, -0.4699919), (0.18827434, -0.16728958, -0.9677639), (0.29847178, 0.6044333, -0.7386305), (0.0828113, -0.5066099, -0.8581892), (0.2725878, 0.28197533, -0.9198836), (0.2081251, 0.89265907, -0.39980468), (0.19039486, -0.077219106, -0.97866595), (0.27670458, 0.67419106, -0.68476343), (0.08688185, -0.4263454, -0.90037835), (0.2642023, 0.3678016, -0.89158237), (0.1698672, 0.929874, -0.3263119), (-0.26062465, 0.82546055, 0.50068915), (-0.2114645, 0.8254633, 0.52334803), (0.19094819, 0.013487762, -0.9815074), (0.25265533, 0.7383971, -0.62524796), (0.090236135, -0.34257463, -0.9351471), (0.25363824, 0.45060414, -0.8559343), (0.18992828, 0.104087375, -0.97626483), (0.22652052, 0.7965222, -0.5605719), (0.0928477, -0.25598603, -0.96221125), (0.24098434, 0.52969855, -0.8132318), (0.18734345, 0.19382864, -0.9629812), (0.19851525, 0.8480847, -0.49126777), (0.09469401, -0.16728993, -0.98134965), (0.22634348, 0.60443324, -0.7638253), (0.18321656, 0.2819758, -0.941765), (0.16887003, 0.8926584, -0.41790414), (0.09576072, -0.07721735, -0.9924048), (0.20983689, 0.67419004, -0.70812166), (0.17757913, 0.36780202, -0.91279095), (0.13782784, 0.9298739, -0.34108356), (-0.16036065, 0.82546496, 0.54119503), (0.09603818, 0.013488858, -0.9952862), (0.19159932, 0.73839676, -0.6465755), (0.17047943, 0.45060414, -0.87629485), (0.09552568, 0.10408605, -0.98997015), (0.17177993, 0.7965224, -0.5796928), (0.16197357, 0.5296992, -0.8325763), (0.094225734, 0.19382903, -0.9764998), (0.15054248, 0.8480849, -0.5080245), (0.15213394, 0.60443175, -0.78199583), (0.092150174, 0.28197592, -0.9549858), (0.1280611, 0.8926586, -0.43215856), (0.14103907, 0.67419, -0.7249661), (0.08931535, 0.36780217, -0.9256048), (0.104520485, 0.929874, -0.3527178), (0.12878057, 0.7383975, -0.66195524), (0.08574476, 0.45060366, -0.8885968), (0.11545913, 0.79652274, -0.5934819), (0.081467345, 0.52969813, -0.84426475), (0.101185024, 0.8480845, -0.52010983), (0.07651894, 0.6044317, -0.79297364), (0.08607466, 0.89265853, -0.44243857), (0.07093904, 0.6741902, -0.73514295), (0.06477381, 0.7383971, -0.67124814), (0.058074318, 0.79652196, -0.60181403), (0.050895255, 0.8480845, -0.5274109), (-0.6417057, 0.5365265, 0.5480448), (-0.8203182, -0.5589357, 0.12111523), (-0.58624893, 0.5365325, 0.6069967), (-0.52538675, 0.53653574, 0.66037726), (-0.45968962, 0.5365381, 0.70768094), (-0.38976246, 0.5365423, 0.7484702), (-0.3162485, 0.5365453, 0.78237206), (-0.23982468, 0.53654826, 0.80907357), (-0.161195, 0.5365505, 0.8283295), (-0.08108131, 0.536554, 0.8399617), (-0.33946654, 0.9083244, 0.24435475), (-0.39001834, 0.874819, 0.28736296), (-0.64150476, -0.53631866, 0.5484833), (-0.37501445, -0.88499886, 0.27593693), (-0.3356037, -0.910534, 0.24144958), (-0.081766374, -0.536442, 0.83996683), (-0.3687398, 0.87456167, 0.31491718), (-0.43250084, 0.8225012, 0.36937082), (-0.45758757, 0.82277495, 0.33712766), (-0.49204433, 0.7624338, 0.42022267), (-0.5206864, 0.7627167, 0.38359994), (-0.5467854, 0.6949538, 0.46697423), (-0.57870466, 0.69522953, 0.42632943), (-0.63108, 0.6209705, 0.4649019), (-0.59620106, 0.6207122, 0.5091764), (-0.63775146, 0.5446245, 0.5446625), (-0.67739075, 0.54085255, 0.4986184), (-0.33686924, 0.8745611, 0.34880093), (-0.6695845, 0.4736591, 0.5721046), (-0.7173414, 0.45522547, 0.5274382), (-0.69466406, 0.4059624, 0.5938319), (-0.7500842, 0.3650938, 0.5514347), (-0.3951192, 0.82250017, 0.40911406), (-0.7157272, 0.33709487, 0.6116384), (-0.77530646, 0.27152893, 0.5702385), (-0.44951382, 0.76243454, 0.46543622), (-0.73291945, 0.26655787, 0.6259201), (-0.4995245, 0.6949536, 0.5172183), (-0.745778, 0.19483733, 0.63706636), (-0.793103, 0.17553774, 0.5832445), (-0.7545055, 0.12159931, 0.6449303), (-0.803243, 0.07749839, 0.5905884), (-0.544665, 0.6207181, 0.5639584), (-0.7593689, 0.047686208, 0.6489106), (-0.80537844, -0.021162407, 0.59238315), (-0.5826278, 0.54462564, 0.6032643), (-0.76016825, -0.026303284, 0.64919364), (-0.30189875, 0.87455964, 0.37947673), (-0.61187655, 0.4735218, 0.6335489), (-0.7565532, -0.0998713, 0.6462608), (-0.7998459, -0.11940548, 0.5882082), (-0.6348864, 0.40592727, 0.65737534), (-0.35409978, 0.8225001, 0.445092), (-0.7486366, -0.17334804, 0.63991696), (-0.7865127, -0.21683177, 0.5782575), (-0.6540041, 0.3372239, 0.6771696), (-0.40284836, 0.76243454, 0.5063662), (-0.736886, -0.24588111, 0.6297154), (-0.7653699, -0.31200305, 0.5629059), (-0.66954225, 0.26666063, 0.69325703), (-0.7212422, -0.31687817, 0.61595285), (-0.44766837, 0.6949516, 0.56270355), (-0.68140954, 0.19464238, 0.70554614), (-0.70145804, -0.38589373, 0.5992017), (-0.7369896, -0.4039632, 0.54190403), (-0.6895442, 0.121565245, 0.7139683), (-0.4881219, 0.62071675, 0.61355335), (-0.67756164, -0.45322207, 0.5792236), (-0.7013379, -0.49231884, 0.51550686), (-0.69390255, 0.04780771, 0.7184801), (-0.5221427, 0.54462457, 0.6563163), (-0.65022206, -0.5180682, 0.55571276), (-0.65873337, -0.57574064, 0.48434806), (-0.69445765, -0.026200026, 0.7190564), (-0.26414856, 0.8745595, 0.40665856), (-0.54835457, 0.47352073, 0.68926436), (-0.6195077, -0.57990736, 0.5290725), (-0.69121003, -0.10006148, 0.71569294), (-0.5689761, 0.40592742, 0.7151846), (-0.5852712, -0.6383469, 0.49997085), (-0.6099708, -0.6534028, 0.44833064), (-0.3098214, 0.82250124, 0.47697216), (-0.6841749, -0.17338638, 0.708408), (-0.5861093, 0.33722293, 0.7367202), (-0.547446, -0.6936665, 0.4681128), (-0.5550987, -0.7249778, 0.40776542), (-0.35247368, 0.76243615, 0.5426356), (-0.673391, -0.24575707, 0.69724315), (-0.60003334, 0.26666245, 0.7542222), (-0.5068939, -0.7451791, 0.43332046), (-0.49471614, -0.78937536, 0.36351407), (-0.65891933, -0.31677696, 0.68225926), (-0.39168975, 0.69495237, 0.6030094), (-0.6106703, 0.19463885, 0.76759195), (-0.4638008, -0.79246205, 0.39609686), (-0.6408359, -0.38607186, 0.66353434), (-0.61795944, 0.12156483, 0.77675486), (-0.4180774, -0.8352452, 0.35717887), (-0.43310228, -0.8432755, 0.31829056), (-0.42708626, 0.62071526, 0.6575028), (-0.6192385, -0.45325813, 0.6411714), (-0.6218649, 0.047818445, 0.78166324), (-0.36520892, -0.8768417, 0.31268364), (-0.45685408, 0.54462135, 0.70332915), (-0.5942484, -0.5179566, 0.6152965), (-0.62236375, -0.026198888, 0.78228956), (-0.22396669, 0.8745605, 0.43009645), (-0.47978663, 0.47352308, 0.73863435), (-0.56600094, -0.57981944, 0.5860481), (-0.61945224, -0.10006436, 0.77863085), (-0.49782744, 0.4059369, 0.7664092), (-0.5346516, -0.6385037, 0.553589), (-0.26269338, 0.82250017, 0.5044657), (-0.6131474, -0.1733872, 0.77070564), (-0.5128221, 0.33721936, 0.78949136), (-0.5003695, -0.693694, 0.51809174), (-0.29885864, 0.7624332, 0.5739156), (-0.60348254, -0.24576089, 0.7585581), (-0.525004, 0.2666586, 0.80824745), (-0.46334106, -0.7450859, 0.47975212), (-0.590513, -0.3167805, 0.74225634), (-0.33210766, 0.694952, 0.63776654), (-0.53430945, 0.19464606, 0.822573), (-0.4237743, -0.7923916, 0.43878347), (-0.57430714, -0.3860719, 0.7218863), (-0.5406883, 0.1215619, 0.83239347), (-0.3818735, -0.83536357, 0.39539894), (-0.36211893, 0.62071675, 0.69539964), (-0.5549529, -0.45325556, 0.6975576), (-0.54410523, 0.047810778, 0.83765364), (-0.3339304, -0.8768932, 0.34575817), (-0.58643895, -0.5361018, 0.6071937), (-0.38735762, 0.5446254, 0.74386644), (-0.5325579, -0.51795363, 0.6694073), (-0.54454064, -0.026196592, 0.83832526), (-0.181725, 0.8745599, 0.4495787), (-0.40680286, 0.47352588, 0.7812072), (-0.50724417, -0.5798135, 0.6375889), (-0.54199415, -0.10006374, 0.8344037), (-0.422102, 0.40592992, 0.8105867), (-0.4791465, -0.63850546, 0.6022702), (-0.21314743, 0.8224992, 0.527317), (-0.53647745, -0.17338964, 0.8259104), (-0.4348134, 0.33721736, 0.8349981), (-0.4484226, -0.6936954, 0.5636522), (-0.24249007, 0.7624351, 0.5999095), (-0.52802193, -0.24575914, 0.81289315), (-0.4451425, 0.26665896, 0.854834), (-0.41523963, -0.7450855, 0.52194226), (-0.51667386, -0.31678283, 0.7954224), (-0.26946905, 0.69495356, 0.6666528), (-0.45303252, 0.19464447, 0.86998564), (-0.3797778, -0.792394, 0.4773684), (-0.50249434, -0.38607287, 0.7735937), (-0.45844075, 0.12156576, 0.88037145), (-0.3422312, -0.83536154, 0.43017307), (-0.29382172, 0.62071383, 0.7268997), (-0.4855613, -0.4532496, 0.74752593), (-0.461339, 0.04781038, 0.8859348), (-0.29926535, -0.8768918, 0.37616628), (-0.5255575, -0.53610426, 0.6605918), (-0.45983887, -0.5361066, 0.707911), (-0.31429905, 0.5446237, 0.777561), (-0.4659644, -0.51795447, 0.71735644), (-0.46170768, -0.026199702, 0.88664514), (-0.13780993, 0.87456065, 0.46492156), (-0.33007553, 0.47352833, 0.81659114), (-0.4438142, -0.5798182, 0.6832568), (-0.45954853, -0.10006278, 0.8824979), (-0.3424895, 0.40593, 0.8473026), (-0.41923356, -0.6385018, 0.6454135), (-0.16163981, 0.82249916, 0.5453144), (-0.45487037, -0.17338416, 0.8735164), (-0.3528029, 0.3372196, 0.872819), (-0.39235067, -0.6936948, 0.6040269), (-0.1838909, 0.7624358, 0.6203836), (-0.44770196, -0.24575555, 0.8597483), (-0.36118478, 0.26666188, 0.893553), (-0.36331508, -0.7450884, 0.5593259), (-0.4380794, -0.3167856, 0.8412689), (-0.20435038, 0.6949556, 0.68940383), (-0.3675865, 0.19464463, 0.9093919), (-0.33228856, -0.7923944, 0.5115618), (-0.42605698, -0.38607392, 0.81818235), (-0.3719755, 0.1215617, 0.9202483), (-0.29943734, -0.83536166, 0.46098614), (-0.22281855, 0.6207141, 0.7517086), (-0.4116993, -0.45325586, 0.7906091), (-0.3743256, 0.04781204, 0.9260639), (-0.26184314, -0.8768925, 0.40311003), (-0.23834814, 0.54462177, 0.8041003), (-0.39508352, -0.5179567, 0.75870275), (-0.3746256, -0.026197165, 0.92680603), (-0.09262741, 0.8745604, 0.47598767), (-0.25031206, 0.47352648, 0.8444623), (-0.37630498, -0.5798148, 0.7226406), (-0.37287357, -0.10006709, 0.9224705), (-0.25972593, 0.4059299, 0.87622106), (-0.35546127, -0.638503, 0.6826135), (-0.10864433, 0.8224999, 0.5582924), (-0.36907822, -0.17338759, 0.9130816), (-0.267547, 0.33721876, 0.9026085), (-0.33266827, -0.69369406, 0.638843), (-0.123600565, 0.7624353, 0.63514984), (-0.36326098, -0.24575579, 0.898691), (-0.27390334, 0.26666042, 0.92405045), (-0.30804974, -0.74508715, 0.59156615), (-0.35545376, -0.31677938, 0.87937677), (-0.1373515, 0.6949552, 0.7058128), (-0.27875733, 0.19464469, 0.94042957), (-0.2817417, -0.79239565, 0.54104596), (-0.34569898, -0.38607267, 0.8552427), (-0.2820861, 0.12156212, 0.9516565), (-0.25388828, -0.8353613, 0.48755744), (-0.14976485, 0.6207142, 0.76960015), (-0.3340486, -0.45325735, 0.8264196), (-0.28386822, 0.04781179, 0.9576705), (-0.2220139, -0.87689114, 0.42634705), (-0.38988912, -0.53611034, 0.7487137), (-0.16020267, 0.54462105, 0.8232393), (-0.32056758, -0.5179549, 0.7930694), (-0.28409576, -0.0261954, 0.958438), (-0.04659228, 0.87456024, 0.48267332), (-0.16824372, 0.47352785, 0.86456084), (-0.30533063, -0.57981515, 0.7553725), (-0.28276724, -0.10006348, 0.95395494), (-0.17457186, 0.40593165, 0.89707536), (-0.2884179, -0.63850385, 0.71353203), (-0.054648366, 0.8224998, 0.5661339), (-0.2798894, -0.17338659, 0.9442452), (-0.17982864, 0.33721772, 0.92409194), (-0.2699241, -0.69369453, 0.667779), (-0.062170908, 0.76243496, 0.64407116), (-0.27547777, -0.24575888, 0.9293625), (-0.18410072, 0.26666194, 0.9460435), (-0.24994946, -0.74508584, 0.61836267), (-0.2695569, -0.3167819, 0.90938896), (-0.0690872, 0.6949538, 0.7157277), (-0.18736468, 0.19464287, 0.9628129), (-0.22860374, -0.79239553, 0.56555253), (-0.26215976, -0.38607645, 0.88443047), (-0.18960015, 0.12156137, 0.97430724), (-0.20600154, -0.8353638, 0.5096378), (-0.07532987, 0.62071425, 0.7804097), (-0.253324, -0.45325667, 0.8546258), (-0.19079977, 0.047812667, 0.98046386), (-0.18014029, -0.8768911, 0.44565848), (-0.31635198, -0.5361123, 0.782627), (-0.08058036, 0.5446216, 0.83480185), (-0.24310198, -0.5179511, 0.8201391), (-0.19095162, -0.026198998, 0.98124975), (-0.08462361, 0.47352648, 0.87670493), (-0.23154631, -0.57981545, 0.7811532), (-0.19005817, -0.10006243, 0.9766603), (-0.08780643, 0.40593168, 0.9096755), (-0.21872027, -0.63850486, 0.7378841), (-0.18812466, -0.17338498, 0.96671957), (-0.09044996, 0.33721882, 0.9370711), (-0.20469552, -0.6936947, 0.69057035), (-0.18515892, -0.24575804, 0.9514826), (-0.092599265, 0.26666033, 0.95933187), (-0.18954824, -0.7450854, 0.6394679), (-0.18117973, -0.31678155, 0.9310335), (-0.09423939, 0.1946432, 0.9763365), (-0.17336053, -0.7923946, 0.58485633), (-0.17620744, -0.3860738, 0.9054822), (-0.09536442, 0.12156225, 0.98799205), (-0.15622102, -0.83536255, 0.5270336), (-0.17026974, -0.453255, 0.8749675), (-0.095967755, 0.047814008, 0.9942354), (-0.13660839, -0.876892, 0.46086723), (-0.23990266, -0.5361168, 0.8093364), (-0.16124709, -0.5361195, 0.8285983), (-0.16339804, -0.5179534, 0.8396579), (-0.09604469, -0.02619809, 0.9950322), (-0.1556312, -0.579817, 0.7997444), (-0.09559462, -0.100065045, 0.990378), (-0.14701006, -0.6385046, 0.7554468), (-0.09462226, -0.1733846, 0.9802981), (-0.13758403, -0.6936943, 0.707007), (-0.093131386, -0.24575742, 0.964847), (-0.12740242, -0.74508643, 0.6546868), (-0.091129094, -0.31678247, 0.94411033), (-0.116522245, -0.79239506, 0.598776), (-0.08862923, -0.38607416, 0.9182002), (-0.10500206, -0.8353621, 0.5395783), (-0.08564241, -0.45325485, 0.8872573), (-0.091820054, -0.8768915, 0.47183728), (-0.08218676, -0.5179538, 0.8514512), (-0.07828019, -0.57981646, 0.8109779), (-0.07394458, -0.63850343, 0.76605844), (-0.0692037, -0.69369435, 0.7169372), (-0.064082764, -0.7450861, 0.6638827), (-0.05861083, -0.79239464, 0.6071865), (-0.05281629, -0.83536243, 0.54715633), (-0.046737373, -0.8767129, 0.47873807), (-0.82096887, 0.557632, 0.12270563), (0.30151135, 0.90453404, -0.30151135), (-0.30151135, 0.90453404, -0.30151135), (0.30151135, 0.90453404, -0.30151135), (0.30151135, 0.90453404, -0.30151135), (-0.30151135, 0.90453404, -0.30151135), (0.30151135, 0.90453404, -0.30151135), (-0.30151135, 0.90453404, -0.30151135), (0.30151135, 0.90453404, -0.30151135), (-0.30151135, 0.90453404, -0.30151135), (-0.30151135, 0.90453404, -0.30151135), (-0.57735026, -0.57735026, 0.57735026), (-0.30151135, -0.90453404, 0.30151135), (-0.30151135, -0.90453404, -0.30151135), (0.57735026, -0.57735026, 0.57735026), (0.30151135, -0.90453404, 0.30151135), (0.30151135, -0.90453404, -0.30151135), (-0.57735026, -0.57735026, 0.57735026), (-0.30151135, -0.90453404, 0.30151135), (-0.30151135, -0.90453404, -0.30151135), (0.57735026, -0.57735026, 0.57735026), (0.90453404, -0.30151135, -0.30151135), (0.30151135, -0.90453404, 0.30151135), (0.30151135, -0.90453404, -0.30151135), (0.57735026, -0.57735026, -0.57735026), (-0.57735026, -0.57735026, 0.57735026), (-0.90453404, -0.30151135, -0.30151135), (-0.30151135, -0.90453404, 0.30151135), (-0.30151135, -0.90453404, -0.30151135), (-0.57735026, -0.57735026, -0.57735026), (0.57735026, -0.57735026, 0.57735026), (0.90453404, -0.30151135, -0.30151135), (0.30151135, -0.90453404, 0.30151135), (0.30151135, -0.90453404, -0.30151135), (0.57735026, -0.57735026, -0.57735026), (-0.57735026, -0.57735026, 0.57735026), (-0.90453404, -0.30151135, -0.30151135), (-0.30151135, -0.90453404, 0.30151135), (-0.30151135, -0.90453404, -0.30151135), (-0.57735026, -0.57735026, -0.57735026), (0.57735026, -0.57735026, 0.57735026), (0.30151135, -0.90453404, 0.30151135), (0.30151135, -0.90453404, -0.30151135), (-0.57735026, -0.57735026, 0.57735026), (-0.30151135, -0.90453404, 0.30151135), (-0.30151135, -0.90453404, -0.30151135), (0.57735026, -0.57735026, 0.57735026), (0.30151135, -0.90453404, 0.30151135), (0.30151135, -0.90453404, -0.30151135), (0.30151135, -0.30151135, -0.90453404), (0.57735026, -0.57735026, -0.57735026), (-0.57735026, -0.57735026, -0.57735026), (-0.30151135, -0.30151135, -0.90453404), (0.46021175, -0.71850115, 0.52149904), (0.509859, -0.71850556, 0.4730682), (0.5544333, -0.7184913, 0.41996896), (0.40600583, -0.71849775, 0.5647302), (0.59347504, -0.71850455, 0.3626825), (0.34777156, -0.7184978, 0.60234195), (0.62664914, -0.7185053, 0.30176303), (0.2860667, -0.71850276, 0.63397133), (0.65359116, -0.71849597, 0.23787001), (0.2215146, -0.71850044, 0.659309), (0.6740207, -0.7184982, 0.17162867), (0.15476727, -0.7185001, 0.678089), (0.68775845, -0.71849793, 0.10367743), (0.08648375, -0.7184998, 0.69012946), (0.69465804, -0.71850365, 0.03467944), (0.6946581, -0.71850365, -0.034679424), (0.68775845, -0.718498, -0.10367744), (0.6740207, -0.7184982, -0.17162874), (0.6535912, -0.7184959, -0.23786996), (0.62664914, -0.7185054, -0.30176294), (0.59347504, -0.71850455, -0.36268252), (0.5544332, -0.7184914, -0.41996896), (0.5098591, -0.7185055, -0.47306824), (0.46021193, -0.7185011, -0.5214989), (0.4060057, -0.7184979, -0.56473017), (0.34777164, -0.7184977, -0.60234207), (0.28606677, -0.7185028, -0.6339712), (0.22151454, -0.71850044, -0.6593091), (0.15476689, -0.71850026, -0.67808896), (0.0864837, -0.71849954, -0.6901297), (0.017340587, -0.7185003, -0.6953104), (0.017340444, -0.7185002, 0.6953106), (-0.051975578, -0.7184999, 0.6935823), (-0.120779224, -0.7185017, 0.68495816), (-0.18838033, -0.7184989, 0.66953135), (-0.25410178, -0.71849924, 0.6474497), (-0.31730145, -0.7185002, 0.61893237), (-0.37735385, -0.71850187, 0.5842595), (-0.43365696, -0.7185, 0.5437825), (-0.4856424, -0.7184984, 0.4979071), (-0.5328053, -0.7185049, 0.44706732), (-0.5746798, -0.71849597, 0.39179936), (-0.6108229, -0.71849656, 0.33265305), (-0.6409034, -0.7185089, 0.27016252), (-0.6646349, -0.718496, 0.20499742), (-0.69206715, -0.71850234, -0.0692638), (-0.69552493, -0.718502, 7.404109e-9), (-0.68173814, -0.7184967, -0.13782462), (-0.6646348, -0.7184961, -0.20499745), (-0.6409034, -0.71850884, -0.2701626), (-0.610823, -0.71849656, -0.332653), (-0.5746798, -0.71849597, -0.3917993), (-0.5328054, -0.7185049, -0.4470673), (-0.48564243, -0.7184984, -0.49790704), (-0.4336571, -0.71849996, -0.5437824), (-0.37735352, -0.71850204, -0.5842595), (-0.31730145, -0.71849996, -0.6189326), (-0.25410184, -0.7184994, -0.6474495), (-0.18838029, -0.7184988, -0.66953146), (-0.12077922, -0.71850175, -0.6849581), (-0.05197566, -0.71849984, -0.6935824), (-0.6817381, -0.71849674, 0.13782462), (-0.69206715, -0.71850234, 0.069263786), (0.57735026, -0.57735026, 0.57735026), (-0.57735026, -0.57735026, 0.57735026), (0.46022335, -0.7184972, 0.52149427), (0.509859, -0.71850556, 0.4730682), (0.5544333, -0.7184913, 0.41996896), (0.4060026, -0.71850514, 0.56472313), (0.5934788, -0.71851015, 0.36266527), (0.3477644, -0.7184944, 0.6023502), (0.62665945, -0.71849394, 0.3017689), (0.28605938, -0.7185051, 0.633972), (0.6535795, -0.7185018, 0.2378844), (0.22151966, -0.7184947, 0.65931356), (0.6740224, -0.718492, 0.17164831), (0.15477653, -0.71850353, 0.67808324), (0.6877493, -0.7185042, 0.10369489), (0.08648375, -0.7184998, 0.69012946), (0.69465804, -0.71850365, 0.03467944), (0.017340444, -0.7185002, 0.6953106), (0.6946581, -0.71850365, -0.034679424), (-0.051975578, -0.7184999, 0.6935823), (0.6877493, -0.7185042, -0.10369491), (0.6740223, -0.718492, -0.17164838), (0.6535796, -0.71850175, -0.23788436), (0.6266594, -0.71849394, -0.3017688), (0.59347886, -0.7185101, -0.36266527), (0.5544332, -0.7184914, -0.41996896), (0.5098591, -0.7185055, -0.47306824), (0.46022353, -0.71849716, -0.52149415), (0.40600252, -0.71850526, -0.5647231), (0.34776446, -0.7184943, -0.6023503), (0.28605947, -0.71850514, -0.63397187), (0.2215196, -0.71849465, -0.6593136), (0.15477614, -0.71850365, -0.6780832), (0.0864837, -0.71849954, -0.6901297), (0.017340587, -0.7185003, -0.6953104), (-0.05197566, -0.71849984, -0.6935824), (-0.12077139, -0.71849895, -0.68496245), (-0.18837662, -0.71850365, -0.6695273), (-0.6409034, -0.7185089, 0.27016252), (-0.61083555, -0.7184912, 0.33264145), (-0.6646349, -0.718496, 0.20499742), (-0.68173546, -0.718503, 0.13780493), (-0.69207543, -0.7184961, 0.069245726), (-0.69552493, -0.718502, 7.404109e-9), (-0.69207543, -0.7184961, -0.06924574), (-0.6817355, -0.71850294, -0.13780491), (-0.6646348, -0.7184961, -0.20499745), (-0.6409034, -0.71850884, -0.2701626), (-0.6108356, -0.71849114, -0.33264142), (-0.57467145, -0.7185064, -0.39179236), (-0.532787, -0.7185045, -0.44708985), (-0.48563582, -0.7184938, -0.49792022), (-0.43366817, -0.71849626, -0.5437785), (-0.37735102, -0.7185089, -0.58425266), (-0.31730267, -0.7184942, -0.6189387), (-0.25411454, -0.7185, -0.6474439), (-0.1207714, -0.7184989, 0.6849625), (-0.18837667, -0.7185037, 0.6695272), (-0.25411445, -0.71849984, 0.64744407), (-0.31730267, -0.7184944, 0.61893845), (-0.3773513, -0.7185087, 0.58425266), (-0.43366805, -0.7184963, 0.54377854), (-0.48563576, -0.71849376, 0.49792027), (-0.53278697, -0.7185045, 0.44708988), (-0.57467145, -0.7185064, 0.39179242), (-0.90453404, 0.30151135, 0.30151135), (-0.5709306, 0.5423078, 0.6163931), (-0.90453404, -0.30151135, 0.30151135), (-0.5709306, -0.54230785, 0.6163931), (-0.70353687, 0.21288359, -0.67802393), (-0.6758703, 0.10690356, -0.72922623), (-0.70191413, 0.22849856, -0.67461467), (-0.29842958, 0.051521424, -0.95304006), (-0.69704086, 0.29951158, -0.65148056), (-0.5751727, -0.33006325, -0.7484882), (-0.6986602, 0.35391536, -0.621786), (-0.69834805, 0.40527365, -0.5899689), (0.012311407, -0.05615226, -0.9983463), (0.71187156, 0.46278825, -0.5282669), (0.7114467, 0.47938478, -0.5138422), (0.0054480885, 0.7072831, -0.7069095), (0.71186566, 0.5132515, -0.47939566), (0.711404, 0.52842176, -0.4633301), (0.012831866, 0.99829996, 0.056855723), (-0.697748, 0.5904864, -0.40555337), (-0.69821525, 0.62198466, -0.354444), (-0.2939241, 0.9547085, -0.046263453), (-0.6958733, 0.6524782, -0.30005416), (-0.5751727, 0.7484882, 0.3300633), (-0.6978934, 0.694055, -0.17672698), (-0.6978931, 0.70820117, -0.10675339), (-0.697893, 0.71531075, -0.035719216), (-0.69789237, 0.71531385, 0.035669863), (-0.6978911, 0.70821047, 0.10670487), (-0.69788986, 0.69407046, 0.1766802), (-0.29389668, 0.95473456, 0.04589884), (-0.6960396, 0.6523462, 0.29995552), (-0.5751727, 0.7484881, -0.33006334), (-0.69829315, 0.6219378, 0.3543728), (-0.69771606, 0.59038013, 0.40576306), (0.012946529, 0.99829435, -0.05692765), (0.71151763, 0.5282762, 0.4633216), (0.7118815, 0.51336116, 0.4792546), (0.005390841, 0.7072377, 0.70695525), (0.7115647, 0.47923762, 0.5138161), (0.7118892, 0.46291006, 0.5281364), (0.012342535, -0.056268524, 0.99833935), (-0.6982752, 0.40534693, 0.59000474), (-0.6986292, 0.3539725, 0.6217883), (-0.294126, 0.04456732, 0.954727), (-0.6969227, 0.29954517, 0.6515915), (-0.5751727, -0.33006325, 0.7484882), (-0.69800407, 0.18357691, 0.69216317), (-0.6975295, 0.12163829, 0.7061563), (-0.67587024, -0.10690393, -0.7292263), (-0.6975295, -0.12163827, 0.7061563), (-0.698004, -0.1835769, 0.6921632), (-0.29412603, -0.04456735, 0.954727), (-0.6969226, -0.29954532, 0.6515915), (-0.5751727, 0.33006334, 0.7484881), (-0.69862926, -0.35397246, 0.62178826), (-0.6982751, -0.4053469, 0.5900049), (0.0123415375, 0.056267183, 0.9983395), (0.7118892, -0.4629101, 0.52813643), (0.7115648, -0.4792375, 0.51381606), (0.0053907875, -0.7072377, 0.70695525), (0.71188176, -0.5133612, 0.47925428), (0.71151716, -0.52827656, 0.46332195), (0.012944732, -0.99829453, -0.05692471), (-0.697716, -0.59038013, 0.40576303), (-0.69829315, -0.62193775, 0.35437286), (-0.29389647, -0.9547346, 0.045898687), (-0.69603956, -0.6523462, 0.29995558), (-0.5751727, -0.7484882, -0.33006334), (-0.6978899, -0.6940705, 0.17668), (-0.69789124, -0.70821035, 0.10670492), (-0.6978922, -0.71531403, 0.03566996), (-0.6978929, -0.7153109, -0.035719257), (-0.6978934, -0.70820093, -0.10675337), (-0.69789344, -0.694055, -0.17672692), (-0.29392377, -0.9547086, -0.04626331), (-0.69587326, -0.6524782, -0.30005425), (-0.5751727, -0.7484882, 0.3300633), (-0.69821525, -0.62198466, -0.35444403), (-0.69774806, -0.5904864, -0.4055533), (0.012830026, -0.99830014, 0.056852765), (0.7114035, -0.5284221, -0.46333048), (0.71186584, -0.51325154, -0.47939536), (0.005447874, -0.7072831, -0.7069094), (0.71144676, -0.47938475, -0.51384217), (0.7118715, -0.4627882, -0.52826697), (0.012310512, 0.05615092, -0.9983464), (-0.6983479, -0.40527368, -0.589969), (-0.6986603, -0.35391524, -0.62178594), (-0.29842943, -0.051521294, -0.9530401), (-0.69704074, -0.29951173, -0.65148056), (-0.7019142, -0.22849841, -0.67461467), (-0.70353705, -0.21288368, -0.6780237), (-0.5751727, 0.33006334, -0.7484881), (-0.69712234, 0.5376519, -0.47428986), (-0.6969659, 0.4878242, -0.52561027), (-0.6967936, 0.43311873, -0.57174015), (-0.69726306, 0.58211446, -0.4182906), (-0.6966047, 0.37407312, -0.6122182), (-0.6973898, 0.6207761, -0.35816827), (-0.69639766, 0.31126675, -0.64664006), (-0.6975024, 0.6532597, -0.29452026), (-0.69453096, 0.68355256, -0.22446083), (-0.6961728, 0.24531741, -0.6746576), (-0.69581425, 0.6995597, -0.1626616), (-0.6960578, 0.1771684, -0.6957837), (-0.6971199, 0.71139735, -0.08909325), (-0.6960578, 0.10701018, -0.7099665), (-0.69711953, 0.71673346, -0.01781823), (-0.6960578, 0.035788592, -0.7170932), (-0.69711983, 0.7149456, 0.05363432), (-0.6960578, -0.035788618, -0.7170932), (-0.6971198, 0.70605284, 0.12455293), (-0.6960578, -0.1070102, -0.7099664), (-0.69727916, 0.6901722, 0.19355662), (-0.6960578, -0.17716832, -0.6957837), (-0.6961727, -0.24531744, -0.6746576), (-0.6976012, 0.66687596, 0.26197138), (-0.6963978, -0.31126678, -0.6466398), (-0.69768876, 0.63740396, 0.3270269), (-0.69660455, -0.37407312, -0.61221844), (-0.6977626, 0.6016216, 0.38881713), (-0.6967937, -0.43311885, -0.57174003), (-0.6978258, 0.5598821, 0.44673392), (-0.696966, -0.487824, -0.5256102), (-0.6978777, 0.5126016, 0.5002063), (-0.6971223, -0.5376519, -0.47428995), (-0.69791836, 0.4602483, 0.548709), (-0.69726336, -0.58211434, -0.4182903), (-0.6979487, 0.40333942, 0.5917642), (-0.6973897, -0.6207761, -0.3581683), (-0.69796914, 0.3424381, 0.62894773), (-0.6975023, -0.6532597, -0.29452044), (-0.69797885, 0.27814674, 0.6598939), (-0.6945313, -0.6835522, -0.22446066), (-0.6900319, 0.204253, 0.6943607), (-0.69581443, -0.69955945, -0.16266178), (-0.69531935, 0.14792109, 0.7033138), (-0.6971197, -0.7113976, -0.0890932), (-0.6954741, 0.06983134, 0.7151499), (-0.6971197, -0.7167333, -0.01781816), (-0.69655174, 0.0009321036, 0.71750593), (-0.6971197, -0.7149458, 0.053633995), (-0.6974399, -0.07089371, 0.7131281), (-0.6971197, -0.70605284, 0.12455311), (-0.6979904, -0.14170897, 0.70194584), (-0.69727916, -0.6901721, 0.19355677), (-0.69825125, -0.2109563, 0.6840633), (-0.6976015, -0.6668756, 0.26197147), (-0.69797903, -0.27814662, 0.6598937), (-0.69768834, -0.63740444, 0.32702675), (-0.69796896, -0.34243825, 0.6289478), (-0.6977627, -0.6016215, 0.3888171), (-0.6979487, -0.40333942, 0.5917642), (-0.69782573, -0.5598823, 0.4467338), (-0.6979183, -0.4602482, 0.5487091), (-0.6978775, -0.5126016, 0.5002065), (-0.0013645116, 0.5282452, -0.84909075), (0.038791716, 0.47853655, -0.8772103), (-0.04528075, 0.57296145, -0.8183305), (0.07457349, 0.42436448, -0.9024154), (0.105304964, 0.36618492, -0.9245645), (-0.09255954, 0.6122487, -0.7852288), (0.13167074, 0.30397853, -0.94353586), (-0.14273961, 0.64573866, -0.750098), (0.15322357, 0.23943217, -0.95874643), (-0.19535081, 0.67312044, -0.713265), (-0.7231322, 0.6665999, -0.18089876), (0.16952771, 0.17268218, -0.9702789), (0.1803116, 0.10438281, -0.9780552), (0.18564188, 0.034969855, -0.981995), (0.18553454, -0.034796268, -0.98202145), (-0.88661134, -0.44884998, -0.11159747), (0.18001491, -0.10421027, -0.97812825), (0.16938588, -0.17304759, -0.9702386), (0.15333445, -0.23923005, -0.9587792), (0.13163291, -0.30416033, -0.9434825), (0.10544943, -0.36616626, -0.9245554), (0.07457163, -0.42435825, -0.9024185), (0.038799103, -0.47854108, -0.8772075), (-0.0013670608, -0.52824914, -0.8490883), (-0.04528975, -0.57295334, -0.8183357), (-0.09256487, -0.6122426, -0.78523296), (-0.14274207, -0.6457351, -0.7501006), (-0.19534475, -0.67312783, -0.7132597), (-0.72313267, -0.6665998, -0.18089743), (-0.886609, 0.44885442, -0.11159809), (-0.62899303, 0.65143013, -0.4242718), (-0.6232885, 0.6542878, -0.4282743), (-0.6289951, -0.6514264, -0.42427453), (-0.6232878, -0.6542904, -0.4282714), (-0.89114827, 0.2527947, 0.37676197), (-0.667616, 0.638818, -0.38236162), (-0.7183803, 0.603078, -0.34673718), (-0.7659785, 0.56128055, -0.31343427), (-0.8099352, 0.51389575, -0.2826944), (-0.8498068, 0.46145484, -0.25473088), (-0.88520044, 0.40441227, -0.2299368), (-0.9157637, 0.34333944, -0.20855425), (-0.9412015, 0.27885765, -0.19073048), (-0.9612603, 0.21161659, -0.17662667), (-0.9757159, 0.14224683, -0.16656643), (-0.9844552, 0.07147971, -0.16043228), (-0.98735845, -6.0833935e-7, -0.15850312), (-0.98445266, -0.071482494, -0.16044675), (-0.9757143, -0.14224504, -0.1665771), (-0.96126115, -0.21161918, -0.17661923), (-0.94120103, -0.2788598, -0.19072972), (-0.9157641, -0.34334415, -0.20854466), (-0.8851999, -0.40441385, -0.229936), (-0.8498063, -0.4614597, -0.2547238), (-0.80993414, -0.513907, -0.28267696), (-0.7659781, -0.5612855, -0.3134265), (-0.7183796, -0.6030689, -0.34675446), (-0.6676324, -0.63879144, -0.3823774), (-0.8911483, -0.2527941, 0.37676224), (-0.30151135, -0.30151135, 0.90453404), (0.30151135, -0.30151135, 0.90453404), (-0.7179874, -0.69605607, 7.64323e-9), (-0.71441865, -0.69605577, 0.07150078), (-0.7037451, -0.696061, 0.14227371), (-0.6860885, -0.6960617, 0.21161449), (-0.6616145, -0.6960496, 0.27889293), (-0.6305405, -0.6960612, 0.3433912), (-0.5932296, -0.6960618, 0.4044461), (-0.5500171, -0.6960533, 0.4615094), (-0.5013217, -0.69605947, 0.51398236), (-0.44765982, -0.6960579, 0.5613413), (-0.38954064, -0.6960562, 0.6031284), (-0.3275473, -0.6960578, 0.63891804), (-0.2623062, -0.69605863, 0.6683546), (-0.19446255, -0.69605905, 0.69114846), (-0.12467978, -0.69605637, 0.7070788), (-0.053653862, -0.69605803, 0.71597797), (0.017900378, -0.6960578, 0.7177626), (0.089276254, -0.69605815, 0.7124133), (0.15976478, -0.69605786, 0.6999848), (0.22866762, -0.69605756, 0.68059903), (0.29530606, -0.69605535, 0.6544473), (0.35899898, -0.69606, 0.6217879), (0.4191132, -0.69606006, 0.58296186), (0.47507352, -0.6960569, 0.53834003), (0.52633053, -0.69605273, 0.4883511), (0.57232237, -0.6960661, 0.43351945), (0.6126461, -0.6960537, 0.37439826), (0.6468932, -0.69605297, 0.31151158), (0.6746882, -0.69606173, 0.24554813), (0.69578147, -0.69605964, 0.1771697), (0.70996225, -0.6960599, 0.10702458), (0.71709585, -0.6960545, 0.035799604), (0.71709585, -0.6960545, -0.035799585), (0.70996225, -0.6960599, -0.107024595), (0.69578147, -0.69605964, -0.17716977), (0.67468816, -0.6960618, -0.24554804), (0.64689326, -0.6960529, -0.31151152), (0.6126461, -0.6960537, -0.37439826), (0.57232237, -0.6960661, -0.4335195), (0.5263305, -0.6960528, -0.48835108), (0.4750737, -0.6960569, -0.53833985), (0.41911322, -0.69605994, -0.582962), (0.35899895, -0.6960601, -0.6217878), (0.2953062, -0.6960553, -0.6544473), (0.22866754, -0.69605756, -0.68059903), (0.15976444, -0.69605774, -0.69998497), (0.08927616, -0.6960584, -0.71241313), (0.017900534, -0.6960577, -0.7177627), (-0.053653933, -0.6960581, -0.7159779), (-0.12467979, -0.6960563, -0.7070789), (-0.19446246, -0.6960591, -0.6911484), (-0.2623064, -0.6960585, -0.66835463), (-0.32754713, -0.696058, -0.6389179), (-0.3895405, -0.69605607, -0.6031287), (-0.4476599, -0.696058, -0.56134117), (-0.50132173, -0.6960594, -0.5139823), (-0.5500171, -0.6960534, -0.46150935), (-0.59322965, -0.69606173, -0.40444607), (-0.6305405, -0.6960612, -0.34339115), (-0.6616144, -0.69604963, -0.278893), (-0.6860885, -0.6960617, -0.21161453), (-0.7037451, -0.6960611, -0.1422737), (-0.71441865, -0.69605577, -0.07150079), (-0.7179874, -0.69605607, 7.64323e-9), (-0.7144149, -0.6960617, 0.0714809), (-0.7037546, -0.6960552, 0.14225583), (-0.6860885, -0.6960617, 0.21161449), (-0.6616145, -0.6960496, 0.27889293), (-0.6305442, -0.69606626, 0.34337413), (-0.5932381, -0.69605196, 0.40445057), (-0.5499975, -0.69605374, 0.46153218), (-0.5013084, -0.6960638, 0.5139893), (-0.44766667, -0.69606143, 0.5613315), (-0.3895454, -0.69604975, 0.6031328), (-0.32754338, -0.6960632, 0.63891417), (-0.26231974, -0.6960581, 0.6683498), (-0.19446136, -0.69605446, 0.69115335), (-0.12467074, -0.696059, 0.7070778), (-0.053653862, -0.69605803, 0.71597797), (0.017900378, -0.6960578, 0.7177626), (0.089276254, -0.69605815, 0.7124133), (0.15977584, -0.69605464, 0.69998544), (0.22866923, -0.6960629, 0.68059295), (0.2953004, -0.6960532, 0.65445215), (0.3589882, -0.6960632, 0.6217905), (0.41911843, -0.6960531, 0.5829664), (0.4750803, -0.6960606, 0.5383292), (0.52633053, -0.69605273, 0.4883511), (0.57232237, -0.6960661, 0.43351945), (0.6126594, -0.69604844, 0.3743862), (0.6468835, -0.6960637, 0.31150782), (0.674687, -0.69605625, 0.24556695), (0.6957712, -0.6960655, 0.17718694), (0.709965, -0.69605404, 0.10704444), (0.71709585, -0.6960545, 0.035799604), (0.71709585, -0.6960545, -0.035799585), (0.709965, -0.69605404, -0.107044466), (0.6957712, -0.6960655, -0.17718701), (0.67468697, -0.6960563, -0.24556686), (0.64688355, -0.69606364, -0.31150776), (0.6126594, -0.69604844, -0.3743862), (0.57232237, -0.6960661, -0.4335195), (0.5263305, -0.6960528, -0.48835108), (0.4750805, -0.6960606, -0.53832906), (0.41911843, -0.696053, -0.5829665), (0.35898817, -0.69606334, -0.6217904), (0.29530054, -0.6960531, -0.6544522), (0.22866915, -0.696063, -0.68059295), (0.1597755, -0.6960545, -0.6999856), (0.08927616, -0.6960584, -0.71241313), (0.017900534, -0.6960577, -0.7177627), (-0.053653933, -0.6960581, -0.7159779), (-0.124670744, -0.696059, -0.70707786), (-0.19446127, -0.6960545, -0.6911533), (-0.26231992, -0.696058, -0.66834986), (-0.32754317, -0.69606346, -0.63891405), (-0.38954526, -0.6960496, -0.603133), (-0.44766676, -0.69606143, -0.5613314), (-0.50130844, -0.6960638, -0.5139893), (-0.54999757, -0.69605374, -0.46153212), (-0.5932382, -0.6960519, -0.4044505), (-0.6305442, -0.69606626, -0.34337407), (-0.6616144, -0.69604963, -0.278893), (-0.6860885, -0.6960617, -0.21161453), (-0.70375454, -0.6960552, -0.14225581), (-0.7144149, -0.6960617, -0.071480915), (-0.58001786, -0.36256498, 0.7294696), (-0.7190127, 0.17310925, 0.67309284), (-0.72425646, 0.04339475, 0.6881638), (-0.71630347, -0.034827884, 0.6969192), (-0.719339, 0.09815049, 0.68769026), (-0.7165675, -0.10414144, 0.6896996), (-0.71712124, -0.17241399, 0.6752855), (-0.57945204, 0.3617965, 0.73030037), (-0.5800179, -0.36256516, -0.7294695), (-0.7185002, 0.17162648, -0.67401916), (-0.7185002, 0.10366284, -0.6877583), (-0.71850014, 0.034669105, -0.6946622), (-0.71850014, -0.03466913, -0.6946622), (-0.71850014, -0.10366287, -0.6877583), (-0.7185002, -0.1716264, -0.6740192), (-0.5800179, 0.36256525, -0.7294694), (-0.30877748, 0.011075615, -0.95106983), (-0.9045341, 3.7415905e-8, 0.42640135), (-0.904534, -0.42640153, 3.87298e-8), (-0.7173666, 0.5156091, -0.46854293), (-0.7175204, 0.46774068, -0.5161231), (-0.71722746, 0.55865294, -0.41652334), (-0.7176895, 0.4155049, -0.5588179), (-0.7171022, 0.5964613, -0.36055282), (-0.71787465, 0.35939983, -0.59622794), (-0.71699095, 0.62867177, -0.3011575), (-0.71807617, 0.29995924, -0.6280056), (-0.30847248, 0.9512094, -0.0067373575), (0.5773501, -0.0000016785773, -0.81649673), (0.5773497, 0.81649697, 0.000004118949), (-0.58001786, 0.72946954, 0.36256507), (-0.7183831, 0.6738541, -0.17276108), (-0.7174503, 0.688821, -0.103878126), (-0.71745056, 0.69574076, -0.034777794), (-0.71745056, 0.6957462, 0.034668993), (-0.7174504, 0.6888372, 0.103770405), (-0.71780473, 0.6745493, 0.1724518), (-0.58001786, 0.72946954, -0.36256513), (-0.3066693, 0.9517317, 0.012677903), (-0.7168046, 0.62925154, 0.3003892), (-0.71672887, 0.597263, 0.35996762), (-0.90453404, 0, -0.42640144), (-0.7166643, 0.5596356, 0.41617334), (-0.7166107, 0.5167235, 0.46847188), (-0.71656716, 0.46893153, 0.51636684), (-0.90453404, -0.42640144, 2.1310518e-17), (-0.7165335, 0.41671044, 0.5594034), (-0.71650994, 0.36055338, 0.59717226), (-0.71649545, 0.30099297, 0.6293151), (-0.3080145, 0.0025057239, 0.95137835), (0.5773495, 0.81649715, -0.0000061024616), (0.5773495, -0.0000061024616, 0.81649715), (-0.30687386, -0.014346418, 0.95164204), (-0.904534, 3.3113714e-8, -0.42640156), (-0.71656704, -0.46893153, 0.5163671), (-0.71661067, -0.51672345, 0.46847197), (-0.7166644, -0.55963564, 0.41617322), (-0.7167289, -0.597263, 0.3599675), (-0.9045341, 0.42640132, 3.3113697e-8), (-0.7165098, -0.3605536, 0.5971723), (-0.7165335, -0.41671035, 0.5594035), (-0.7164956, -0.30099297, 0.62931496), (-0.30666983, -0.9517315, 0.012678027), (-0.71680427, -0.62925196, 0.3003892), (0.5773497, 0.0000040998307, 0.81649697), (0.57735, -0.81649673, -0.000002002629), (-0.5800179, -0.7294694, -0.3625653), (-0.71838295, -0.67385423, -0.17276105), (-0.5800179, -0.7294694, 0.36256528), (-0.7174505, -0.68882084, -0.103878126), (-0.7174505, -0.6957409, -0.034777522), (-0.71745044, -0.6957463, 0.034668703), (-0.7174505, -0.68883705, 0.1037704), (-0.7178046, -0.67454946, 0.17245182), (-0.30847284, -0.9512093, -0.0067372746), (-0.30877748, -0.011075483, -0.95106983), (-0.71807635, -0.29995942, -0.6280054), (-0.71787447, -0.35939986, -0.5962281), (-0.90453404, 0.42640144, 5.6160863e-9), (-0.71768945, -0.41550493, -0.5588179), (-0.7175204, -0.4677406, -0.5161232), (-0.90453404, -4.3022084e-9, 0.42640144), (-0.71736664, -0.5156089, -0.46854302), (-0.7172276, -0.5586529, -0.41652313), (-0.7171024, -0.59646124, -0.36055252), (-0.7169906, -0.628672, -0.30115786), (0.57735026, -0.8164966, -1.91182e-8), (0.5773503, -3.6228786e-7, -0.81649655), (-0.0010906167, -0.08674858, 0.99622965), (0.0004126458, 0.010306975, 0.9999468), (1.0213183e-8, -0.17364831, 0.9848077), (0.0010907905, -0.25921404, 0.9658193), (-0.7060002, -0.27994508, -0.650534), (-0.70600003, 0.27994496, -0.6505342), (-0.21414071, -0.6525682, -0.72684145), (-0.163141, -0.6260198, -0.7625511), (-0.11449342, -0.5935459, -0.7966144), (-0.068665795, -0.5554567, -0.82870555), (-0.026082354, -0.5121172, -0.85851943), (0.012848835, -0.46392643, -0.8857806), (0.04779757, -0.41146016, -0.91017354), (0.7255884, -0.547136, -0.4173292), (0.07859429, -0.355175, -0.93149), (0.935619, -0.22752677, -0.2699049), (0.10483131, -0.29528838, -0.9496395), (0.94185567, -0.19102873, -0.27643436), (0.36769506, -0.8576178, -0.3595721), (0.12587915, -0.23247474, -0.96442205), (0.94656366, -0.15735342, -0.28152648), (-0.37890604, -0.6206117, -0.686492), (0.14177318, -0.16777705, -0.97557735), (0.9500513, -0.1263321, -0.28538173), (-0.35962766, -0.55380875, -0.7509752), (0.95265037, -0.09633882, -0.28840277), (0.1525734, -0.10124753, -0.9830922), (-0.34408027, -0.47777915, -0.808292), (0.95431507, -0.06866192, -0.29080626), (0.9553583, -0.043068115, -0.29229373), (0.1579282, -0.03384878, -0.9868703), (-0.3328825, -0.40093118, -0.853489), (0.9560026, -0.017615302, -0.29282883), (-0.32269865, -0.31416973, -0.89283985), (0.9561089, 0.007383931, -0.29291835), (0.15789871, 0.03387532, -0.9868741), (-0.31560314, -0.22731124, -0.9212623), (0.9556902, 0.03289319, -0.2925308), (-0.31170788, -0.14580075, -0.9389251), (0.95477206, 0.057836454, -0.29165944), (0.1524777, 0.101272896, -0.98310447), (-0.309301, -0.05831607, -0.94917446), (0.95327985, 0.08344559, -0.2903349), (-0.30921853, 0.02349923, -0.95070064), (0.9513511, 0.108326934, -0.28843778), (0.14173727, 0.16769943, -0.97559595), (-0.31070432, 0.11297571, -0.9437687), (0.9487666, 0.13405463, -0.28613156), (-0.31366828, 0.19106878, -0.93011016), (0.125818, 0.23252529, -0.9644179), (0.94583464, 0.15885098, -0.28313106), (-0.31910023, 0.2749126, -0.90697193), (0.9421435, 0.18462506, -0.27978417), (-0.32475626, 0.3441953, -0.8809444), (0.10485122, 0.29520112, -0.9496644), (0.9381871, 0.20935716, -0.2756348), (-0.33341175, 0.4162171, -0.8459314), (0.93332124, 0.2344627, -0.27191675), (0.07862668, 0.3552249, -0.93146825), (0.9291313, 0.25457504, -0.26815397), (-0.34163326, 0.47477987, -0.8110923), (0.72045946, 0.5545423, -0.4164385), (-0.35286483, 0.5322204, -0.76956344), (0.04779734, 0.41146013, -0.9101736), (-0.36344185, 0.5792088, -0.72967607), (-0.37488627, 0.6192068, -0.6899589), (-0.38280237, 0.64645165, -0.65997165), (0.368117, 0.858598, -0.35679036), (0.012849139, 0.4639264, -0.8857806), (-0.026082275, 0.51211685, -0.8585197), (-0.06866624, 0.5554569, -0.8287054), (-0.1144931, 0.5935462, -0.7966142), (-0.2141406, 0.6525685, -0.7268412), (-0.16314133, 0.6260195, -0.7625513), (-0.5773502, 0.8164966, 4.764819e-8), (-0.57735026, -9.248537e-8, 0.8164966), (-0.57735026, -0.81649655, 1.2761518e-7), (-0.57735026, -3.3336443e-7, -0.8164966), (-0.57735014, -3.8331132e-7, 0.8164967), (-0.57735026, -0.8164966, -2.3219243e-7), (-0.57735026, -2.3219243e-7, -0.8164966), (-0.57735014, 0.8164967, -3.8331132e-7), (-0.57735026, -0.8164966, -3.2855297e-7), (-0.57735026, 1.3137321e-7, -0.81649655), (-0.57735026, 0.8164966, -1.008192e-7), (-0.5773502, 5.4758342e-8, 0.8164966), (-0.57735026, -4.838753e-9, -0.81649655), (-0.57735026, 0.8164966, -3.758034e-9), (-0.57735026, -8.333828e-9, 0.81649655), (-0.57735026, -0.8164966, -1.6760342e-8), (-0.010528974, 0.5388423, -0.8423408), (0.03153875, 0.48885357, -0.87179554), (0.069311, 0.43399078, -0.8982472), (-0.056468807, 0.5834628, -0.81017435), (0.10241939, 0.3748079, -0.92142785), (-0.10582459, 0.6222725, -0.7756147), (0.13052636, 0.31188866, -0.94111013), (-0.15810043, 0.65488183, -0.73900884), (-0.21278185, 0.6809632, -0.7007232), (0.15336056, 0.24586512, -0.957095), (-0.4665149, 0.72771174, -0.5027917), (-0.30689028, 0.7284624, -0.61250377), (0.17068087, 0.17738596, -0.9692277), (-0.5685483, 0.6847044, -0.45599636), (0.18233076, 0.10714442, -0.977382), (0.18818271, 0.03583369, -0.9814801), (-0.6057677, 0.66947883, -0.42993435), (0.18818271, -0.03583369, -0.9814801), (0.1823309, -0.107144624, -0.97738194), (0.17068142, -0.17738636, -0.9692275), (0.15336078, -0.24586393, -0.95709527), (0.13052563, -0.31188923, -0.9411101), (0.10241957, -0.37480766, -0.92142797), (0.069310896, -0.4339915, -0.8982468), (0.031539492, -0.4888527, -0.871796), (-0.010529699, -0.5388428, -0.8423405), (-0.8040923, -0.5773502, -0.14178295), (-0.8886562, 0.44491604, -0.111084834), (-0.765803, -0.301511, -0.56801134), (-0.056468885, -0.5834627, -0.8101744), (-0.105824456, -0.62227243, -0.7756147), (-0.15810053, -0.6548817, -0.7390089), (-0.21278147, -0.6809632, -0.7007233), (-0.8040923, 0.5773502, -0.14178295), (-0.765803, 0.301511, -0.56801134), (-0.3068904, -0.72846234, -0.61250377), (-0.46651477, -0.7277117, -0.50279194), (-0.56854856, -0.6847043, -0.45599622), (-0.60576797, -0.6694787, -0.4299342), (-0.8886562, -0.44491613, -0.11108478), (-0.30151135, -0.30151135, 0.90453404), (0.30151135, -0.30151135, 0.90453404), (0.30151135, 0.30151135, 0.90453404), (-0.30151135, 0.30151135, 0.90453404), (0.47060233, 0.72846293, 0.49787068), (0.31291232, 0.7277131, 0.61034375), (0.47060227, -0.7284629, 0.4978708), (0.58568674, -0.68096477, 0.4396112), (0.6403676, -0.6548812, 0.40132275), (0.69264644, -0.622272, 0.36471698), (0.7420006, -0.58346385, 0.33015916), (0.78794086, -0.53884214, 0.29799044), (0.83000785, -0.48885092, 0.2685364), (0.8677803, -0.43399534, 0.2420854), (0.9008885, -0.37480736, 0.2189049), (0.9289977, -0.31188795, 0.19922137), (0.9518274, -0.24586341, 0.18323703), (0.9691518, -0.1773909, 0.17110595), (0.98079973, -0.10714183, 0.16294947), (0.98665196, -0.03582934, 0.15885274), (0.98665196, 0.03582934, 0.15885274), (0.98079973, 0.10714162, 0.16294962), (0.9691518, 0.1773905, 0.17110652), (0.95182705, 0.2458646, 0.18323715), (0.92899805, 0.31188738, 0.1992207), (0.9008884, 0.37480757, 0.21890505), (0.8677807, 0.43399465, 0.24208541), (0.83000714, 0.4888518, 0.26853693), (0.78794146, 0.53884166, 0.29798988), (0.7420006, 0.5834639, 0.3301591), (0.6926463, 0.622272, 0.3647171), (0.64036757, 0.6548813, 0.4013226), (0.5856865, 0.68096477, 0.43961152), (0.31291258, -0.72771305, 0.6103437), (0.19682232, -0.66947854, 0.7162817), (-0.19955148, -0.44491658, 0.87305695), (0.23404357, -0.6847034, 0.69022083), (-0.14178236, 0.5773502, 0.80409235), (0.27183574, 0.301512, 0.9138905), (0.27183574, -0.301512, 0.9138905), (-0.14178236, -0.5773502, 0.80409235), (-0.19955145, 0.4449165, 0.873057), (0.23404379, 0.6847035, 0.6902207), (0.19682252, 0.66947865, 0.71628153), (0.57735026, -0.57735026, 0.57735026), (-0.57735026, -0.57735026, 0.57735026), (-0.57735026, 0.57735026, 0.57735026), (0.57735026, 0.57735026, 0.57735026), (-0.57735026, 0.57735026, -0.57735026), (-0.57735026, -0.57735026, -0.57735026), (0.57735026, 0.57735026, -0.57735026), (0.57735026, -0.57735026, -0.57735026)] (
                interpolation = "vertex"
            )
            point3f[] points = [(154.8775, 3.8754141, 6.4425297), (171.35, 3.6347723, 7.2226334), (154.8775, 3.6347723, 7.2226334), (171.35, 3.9188042, 6.3228707), (154.8775, 4.180801, 5.685424), (171.35, 4.2889094, 5.45496), (49.2425, 3.8754141, 6.4425297), (49.2425, 3.6347723, 7.2226334), (27.78, 3.6347723, 7.2226334), (154.8775, 4.5487695, 4.956679), (171.35, 4.7415867, 4.6271133), (27.78, 3.9188042, 6.3228707), (49.2425, 4.180801, 5.685424), (154.8775, 4.9767137, 4.2614565), (171.35, 5.272552, 3.847163), (27.78, 4.2889094, 5.45496), (49.2425, 4.5487695, 4.956679), (154.8775, 5.461602, 3.6046815), (171.35, 5.876783, 3.122489), (27.78, 4.7415867, 4.6271133), (49.2425, 4.9767137, 4.2614565), (154.8775, 6, 2.9910057), (171.35, 6.548561, 2.459948), (27.78, 5.272552, 3.847163), (49.2425, 5.461602, 3.6046815), (49.2425, 6, 2.9910057), (27.78, 5.876783, 3.122489), (27.78, 6.548561, 2.459948), (27.78, 7.2815313, 1.8658086), (171.35, 7.2815313, 1.8658086), (27.78, 8.068758, 1.3456924), (171.35, 8.068758, 1.3456924), (27.78, 8.902793, 0.90452045), (171.35, 8.902793, 0.90452045), (27.78, 9.775744, 0.54646707), (171.35, 9.775744, 0.54646707), (27.78, 10.679354, 0.27491996), (171.35, 10.679354, 0.27491996), (27.78, 11.60507, 0.092448466), (171.35, 11.60507, 0.092448466), (27.78, 12.544135, 0.00077904604), (171.35, 12.544135, 0.00077904604), (27.78, 13.487664, 0.00077904604), (171.35, 13.487664, 0.00077904604), (27.78, 14.42673, 0.092448466), (171.35, 14.42673, 0.092448466), (27.78, 15.352447, 0.27491996), (171.35, 15.352447, 0.27491996), (27.78, 16.256056, 0.54646707), (171.35, 16.256056, 0.54646707), (27.78, 17.129007, 0.90452045), (171.35, 17.129007, 0.90452045), (27.78, 17.963041, 1.3456924), (171.35, 17.963041, 1.3456924), (27.78, 18.750269, 1.8658086), (171.35, 18.750269, 1.8658086), (27.78, 19.483238, 2.459948), (171.35, 19.483238, 2.459948), (27.78, 20.155018, 3.122489), (171.35, 20.155018, 3.122489), (27.78, 20.759249, 3.847163), (171.35, 20.759249, 3.847163), (27.78, 21.290213, 4.6271133), (171.35, 21.290213, 4.6271133), (27.78, 21.742891, 5.45496), (171.35, 21.742891, 5.45496), (27.78, 22.112995, 6.3228707), (171.35, 22.112995, 6.3228707), (27.78, 22.397028, 7.2226334), (171.35, 22.397028, 7.2226334), (27.78, 19.33305, 7.2226334), (27.77, 19.333282, 7.2226334), (27.77, 19.24531, 7.2226334), (171.35, 19.24531, 7.2226334), (171.35, 19.427254, 2.6789842), (171.35, 20.037235, 3.2900167), (171.35, 18.764345, 2.125878), (171.35, 20.589207, 3.9538815), (171.35, 18.053965, 1.63524), (171.35, 21.078617, 4.6651006), (171.35, 17.301931, 1.2110974), (171.35, 21.50145, 5.4178305), (171.35, 16.514523, 0.85699457), (171.35, 21.854208, 6.205867), (171.35, 15.698239, 0.57584643), (171.35, 22.133953, 7.0226345), (171.35, 14.859787, 0.36996198), (171.35, 14.006073, 0.24104433), (171.35, 13.144207, 0.19016762), (171.35, 17.80275, 5.0014367), (171.35, 17.702156, 4.831163), (171.35, 18.049025, 5.191506), (171.35, 17.313501, 4.5492), (171.35, 17.329548, 4.497486), (171.35, 18.244667, 5.500028), (171.35, 18.368254, 5.57654), (171.35, 16.933256, 4.1923184), (171.35, 16.781755, 4.14779), (171.35, 16.515476, 3.9173462), (171.35, 18.63488, 6.040044), (171.35, 18.658102, 5.984161), (171.35, 18.916975, 6.412135), (171.35, 16.212772, 3.8011756), (171.35, 16.078457, 3.6740506), (171.35, 18.96953, 6.6161447), (171.35, 19.074594, 6.7136126), (171.35, 19.216818, 7.0226345), (171.35, 15.612178, 3.5127847), (171.35, 15.624622, 3.463784), (171.35, 12.281328, 0.2177435), (171.35, 15.156475, 3.2877047), (171.35, 14.98591, 3.2854683), (171.35, 14.676579, 3.1467755), (171.35, 14.340163, 3.121475), (171.35, 14.187559, 3.0417666), (171.35, 11.424476, 0.32354608), (171.35, 13.681321, 3.0224257), (171.35, 13.692093, 2.973256), (171.35, 13.192921, 2.9416227), (171.35, 10.580789, 0.5066963), (171.35, 13.0159, 2.9893), (171.35, 12.692802, 2.9470384), (171.35, 12.350478, 3.0224257), (171.35, 12.194442, 2.9894724), (171.35, 9.757226, 0.7656785), (171.35, 11.691637, 3.121475), (171.35, 11.700594, 3.0686917), (171.35, 11.213977, 3.1842592), (171.35, 8.960558, 1.0983638), (171.35, 11.04589, 3.2854683), (171.35, 10.737251, 3.3355415), (171.35, 10.419622, 3.5127847), (171.35, 10.273029, 3.5217116), (171.35, 8.197367, 1.50201), (171.35, 9.819028, 3.8011756), (171.35, 9.823865, 3.7417462), (171.35, 7.4740176, 1.9732438), (171.35, 9.363329, 4.012927), (171.35, 9.250045, 4.14779), (171.35, 8.821153, 4.400956), (171.35, 6.7964597, 2.5081756), (171.35, 8.718299, 4.5492), (171.35, 8.319901, 4.8405805), (171.35, 8.22905, 5.0014367), (171.35, 6.170259, 3.1024053), (171.35, 7.8644595, 5.3275175), (171.35, 7.787133, 5.500028), (171.35, 5.6210284, 3.7255883), (171.35, 7.4592786, 5.85701), (171.35, 7.3969207, 6.040044), (171.35, 5.145872, 4.3683367), (171.35, 7.108311, 6.423892), (171.35, 7.0622697, 6.6161447), (171.35, 6.8149815, 7.0226345), (171.35, 4.7264323, 5.048749), (171.35, 6.7864895, 7.2226334), (171.35, 4.3656754, 5.76201), (171.35, 4.109429, 6.3840375), (171.35, 3.8978472, 7.0226345), (27.77, 6.7864895, 7.2226334), (27.77, 6.6985183, 7.2226334), (27.78, 6.6987495, 7.2226334), (49.2425, 6, 7.2226334), (53.33, 6.01, 7.2226334), (53.33, 6, 7.2226334), (75.47, 6.01, 7.2226334), (62.23, 6.01, 7.2226334), (62.23, 6, 7.2226334), (75.47, 6, 7.2226334), (97.61, 6.01, 7.2226334), (84.37, 6.01, 7.2226334), (84.37, 6, 7.2226334), (97.61, 6, 7.2226334), (119.75, 6.01, 7.2226334), (106.51, 6.01, 7.2226334), (106.51, 6, 7.2226334), (119.75, 6, 7.2226334), (141.89, 6.01, 7.2226334), (128.65, 6.01, 7.2226334), (128.65, 6, 7.2226334), (141.89, 6, 7.2226334), (154.8775, 6, 7.2226334), (150.79, 6.01, 7.2226334), (150.79, 6, 7.2226334), (154.8775, -4, -5.9307), (154.8775, 6, -5.9307), (154.8775, 6, 17), (154.8775, -4, 17), (49.2425, 6, -5.9307), (49.2425, -4, -5.9307), (49.2425, 6, 17), (49.2425, -4, 17), (27.78, 25.620045, -2.861207), (27.78, 26.831182, -1.5492425), (27.78, 24.284885, -4.0467243), (27.78, 27.90638, -0.123740874), (27.78, 22.838839, -5.09413), (27.78, 28.835058, 1.4012715), (27.78, 21.296139, -5.993117), (27.78, 29.608078, 3.0107884), (27.78, 19.67196, -6.73484), (27.78, 30.217834, 4.688973), (27.78, 17.982288, -7.312), (27.78, 30.658325, 6.4193115), (27.78, 30.925219, 8.184778), (27.78, 31.015888, 9.968001), (27.78, 30.92944, 11.751434), (27.78, 30.666725, 13.517528), (27.78, 8.049511, -7.312), (27.78, 19.63327, 8.1739235), (27.78, 19.500624, 7.692754), (27.78, 19.751831, 8.808042), (27.78, 19.809765, 9.450519), (27.78, 19.806564, 10.095496), (27.78, 6.3598394, -6.73484), (27.78, 19.742252, 10.737396), (27.78, 19.6174, 11.370312), (27.78, 30.23033, 15.248903), (27.78, 4.735662, -5.993117), (27.78, 19.43315, 11.9885), (27.78, 29.624546, 16.928526), (27.78, 3.1929605, -5.09413), (27.78, 19.191164, 12.586425), (27.78, 28.855337, 18.539867), (27.78, 18.8936, 13.15875), (27.78, 27.930271, 20.067074), (27.78, 1.7469153, -4.0467243), (27.78, 18.543118, 13.700344), (27.78, 26.85845, 21.495115), (27.78, 18.142881, 14.206298), (27.78, 0.411755, -2.861207), (27.78, 25.650421, 22.809942), (27.78, 17.69659, 14.671961), (27.78, -0.7993827, -1.5492425), (27.78, 24.31807, 23.998617), (27.78, 17.208122, 15.093295), (27.78, -1.8745804, -0.123740874), (27.78, 22.874508, 25.049442), (27.78, 16.122711, 15.788079), (27.78, 16.681894, 15.466471), (27.78, 6.488747, 7.8323975), (27.78, 6.337446, 8.459357), (27.78, 6.2462206, 9.097864), (27.78, 6.2159004, 9.742052), (27.78, 6.2467422, 10.386217), (27.78, -2.8032582, 1.4012715), (27.78, 21.333939, 25.952078), (27.78, 15.535603, 16.05524), (27.78, 6.338485, 11.02465), (27.78, -3.5762782, 3.0107884), (27.78, 19.71152, 26.697641), (27.78, 14.925817, 16.265572), (27.78, -4.1860337, 4.688973), (27.78, -4.626526, 6.4193115), (27.78, 14.5159, 26.7893), (27.78, 18.023218, 27.2788), (27.78, 16.285646, 27.68983), (27.78, 13.0159, 16.5393), (27.78, 13.660205, 16.508707), (27.78, 14.2987995, 16.417187), (27.78, -4.893419, 8.184778), (27.78, 14.5159, 27.926691), (27.78, -4.9840875, 9.968001), (27.78, 11.5159, 26.7893), (27.78, 10.767692, 16.156897), (27.78, 11.38578, 16.34102), (27.78, 12.01858, 16.465767), (27.78, 12.515925, 16.520895), (27.78, -4.8976393, 11.751434), (27.78, 9.746154, 27.68983), (27.78, 11.5159, 27.926691), (27.78, -4.634925, 13.517528), (27.78, 6.4902935, 11.651486), (27.78, 8.008581, 27.2788), (27.78, -4.1985292, 15.248903), (27.78, 6.700789, 12.26108), (27.78, 6.32028, 26.697641), (27.78, 10.16985, 15.915059), (27.78, -3.5927465, 16.928526), (27.78, 6.9680843, 12.847985), (27.78, 4.697862, 25.952078), (27.78, 9.5975895, 15.617663), (27.78, -2.8235376, 18.539867), (27.78, 7.2897964, 13.406961), (27.78, 3.1572928, 25.049442), (27.78, 9.056038, 15.267364), (27.78, -1.8984712, 20.067074), (27.78, 7.663045, 13.932979), (27.78, 1.7137305, 23.998617), (27.78, 8.5501, 14.867325), (27.78, -0.82665014, 21.495115), (27.78, 8.084423, 14.421238), (27.78, 0.38137937, 22.809942), (27.77, 7.0622697, 6.6161447), (27.77, 7.3969207, 6.040044), (27.77, 7.787133, 5.500028), (27.77, 8.22905, 5.0014367), (27.77, 8.718299, 4.5492), (27.77, 9.250045, 4.14779), (27.77, 9.819028, 3.8011756), (27.77, 10.419622, 3.5127847), (27.77, 11.04589, 3.2854683), (27.77, 11.691637, 3.121475), (27.77, 12.350478, 3.0224257), (27.77, 13.0159, 2.9893), (27.77, 13.681321, 3.0224257), (27.77, 14.340163, 3.121475), (27.77, 14.98591, 3.2854683), (27.77, 15.612178, 3.5127847), (27.77, 16.212772, 3.8011756), (27.77, 16.781755, 4.14779), (27.77, 17.313501, 4.5492), (27.77, 17.80275, 5.0014367), (27.77, 18.244667, 5.500028), (27.77, 18.63488, 6.040044), (27.77, 18.96953, 6.6161447), (27.77, 17.866299, 4.9733477), (27.77, 17.369473, 4.51564), (27.77, 18.31525, 5.478073), (27.77, 16.8297, 4.1094923), (27.77, 18.711914, 6.024849), (27.77, 16.252165, 3.758828), (27.77, 19.052383, 6.6082993), (27.77, 15.642547, 3.4671476), (27.77, 15.007024, 3.237426), (27.77, 14.351912, 3.0719283), (27.77, 13.6836405, 2.9722626), (27.77, 13.008743, 2.9394038), (27.77, 12.333842, 2.9736905), (27.77, 11.665646, 3.0747979), (27.77, 11.01094, 3.2416794), (27.77, 10.3759985, 3.4727147), (27.77, 9.766992, 3.7656863), (27.77, 9.1901045, 4.117636), (27.77, 8.651053, 4.525056), (27.77, 8.155118, 4.9839363), (27.77, 7.7071443, 5.489794), (27.77, 7.311542, 6.0376735), (27.77, 6.9758654, 6.615153), (22.78, 13.0159, 16.9893), (22.78, 12.470626, 16.96803), (22.78, 11.928582, 16.904337), (22.78, 11.292181, 16.773752), (22.78, 10.670673, 16.584747), (22.78, 10.069386, 16.33895), (22.78, 8.947819, 15.685853), (22.78, 9.493454, 16.038464), (22.78, 8.437212, 15.284167), (22.78, 7.9661274, 14.836959), (22.78, 7.5384793, 14.347954), (22.78, 7.157977, 13.821367), (22.78, 6.827952, 13.2618065), (22.78, 6.551238, 12.674099), (22.78, 6.330196, 12.0632715), (22.78, 6.16672, 11.434544), (22.78, 6.062229, 10.793328), (22.78, 6.0176373, 10.145236), (22.78, 6.0333123, 9.495877), (22.78, 6.10913, 8.850648), (22.78, 6.2444377, 8.215238), (22.78, 6.4380536, 7.5951543), (22.78, 6.6883087, 6.9957085), (22.78, 6.9930663, 6.4220214), (22.78, 7.349722, 5.879017), (22.78, 7.755187, 5.371411), (22.78, 8.205876, 4.903666), (22.78, 8.698048, 4.479658), (22.78, 9.22744, 4.1030817), (22.78, 9.789426, 3.7772257), (22.78, 10.379166, 3.5048854), (22.78, 10.991616, 3.288384), (22.78, 12.26351, 3.0298526), (22.78, 11.621542, 3.1295795), (22.78, 12.911888, 2.9900727), (22.78, 13.561132, 3.0105665), (22.78, 14.205786, 3.0911717), (22.78, 14.840167, 3.23119), (22.78, 15.458791, 3.4294004), (22.78, 16.056364, 3.6840973), (22.78, 16.627779, 3.9931073), (22.78, 17.168127, 4.3537865), (22.78, 17.672703, 4.763002), (22.78, 18.137085, 5.2171445), (22.78, 18.557438, 5.712461), (22.78, 18.930073, 6.24463), (22.78, 19.251745, 6.809013), (22.78, 19.519701, 7.4007554), (22.78, 19.731653, 8.0148), (22.78, 19.88578, 8.645893), (22.78, 19.98074, 9.288583), (22.78, 20.015707, 9.937212), (22.78, 19.990395, 10.586317), (22.78, 19.905005, 11.230363), (22.78, 19.76028, 11.863687), (22.78, 19.557484, 12.480823), (22.78, 19.298355, 13.076492), (22.78, 18.985106, 13.645607), (22.78, 18.620419, 14.183269), (22.78, 18.207466, 14.684791), (22.78, 17.749886, 15.145788), (22.78, 17.251448, 15.562463), (22.78, 16.716515, 15.931139), (22.78, 16.14975, 16.248611), (22.78, 15.556025, 16.512165), (22.78, 14.9404125, 16.71955), (22.78, 14.30818, 16.86898), (22.78, 13.664788, 16.95916), (175.0366, 21.854208, 6.38382), (174.95816, 22.133953, 7.1968107), (178.53304, 22.133953, 7.7158213), (178.689, 21.854208, 6.914085), (175.1123, 21.50145, 5.5994277), (199.97676, 3.8978472, 20.220675), (202.48436, 4.011136, 22.869576), (202.189, 3.8978472, 23.076397), (174.95816, 3.8978472, 7.1968107), (200.5214, 4.13868, 19.75531), (202.7758, 4.13868, 22.6655), (201.04785, 4.4345098, 19.30548), (203.34305, 4.4345098, 22.26832), (201.55484, 4.784251, 18.872286), (203.8893, 4.784251, 21.88583), (201.99474, 5.145872, 18.496418), (204.41115, 5.185712, 21.520426), (202.4834, 5.6210284, 18.078882), (204.90532, 5.6363697, 21.174406), (202.95717, 6.170231, 17.674074), (205.40022, 6.1702313, 20.827862), (197.9987, 4.13868, 17.074604), (197.50114, 3.8978472, 17.59), (194.78493, 3.8978472, 15.20857), (198.47964, 4.4345098, 16.57641), (203.40894, 6.796429, 17.288055), (205.887, 6.796429, 20.487024), (198.94281, 4.784251, 16.096643), (203.81563, 7.473984, 16.940557), (206.3252, 7.4739847, 20.180199), (199.34468, 5.145872, 15.680365), (204.1739, 8.197342, 16.634434), (206.71121, 8.197342, 19.909904), (199.79109, 5.6210284, 15.217938), (204.48079, 8.960539, 16.372217), (207.04185, 8.960539, 19.67838), (200.22389, 6.170231, 14.76961), (195.23082, 4.13868, 14.6478815), (204.73372, 9.757208, 16.1561), (207.31438, 9.757208, 19.487558), (195.66182, 4.4345098, 14.105908), (200.63663, 6.796429, 14.34209), (204.93062, 10.580773, 15.987861), (207.52654, 10.580773, 19.33901), (196.07689, 4.784251, 13.58398), (201.00815, 7.473984, 13.9572315), (196.43704, 5.145872, 13.131119), (205.06987, 11.424466, 15.868883), (207.67656, 11.424466, 19.23396), (201.33545, 8.197342, 13.618195), (196.83711, 5.6210284, 12.628057), (205.1503, 12.281326, 15.800152), (207.76323, 12.281325, 19.173271), (201.61581, 8.960539, 13.327787), (197.22498, 6.170231, 12.140329), (192.2432, 4.13868, 12.497463), (191.85306, 3.8978472, 13.098286), (205.17126, 13.144211, 15.782239), (207.74414, 14.006073, 19.186636), (207.78581, 13.144207, 19.157455), (201.84688, 9.757208, 13.088435), (192.6203, 4.4345098, 11.916694), (197.59485, 6.796429, 11.67524), (205.13258, 14.006073, 15.815289), (207.63853, 14.859787, 19.26058), (202.02675, 10.580773, 12.902108), (192.98347, 4.784251, 11.357405), (197.92781, 7.473984, 11.25656), (205.03458, 14.859787, 15.8990345), (207.4699, 15.698239, 19.378672), (193.29857, 5.145872, 10.872128), (202.15396, 11.424466, 12.770339), (198.22112, 8.197342, 10.887731), (204.87805, 15.698239, 16.03278), (207.2396, 16.514523, 19.53993), (193.6486, 5.6210284, 10.333055), (202.22745, 12.281326, 12.694219), (198.47237, 8.960539, 10.571803), (204.6643, 16.514523, 16.215416), (206.94952, 17.301931, 19.743036), (193.98798, 6.170231, 9.810416), (189.06331, 4.13868, 10.6431265), (188.73253, 3.8978472, 11.278559), (202.2466, 13.144211, 12.674378), (198.67944, 9.757208, 10.311417), (204.39508, 17.301931, 16.445444), (206.60208, 18.053965, 19.986315), (189.38306, 4.4345098, 10.028904), (194.3116, 6.796429, 9.312034), (202.21126, 14.006073, 12.710981), (198.84064, 10.580773, 10.108716), (204.07263, 18.053967, 16.720972), (206.20018, 18.764345, 20.267733), (189.69098, 4.784251, 9.437398), (194.60292, 7.473984, 8.863385), (202.12172, 14.859787, 12.803732), (189.95815, 5.145872, 8.924168), (198.95465, 11.424466, 9.965366), (203.6996, 18.764349, 17.039696), (205.7471, 19.427254, 20.584982), (194.85956, 8.197342, 8.468153), (201.97873, 15.698239, 12.951856), (190.25494, 5.6210284, 8.354043), (199.0205, 12.281326, 9.882557), (203.2791, 19.427254, 17.398996), (205.24657, 20.037235, 20.935455), (195.07938, 8.960539, 8.129611), (201.78346, 16.514523, 13.154127), (190.54268, 6.170231, 7.8012986), (185.72043, 4.13868, 9.101928), (185.45204, 3.8978472, 9.766124), (199.03766, 13.144211, 9.860973), (202.81454, 20.037235, 17.79593), (204.70276, 20.589207, 21.316233), (195.26056, 9.757208, 7.850586), (201.53752, 17.301931, 13.408887), (185.97986, 4.4345098, 8.4599), (190.81706, 6.796429, 7.2742085), (199.006, 14.006073, 9.900793), (202.30983, 20.589207, 18.227182), (204.12016, 21.078617, 21.72417), (195.4016, 10.580773, 7.633375), (201.24294, 18.053967, 13.714037), (186.2297, 4.784251, 7.8416176), (191.06407, 7.473984, 6.799716), (198.92575, 14.859787, 10.001694), (201.76912, 21.078617, 18.689198), (203.50357, 21.50145, 22.155918), (186.44649, 5.145872, 7.305155), (195.50134, 11.424466, 7.4797654), (200.90216, 18.764349, 14.067028), (191.28166, 8.197342, 6.3817177), (198.7976, 15.698239, 10.162834), (201.19684, 21.50145, 19.178179), (202.85805, 21.854208, 22.607918), (186.68729, 5.6210284, 6.7092214), (195.55896, 12.281326, 7.3910275), (200.518, 19.427254, 14.464958), (191.46805, 8.960539, 6.0236745), (198.6226, 16.514523, 10.382882), (200.59772, 21.854208, 19.690094), (199.97676, 22.133953, 20.220675), (202.189, 22.133953, 23.076397), (197.50114, 22.133953, 17.59), (186.92076, 6.170231, 6.131456), (182.24529, 4.13868, 7.888041), (182.04175, 3.8978472, 8.574893), (195.57399, 13.144211, 7.3679), (200.09361, 20.037235, 14.904566), (191.62167, 9.757208, 5.7285767), (198.4022, 17.301931, 10.660029), (182.44202, 4.4345098, 7.2241135), (187.14339, 6.796429, 5.5805054), (195.54628, 14.006073, 7.4105697), (199.63254, 20.589207, 15.382184), (191.74126, 10.580773, 5.498854), (198.1382, 18.053967, 10.991995), (182.63148, 4.784251, 6.5847416), (187.34381, 7.473984, 5.0845337), (195.47607, 14.859787, 7.518693), (199.13857, 21.078617, 15.893871), (182.79588, 5.145872, 6.02998), (191.82582, 11.424466, 5.336396), (197.83281, 18.764349, 11.376006), (187.52037, 8.197342, 4.6476135), (195.36394, 15.698239, 7.691368), (198.61575, 21.50145, 16.435423), (182.9785, 5.6210284, 5.413719), (191.87468, 12.281326, 5.2425466), (197.48854, 19.427254, 11.808906), (187.6716, 8.960539, 4.2733626), (195.21083, 16.514523, 7.927167), (198.06844, 21.854208, 17.002377), (183.15555, 6.170231, 4.816246), (178.66983, 4.13868, 7.012631), (178.53304, 3.8978472, 7.7158213), (191.88742, 13.144211, 5.2180867), (197.10822, 20.037235, 12.287146), (187.79623, 9.757208, 3.964906), (195.01799, 17.301931, 8.224153), (178.80206, 4.4345098, 6.33291), (183.32437, 6.796429, 4.2465024), (191.86392, 14.006073, 5.2632146), (196.695, 20.589207, 12.806735), (187.89326, 10.580773, 3.7247846), (194.787, 18.053967, 8.579882), (178.92941, 4.784251, 5.6783295), (183.47636, 7.473984, 3.7336133), (191.8044, 14.859787, 5.377566), (196.25232, 21.078617, 13.363388), (179.0399, 5.145872, 5.110371), (187.96188, 11.424466, 3.5549722), (194.5198, 18.764349, 8.991381), (183.61024, 8.197342, 3.2817895), (191.70932, 15.698239, 5.560188), (195.7838, 21.50145, 13.952531), (179.16264, 5.6210284, 4.479451), (188.00153, 12.281326, 3.4568746), (194.21858, 19.427254, 9.455268), (183.72493, 8.960539, 2.894773), (191.57951, 16.514523, 5.8095694), (195.2933, 21.854208, 14.569306), (194.78493, 22.133953, 15.20857), (179.28165, 6.170231, 3.8677654), (175.02696, 4.13868, 6.4837494), (188.01186, 13.144211, 3.431307), (193.88582, 20.037235, 9.967741), (183.81946, 9.757208, 2.5757952), (191.416, 17.301931, 6.1236625), (175.09348, 4.4345098, 5.794487), (179.39513, 6.796429, 3.2844694), (187.9928, 14.006073, 3.478478), (193.52429, 20.589207, 10.524525), (183.89304, 10.580773, 2.3274832), (191.22015, 18.053967, 6.4998817), (175.15753, 4.784251, 5.1307178), (179.49728, 7.473984, 2.7593799), (187.9445, 14.859787, 3.598006), (193.13696, 21.078617, 11.121023), (175.21312, 5.145872, 4.554787), (183.94507, 11.424466, 2.1518784), (190.9936, 18.764349, 6.9350843), (179.58728, 8.197342, 2.2968085), (187.86736, 15.698239, 3.7888944), (192.72702, 21.50145, 11.752337), (175.27486, 5.6210284, 3.9150107), (183.97513, 12.281326, 2.0504346), (190.7382, 19.427254, 7.425693), (179.66435, 8.960539, 1.9005857), (187.76202, 16.514523, 4.049565), (192.29787, 21.854208, 12.413263), (191.85306, 22.133953, 13.098286), (175.33472, 6.170231, 3.2947383), (183.98297, 13.144211, 2.023995), (190.45605, 20.037235, 7.967686), (179.72789, 9.757208, 1.57402), (187.62936, 17.301931, 4.3778763), (175.3918, 6.796429, 2.7032542), (183.9685, 14.006073, 2.072775), (190.14952, 20.589207, 8.556541), (179.77734, 10.580773, 1.3198014), (187.47046, 18.053967, 4.7711263), (175.44318, 7.473984, 2.1707938), (183.93188, 14.859787, 2.19638), (189.82112, 21.078617, 9.187401), (179.81232, 11.424466, 1.1400194), (187.28664, 18.764349, 5.2260294), (175.48845, 8.197342, 1.701729), (183.87338, 15.698239, 2.3937798), (189.47354, 21.50145, 9.855081), (179.83252, 12.281326, 1.0361625), (187.0794, 19.427254, 5.7388473), (175.52722, 8.960539, 1.2999444), (183.79352, 16.514523, 2.6633418), (189.10966, 21.854208, 10.554077), (188.73253, 22.133953, 11.278559), (185.45204, 22.133953, 9.766124), (179.8378, 13.144211, 1.009094), (186.85048, 20.037235, 6.305375), (175.55917, 9.757208, 0.9687947), (183.6929, 17.301931, 3.0028517), (179.82808, 14.006073, 1.0590343), (186.60176, 20.589207, 6.920887), (175.58406, 10.580773, 0.7110075), (183.5724, 18.053967, 3.4095156), (179.80345, 14.859787, 1.1855795), (186.3353, 21.078617, 7.5803037), (175.60165, 11.424466, 0.52870184), (183.433, 18.764349, 3.8799357), (179.76414, 15.698239, 1.387675), (186.05328, 21.50145, 8.278208), (175.61182, 12.281326, 0.423387), (183.27585, 19.427254, 4.4102454), (179.71045, 16.514523, 1.6636491), (185.75804, 21.854208, 9.008846), (182.04175, 22.133953, 8.574893), (175.61446, 13.144211, 0.39593858), (183.10225, 20.037235, 4.9960976), (179.64284, 17.301931, 2.0112355), (175.60957, 14.006073, 0.44657987), (182.91364, 20.589207, 5.6326046), (179.56183, 18.053967, 2.4275727), (175.59718, 14.859787, 0.5749015), (182.71156, 21.078617, 6.314514), (179.46814, 18.764349, 2.9091828), (175.57741, 15.698239, 0.77983385), (182.4977, 21.50145, 7.036224), (179.36252, 19.427254, 3.4521074), (175.5504, 16.514523, 1.0596819), (182.2738, 21.854208, 7.791785), (179.24583, 20.037235, 4.0518956), (175.51639, 17.301931, 1.4121473), (179.11905, 20.589207, 4.703543), (175.47565, 18.053967, 1.834329), (178.98323, 21.078617, 5.401674), (175.42853, 18.764349, 2.3226995), (178.8395, 21.50145, 6.140551), (175.3754, 19.427254, 2.8732455), (175.3167, 20.037235, 3.4814532), (175.25293, 20.589207, 4.142248), (175.18462, 21.078617, 4.8501787), (199.9826, 6.8149815, 20.227518), (202.189, 6.814981, 23.076397), (197.5069, 6.8149815, 17.595556), (194.7904, 6.8149815, 15.212927), (191.8581, 6.8149815, 13.101554), (188.73697, 6.8149815, 11.280868), (185.45575, 6.8149815, 9.767623), (182.04462, 6.8149815, 8.575746), (178.53499, 6.8149815, 7.716203), (174.95915, 6.8149815, 7.196907), (202.19473, 6.8149815, 23.084587), (202.68518, 7.1083074, 22.741167), (199.9826, 19.216818, 20.227518), (202.58243, 18.991108, 22.813114), (202.19473, 19.216818, 23.084587), (174.95915, 19.216818, 7.196907), (200.4379, 7.1083074, 19.838682), (200.86897, 7.459269, 19.470537), (203.14954, 7.459269, 22.41602), (201.2716, 7.864444, 19.126673), (203.58327, 7.864444, 22.112318), (201.64188, 8.319878, 18.810446), (203.98215, 8.319878, 21.833025), (204.34227, 8.821127, 21.580866), (201.97618, 8.821127, 18.524939), (202.27124, 9.363303, 18.27294), (204.66013, 9.363303, 21.3583), (197.92284, 7.1083074, 17.164885), (202.47748, 9.823865, 18.096817), (204.93262, 9.941114, 21.167498), (202.64479, 10.273029, 17.95392), (205.15709, 10.548924, 21.010324), (198.31665, 7.459269, 16.75713), (202.78636, 10.737251, 17.833015), (205.33134, 11.180803, 20.88831), (198.68448, 7.864444, 16.376266), (202.9014, 11.213977, 17.73477), (199.02275, 8.319878, 16.026016), (202.98927, 11.700594, 17.659716), (205.45367, 11.8305855, 20.802645), (203.04951, 12.194441, 17.608269), (205.52292, 12.491933, 20.754166), (199.32816, 8.821127, 15.70979), (203.08179, 12.692802, 17.580711), (205.53836, 13.158392, 20.743347), (199.59773, 9.363303, 15.430677), (203.0859, 13.192922, 17.577194), (195.16316, 7.1083074, 14.744382), (199.78613, 9.823865, 15.235604), (203.06184, 13.692093, 17.597738), (205.49988, 13.823461, 20.770292), (199.93898, 10.273029, 15.0773325), (195.51608, 7.459269, 14.300768), (203.00975, 14.187559, 17.642231), (205.40784, 14.48065, 20.83474), (200.06831, 10.737251, 14.94342), (195.84573, 7.864444, 13.886413), (202.9299, 14.676579, 17.710426), (205.26314, 15.123549, 20.936058), (200.17342, 11.213977, 14.834602), (202.82274, 15.156475, 17.80195), (196.14888, 8.319878, 13.50536), (200.2537, 11.700594, 14.751474), (202.68884, 15.624622, 17.9163), (205.0672, 15.745886, 21.073263), (200.30873, 12.194441, 14.694491), (196.42258, 8.821127, 13.161325), (202.52895, 16.078457, 18.052853), (204.82191, 16.341587, 21.245014), (200.33821, 12.692802, 14.663969), (196.66417, 9.363303, 12.857668), (202.34395, 16.515476, 18.210855), (204.52968, 16.904842, 21.449635), (200.34196, 13.192922, 14.660073), (192.18423, 7.1083074, 12.599447), (196.83301, 9.823865, 12.645439), (202.13484, 16.933258, 18.389431), (200.31999, 13.692093, 14.682827), (196.96999, 10.273029, 12.473249), (201.90279, 17.329548, 18.587616), (204.19336, 17.430157, 21.68513), (192.49303, 7.459269, 12.124058), (200.2724, 14.187559, 14.732107), (197.08589, 10.737251, 12.32756), (201.64905, 17.702156, 18.804314), (203.81622, 17.912403, 21.9492), (192.78146, 7.864444, 11.680022), (200.19945, 14.676579, 14.80764), (197.18008, 11.213977, 12.209173), (201.37505, 18.049025, 19.038332), (203.40196, 18.346876, 22.23927), (200.10155, 15.156475, 14.909011), (193.0467, 8.319878, 11.271675), (197.25203, 11.700594, 12.118735), (201.08224, 18.368254, 19.288383), (199.97923, 15.624622, 15.0356655), (197.30135, 12.194441, 12.056742), (200.7723, 18.658102, 19.553104), (202.9546, 18.72934, 22.55251), (193.28618, 8.821127, 10.902998), (199.83316, 16.078457, 15.186911), (197.32777, 12.692802, 12.023535), (200.44684, 18.916975, 19.831041), (193.49756, 9.363303, 10.577589), (199.66414, 16.515476, 15.361914), (197.33115, 13.192922, 12.019297), (189.0135, 7.1083074, 10.74982), (193.64528, 9.823865, 10.350159), (199.47311, 16.933258, 15.559703), (197.31145, 13.692093, 12.044051), (193.76514, 10.273029, 10.165635), (199.26111, 17.329548, 15.77921), (189.27533, 7.459269, 10.247029), (197.2688, 14.187559, 12.097665), (193.86656, 10.737251, 10.009511), (199.02931, 17.702156, 16.019224), (189.51988, 7.864444, 9.777401), (197.20341, 14.676579, 12.17984), (193.94896, 11.213977, 9.882644), (198.77898, 18.049025, 16.278421), (197.11568, 15.156475, 12.290126), (189.74477, 8.319878, 9.345516), (194.01192, 11.700594, 9.7857275), (198.5115, 18.368254, 16.555376), (197.00606, 15.624622, 12.427918), (194.05507, 12.194441, 9.719293), (198.22833, 18.658102, 16.84858), (189.94781, 8.821127, 8.955589), (196.87515, 16.078457, 12.5924635), (194.07819, 12.692802, 9.683707), (197.93102, 18.916975, 17.156424), (197.5069, 19.216818, 17.595556), (190.12704, 9.363303, 8.6114235), (196.72368, 16.515476, 12.782857), (194.08113, 13.192922, 9.679166), (185.68013, 7.1083074, 9.212522), (190.2523, 9.823865, 8.370885), (196.55249, 16.933258, 12.998039), (194.0639, 13.692093, 9.705693), (190.35393, 10.273029, 8.175726), (196.3625, 17.329548, 13.236851), (185.89256, 7.459269, 8.686956), (194.02658, 14.187559, 9.763147), (190.43991, 10.737251, 8.010602), (196.15475, 17.702156, 13.497972), (186.09099, 7.864444, 8.196055), (193.96938, 14.676579, 9.85121), (190.50978, 11.213977, 7.8764224), (195.93042, 18.049025, 13.779962), (193.89261, 15.156475, 9.969395), (186.27347, 8.319878, 7.744609), (190.56316, 11.700594, 7.77392), (195.6907, 18.368254, 14.081273), (193.79669, 15.624622, 10.117057), (190.59975, 12.194441, 7.703656), (195.43694, 18.658102, 14.400261), (186.43822, 8.821127, 7.33702), (193.68216, 16.078457, 10.293388), (190.61935, 12.692802, 7.6660194), (195.17049, 18.916975, 14.735175), (194.7904, 19.216818, 15.212927), (191.8581, 19.216818, 13.101554), (186.58363, 9.363303, 6.977266), (193.54964, 16.515476, 10.497419), (190.62184, 13.192922, 7.6612163), (182.21478, 7.1083074, 8.0016985), (186.68527, 9.823865, 6.7258315), (193.39984, 16.933258, 10.728016), (190.60724, 13.692093, 7.6892734), (186.76773, 10.273029, 6.5218325), (193.23361, 17.329548, 10.9839325), (182.37589, 7.459269, 7.4581957), (190.57559, 14.187559, 7.7500386), (186.8375, 10.737251, 6.34923), (193.05185, 17.702156, 11.263758), (182.52635, 7.864444, 6.9505405), (190.5271, 14.676579, 7.8431764), (186.8942, 11.213977, 6.2089725), (192.85556, 18.049025, 11.565947), (190.462, 15.156475, 7.9681735), (182.66475, 8.319878, 6.483686), (186.9375, 11.700594, 6.1018267), (192.64581, 18.368254, 11.888841), (190.38068, 15.624622, 8.124347), (186.9672, 12.194441, 6.028381), (192.42378, 18.658102, 12.230677), (182.78969, 8.821127, 6.062186), (190.28357, 16.078457, 8.3108425), (186.9831, 12.692802, 5.9890394), (192.19064, 18.916975, 12.5895815), (182.89996, 9.363303, 5.6901536), (190.17119, 16.515476, 8.526633), (186.98512, 13.192922, 5.9840183), (178.64935, 7.1083074, 7.1284933), (182.97704, 9.823865, 5.4301376), (190.04419, 16.933258, 8.770521), (186.97327, 13.692093, 6.013346), (183.03957, 10.273029, 5.2191763), (189.90324, 17.329548, 9.041188), (178.75764, 7.459269, 6.572055), (186.94759, 14.187559, 6.0768642), (183.09247, 10.737251, 5.0406823), (189.74913, 17.702156, 9.337143), (178.85878, 7.864444, 6.052317), (186.90823, 14.676579, 6.17422), (183.13547, 11.213977, 4.895638), (189.5827, 18.049025, 9.656749), (186.85542, 15.156475, 6.304879), (178.9518, 8.319878, 5.5743504), (183.1683, 11.700594, 4.784836), (189.40486, 18.368254, 9.998255), (186.78944, 15.624622, 6.4681263), (183.19083, 12.194441, 4.708883), (189.2166, 18.658102, 10.359794), (179.03578, 8.821127, 5.1428185), (186.71065, 16.078457, 6.6630697), (183.20288, 12.692802, 4.6681986), (189.01894, 18.916975, 10.739386), (188.73697, 19.216818, 11.280868), (179.1099, 9.363303, 4.761931), (186.61946, 16.515476, 6.8886347), (183.20442, 13.192922, 4.6630063), (175.01668, 7.1083074, 6.600942), (179.1617, 9.823865, 4.495727), (186.51642, 16.933258, 7.143569), (183.19543, 13.692093, 4.693335), (179.20374, 10.273029, 4.279744), (186.40205, 17.329548, 7.426497), (175.07115, 7.459269, 6.0366883), (183.17596, 14.187559, 4.759021), (179.23929, 10.737251, 4.097002), (186.27701, 17.702156, 7.7358565), (175.12202, 7.864444, 5.5096507), (183.14612, 14.676579, 4.8596997), (179.26819, 11.213977, 3.9485054), (186.14197, 18.049025, 8.06994), (183.10606, 15.156475, 4.994818), (175.16881, 8.319878, 5.024971), (179.29027, 11.700594, 3.8350658), (185.99768, 18.368254, 8.426914), (183.05603, 15.624622, 5.163637), (179.30539, 12.194441, 3.7573054), (185.84491, 18.658102, 8.804829), (175.21104, 8.821127, 4.587378), (182.99626, 16.078457, 5.365234), (179.3135, 12.692802, 3.7156527), (185.68452, 18.916975, 9.201614), (185.45575, 19.216818, 9.767623), (175.24834, 9.363303, 4.2011414), (182.92712, 16.515476, 5.5984974), (179.31453, 13.192922, 3.710337), (175.27438, 9.823865, 3.931198), (182.84898, 16.933258, 5.8621325), (179.30849, 13.692093, 3.7413876), (175.29553, 10.273029, 3.7121818), (182.76225, 17.329548, 6.1547165), (179.29541, 14.187559, 3.8086367), (175.31342, 10.737251, 3.526873), (182.66742, 17.702156, 6.4746346), (179.27534, 14.676579, 3.911712), (175.32796, 11.213977, 3.3762906), (182.56502, 18.049025, 6.82012), (179.24843, 15.156475, 4.0500464), (175.33905, 11.700594, 3.261258), (182.4556, 18.368254, 7.1892776), (179.2148, 15.624622, 4.222883), (175.34666, 12.194441, 3.1824052), (182.33975, 18.658102, 7.580091), (179.17464, 16.078457, 4.429278), (175.35075, 12.692802, 3.1401675), (182.21812, 18.916975, 7.9904184), (182.04462, 19.216818, 8.575746), (178.53499, 19.216818, 7.716203), (179.12816, 16.515476, 4.668093), (175.35127, 13.192922, 3.1347768), (179.07564, 16.933258, 4.9380035), (175.34822, 13.692093, 3.1662638), (179.01733, 17.329548, 5.2375517), (175.34164, 14.187559, 3.2344575), (178.9536, 17.702156, 5.565084), (175.33156, 14.676579, 3.3389804), (178.88477, 18.049025, 5.918792), (175.31801, 15.156475, 3.4792576), (178.81122, 18.368254, 6.2967362), (175.3011, 15.624622, 3.6545222), (178.73335, 18.658102, 6.6968513), (175.2809, 16.078457, 3.8638158), (178.65161, 18.916975, 7.1169453), (175.25752, 16.515476, 4.1059856), (175.2311, 16.933258, 4.379687), (175.20177, 17.329548, 4.6834416), (175.16971, 17.702156, 5.0155745), (175.13509, 18.049025, 5.3742504), (175.0981, 18.368254, 5.757503), (175.05893, 18.658102, 6.163238), (175.0178, 18.916975, 6.589232), (202.189, 19.21682, 23.076397), (53.33, 6, 15.6393), (62.23, 6, 15.6393), (75.47, 6, 15.6393), (97.61, 6, 15.6393), (84.37, 6, 15.6393), (119.75, 6, 15.6393), (106.51, 6, 15.6393), (141.89, 6, 15.6393), (128.65, 6, 15.6393), (150.79, 6, 15.6393), (150.79, 6.01, 3.0393), (150.79, -4, 3.0393), (150.79, -4, 15.6393), (141.89, 6.01, 3.0393), (141.89, -4, 3.0393), (141.89, -4, 15.6393), (128.65, 6.01, 3.0393), (128.65, -4, 3.0393), (128.65, -4, 15.6393), (119.75, 6.01, 3.0393), (119.75, 1, 4.3693), (119.75, 1, 3.0393), (119.75, -4, 15.6393), (119.75, -4, 4.3693), (106.51, 6.01, 3.0393), (106.51, 1, 4.3693), (106.51, 1, 3.0393), (106.51, -4, 15.6393), (106.51, -4, 4.3693), (97.61, 6.01, 3.0393), (97.61, 1, 4.3693), (97.61, 1, 3.0393), (97.61, -4, 15.6393), (97.61, -4, 4.3693), (84.37, 6.01, 3.0393), (84.37, 1, 4.3693), (84.37, 1, 3.0393), (84.37, -4, 15.6393), (84.37, -4, 4.3693), (75.47, 6.01, 3.0393), (75.47, -4, 3.0393), (75.47, -4, 15.6393), (62.23, 6.01, 3.0393), (62.23, -4, 3.0393), (62.23, -4, 15.6393), (53.33, 6.01, 3.0393), (53.33, -4, 3.0393), (53.33, -4, 15.6393), (81.17, 1, -5.9307), (81.17, -4, -5.9307), (122.95, -4, -5.9307), (122.95, 1, -5.9307), (68.31614, -4, -1.9803936), (68.216225, -4, -1.8829418), (68.12652, -4, -1.7760261), (68.42526, -4, -2.067413), (68.04789, -4, -1.6607093), (68.5425, -4, -2.1431355), (67.98114, -4, -1.5381372), (68.666695, -4, -2.206808), (67.92693, -4, -1.4095283), (68.796616, -4, -2.2577982), (67.885796, -4, -1.2761604), (68.93097, -4, -2.295599), (67.85814, -4, -1.1393591), (69.06842, -4, -2.319835), (67.84424, -4, -1.0004842), (67.84424, -4, -0.8609158), (67.85814, -4, -0.72204083), (67.885796, -4, -0.58523965), (67.92693, -4, -0.4518718), (67.98114, -4, -0.32326275), (68.04789, -4, -0.20069072), (68.12652, -4, -0.08537383), (68.216225, -4, 0.021541832), (68.31614, -4, 0.118993685), (68.42526, -4, 0.2060132), (68.5425, -4, 0.28173557), (68.666695, -4, 0.3454082), (68.796616, -4, 0.39639828), (68.93097, -4, 0.43419906), (69.06842, -4, 0.45843488), (69.207596, -4, 0.46886486), (69.207596, -4, -2.3302648), (69.34712, -4, -2.3267853), (69.48561, -4, -2.3094308), (69.62167, -4, -2.278374), (69.753975, -4, -2.2339232), (69.881195, -4, -2.1765206), (70.00207, -4, -2.1067362), (70.11539, -4, -2.025264), (70.22003, -4, -1.9329135), (70.314964, -4, -1.8306026), (70.39923, -4, -1.7193481), (70.47201, -4, -1.6002556), (70.53257, -4, -1.4745088), (70.5803, -4, -1.3433572), (70.635544, -4, -0.791305), (70.6425, -4, -0.9307), (70.61474, -4, -0.6532954), (70.5803, -4, -0.51804274), (70.53257, -4, -0.38689128), (70.47201, -4, -0.26114443), (70.39923, -4, -0.14205192), (70.314964, -4, -0.030797346), (70.22003, -4, 0.071513586), (70.11539, -4, 0.16386408), (70.00207, -4, 0.2453363), (69.881195, -4, 0.31512052), (69.753975, -4, 0.37252325), (69.62167, -4, 0.41697395), (69.48561, -4, 0.44803086), (69.34712, -4, 0.46538532), (70.61474, -4, -1.2081046), (70.635544, -4, -1.070095), (81.17, -4, 3.0393), (122.95, -4, 3.0393), (133.95114, -4, -1.9803936), (133.85123, -4, -1.8829418), (133.76152, -4, -1.7760261), (134.06026, -4, -2.067413), (133.68289, -4, -1.6607093), (134.1775, -4, -2.1431355), (133.61615, -4, -1.5381372), (134.3017, -4, -2.206808), (133.56194, -4, -1.4095283), (134.43163, -4, -2.2577982), (133.5208, -4, -1.2761604), (134.56596, -4, -2.295599), (133.49313, -4, -1.1393591), (134.70341, -4, -2.319835), (133.47923, -4, -1.0004842), (134.84259, -4, -2.3302648), (133.47923, -4, -0.8609158), (134.98212, -4, -2.3267853), (133.49313, -4, -0.72204083), (133.5208, -4, -0.58523965), (133.56194, -4, -0.4518718), (133.61615, -4, -0.32326275), (133.68289, -4, -0.20069072), (133.76152, -4, -0.08537383), (133.85123, -4, 0.021541832), (133.95114, -4, 0.118993685), (134.06026, -4, 0.2060132), (134.1775, -4, 0.28173557), (134.3017, -4, 0.3454082), (134.43163, -4, 0.39639828), (134.56596, -4, 0.43419906), (134.70341, -4, 0.45843488), (134.84259, -4, 0.46886486), (134.98212, -4, 0.46538532), (135.1206, -4, 0.44803086), (135.25668, -4, 0.41697395), (136.16757, -4, -1.4745088), (136.10701, -4, -1.6002556), (136.2153, -4, -1.3433572), (136.24974, -4, -1.2081046), (136.27054, -4, -1.070095), (136.2775, -4, -0.9307), (136.27054, -4, -0.791305), (136.24974, -4, -0.6532954), (136.2153, -4, -0.51804274), (136.16757, -4, -0.38689128), (136.10701, -4, -0.26114443), (136.03424, -4, -0.14205192), (135.94997, -4, -0.030797346), (135.85503, -4, 0.071513586), (135.75038, -4, 0.16386408), (135.63707, -4, 0.2453363), (135.51619, -4, 0.31512052), (135.38898, -4, 0.37252325), (135.1206, -4, -2.3094308), (135.25668, -4, -2.278374), (135.38898, -4, -2.2339232), (135.51619, -4, -2.1765206), (135.63707, -4, -2.1067362), (135.75038, -4, -2.025264), (135.85503, -4, -1.9329135), (135.94997, -4, -1.8306026), (136.03424, -4, -1.7193481), (25.78, 11.5159, 26.7893), (25.78, 11.5159, 27.926691), (25.78, 14.5159, 26.7893), (25.78, 14.5159, 27.926691), (25.78, 18.3819, -7.192261), (25.78, 17.982288, -7.312), (25.78, 18.77863, -7.063294), (25.78, 19.172262, -6.925167), (24.28, 20.570374, -6.34869), (24.28, 19.172262, -6.925167), (24.28, 21.915161, -5.656887), (24.28, 23.197128, -4.854641), (24.28, 24.40723, -3.9476147), (24.28, 24.866137, -3.5595708), (24.28, 25.311832, -3.1564233), (24.28, 25.743822, -2.7386222), (24.28, 26.161623, -2.3066325), (24.28, 26.564772, -1.8609364), (24.28, 26.952814, -1.4020303), (24.28, 27.85984, -0.19192888), (24.28, 28.662086, 1.0900396), (25.78, 29.930367, 3.8329375), (24.28, 29.35389, 2.434826), (24.28, 29.930367, 3.8329375), (25.78, 30.459291, 5.547667), (25.78, 30.814856, 7.306539), (25.78, 30.993525, 9.092074), (25.78, 30.993525, 10.886526), (25.78, 30.814856, 12.672061), (25.78, 30.459291, 14.430933), (25.78, 29.930367, 16.145662), (24.28, 29.35389, 17.543774), (24.28, 29.930367, 16.145662), (24.28, 28.662086, 18.888561), (24.28, 27.85984, 20.170528), (24.28, 26.952814, 21.38063), (24.28, 26.564772, 21.839537), (24.28, 26.161623, 22.285233), (24.28, 25.743822, 22.717222), (24.28, 25.311832, 23.135023), (24.28, 24.866137, 23.53817), (24.28, 24.40723, 23.926214), (24.28, 23.197128, 24.83324), (24.28, 21.915161, 25.635487), (25.78, 19.172262, 26.903767), (24.28, 20.570374, 26.32729), (24.28, 19.172262, 26.903767), (25.78, 17.652405, 27.381908), (25.78, 16.09622, 27.723776), (25.78, 8.049511, -7.312), (25.78, 9.93558, 27.723776), (25.78, 8.379395, 27.381908), (25.78, 6.8595376, 26.903767), (24.28, 5.461426, 26.32729), (24.28, 6.8595376, 26.903767), (24.28, 4.1166396, 25.635487), (24.28, 2.834671, 24.83324), (24.28, 1.6245697, 23.926214), (24.28, 1.1656636, 23.53817), (24.28, 0.7199675, 23.135023), (24.28, 0.28797793, 22.717222), (24.28, -0.12982337, 22.285233), (24.28, -0.5329707, 21.839537), (24.28, -0.9210148, 21.38063), (24.28, -1.8280408, 20.170528), (24.28, -2.630287, 18.888561), (25.78, -3.8985672, 16.145662), (24.28, -3.3220901, 17.543774), (24.28, -3.8985672, 16.145662), (25.78, -4.427491, 14.430933), (25.78, -4.783055, 12.672061), (25.78, -4.9617248, 10.886526), (25.78, -4.9617248, 9.092074), (25.78, -4.783055, 7.306539), (25.78, -4.427491, 5.547667), (25.78, -3.8985672, 3.8329375), (24.28, -3.3220901, 2.434826), (24.28, -3.8985672, 3.8329375), (24.28, -2.630287, 1.0900396), (24.28, -1.8280408, -0.19192888), (24.28, -0.9210148, -1.4020303), (24.28, -0.5329707, -1.8609364), (24.28, -0.12982337, -2.3066325), (24.28, 0.28797793, -2.738622), (24.28, 0.7199675, -3.1564233), (24.28, 1.1656636, -3.5595708), (24.28, 1.6245697, -3.9476147), (24.28, 2.834671, -4.854641), (24.28, 4.1166396, -5.656887), (25.78, 6.8595376, -6.925167), (24.28, 5.461426, -6.34869), (25.78, 7.253171, -7.063294), (25.78, 7.6499, -7.192261), (24.28, 6.8595376, -6.925167), (22.78, 22.913012, 1.255047), (22.78, 21.99418, 0.31301528), (22.78, 20.986118, -0.5328491), (22.78, 23.733482, 2.2838836), (22.78, 19.898844, -1.2741396), (22.78, 24.447435, 3.3893), (22.78, 18.743166, -1.9034891), (22.78, 25.047777, 4.5603104), (22.78, 25.528542, 5.7852764), (22.78, 17.530565, -2.4146426), (22.78, 25.884949, 7.052024), (22.78, 16.273098, -2.8025203), (22.78, 26.113457, 8.347963), (22.78, 14.983258, -3.063267), (22.78, 26.211798, 9.660214), (22.78, 13.673865, -3.1942914), (22.78, 26.17899, 10.975738), (22.78, 12.357934, -3.1942914), (22.78, 26.015362, 12.281456), (22.78, 11.048542, -3.063267), (22.78, 25.72254, 13.564394), (22.78, 9.758702, -2.8025203), (22.78, 8.501234, -2.4146426), (22.78, 25.303434, 14.811802), (22.78, 7.288635, -1.9034891), (22.78, 24.762207, 16.01128), (22.78, 6.1329556, -1.2741396), (22.78, 24.104242, 17.150911), (22.78, 5.045682, -0.5328491), (22.78, 23.336075, 18.219366), (22.78, 4.03762, 0.31301528), (22.78, 22.465342, 19.206026), (22.78, 3.118788, 1.255047), (22.78, 21.500696, 20.101088), (22.78, 2.2983184, 2.2838836), (22.78, 20.451725, 20.895653), (22.78, 1.5843647, 3.3893), (22.78, 19.328852, 21.581825), (22.78, 0.98402274, 4.5603104), (22.78, 18.14324, 22.152786), (22.78, 0.503259, 5.7852764), (22.78, 16.906668, 22.602861), (22.78, 0.14685155, 7.052024), (22.78, 15.631429, 22.927576), (22.78, -0.08165753, 8.347963), (22.78, 14.330195, 23.123707), (22.78, -0.1799972, 9.660214), (22.78, 13.0159, 23.1893), (22.78, -0.14719012, 10.975738), (22.78, 11.701605, 23.123707), (22.78, 0.01643766, 12.281456), (22.78, 10.400371, 22.927576), (22.78, 0.30925995, 13.564394), (22.78, 9.125132, 22.602861), (22.78, 0.7283665, 14.811802), (22.78, 7.888561, 22.152786), (22.78, 1.2695922, 16.01128), (22.78, 6.7029476, 21.581825), (22.78, 1.9275578, 17.150911), (22.78, 5.5800753, 20.895653), (22.78, 2.6957245, 18.219366), (22.78, 4.5311036, 20.101088), (22.78, 3.5664575, 19.206026), (205.3838, 20.155018, 20.839365), (205.92653, 19.483238, 20.459347), (204.79019, 20.759249, 21.25502), (206.41321, 18.750269, 20.118563), (206.83926, 17.963041, 19.820236), (204.15129, 21.290213, 21.702383), (207.20065, 17.129007, 19.56719), (203.47316, 21.742891, 22.177216), (207.49396, 16.256056, 19.36182), (202.7622, 22.112995, 22.675028), (202.02516, 22.397028, 23.19111), (207.7164, 15.352447, 19.206066), (207.86586, 14.42673, 19.101406), (207.94096, 13.487664, 19.048826), (207.94096, 12.544135, 19.048826), (202.02516, 19.299057, 23.19111), (207.86586, 11.60507, 19.101406), (207.7164, 10.679354, 19.206066), (207.49396, 9.775744, 19.36182), (207.20065, 8.902793, 19.56719), (206.83926, 8.068758, 19.820236), (206.41321, 7.2815313, 20.118563), (205.92653, 6.548561, 20.459347), (205.3838, 5.876783, 20.839365), (204.79019, 5.272552, 21.25502), (204.15129, 4.7415867, 21.702383), (203.47316, 4.2889094, 22.177216), (202.7622, 3.9188042, 22.675028), (202.02516, 3.6347723, 23.19111), (202.02516, 6.7327437, 23.19111), (202.13463, 6.786857, 23.114466), (202.08, 6.7594438, 23.152706), (202.13463, 19.244944, 23.114466), (202.08, 19.272356, 23.152706), (240.46051, 6.7327437, 78.08249), (240.9629, 7.0095415, 77.73072), (241.44022, 7.3460236, 77.3965), (241.88771, 7.7388463, 77.08316), (242.30095, 8.184106, 76.79381), (242.67581, 8.677379, 76.53132), (243.00859, 9.213762, 76.2983), (243.29597, 9.787928, 76.09708), (243.53511, 10.394168, 75.929634), (243.7236, 11.026461, 75.797646), (243.8596, 11.678521, 75.70242), (243.94174, 12.343872, 75.644905), (243.96922, 13.0159, 75.62567), (243.94174, 13.687928, 75.644905), (243.8596, 14.353278, 75.70242), (243.7236, 15.00534, 75.797646), (243.53511, 15.637632, 75.929634), (243.29597, 16.243874, 76.09708), (243.00859, 16.818037, 76.2983), (242.67581, 17.354422, 76.53132), (242.30095, 17.847694, 76.79381), (241.88771, 18.292953, 77.08316), (241.44022, 18.685776, 77.3965), (240.9629, 19.022259, 77.73072), (240.46051, 19.299057, 78.08249), (122.95, 1, 3.0393), (81.17, 1, 3.0393), (70.6425, 4.99, -0.9307), (70.635544, 4.99, -1.070095), (70.61474, 4.99, -1.2081046), (70.5803, 4.99, -1.3433572), (70.53257, 4.99, -1.4745088), (70.47201, 4.99, -1.6002556), (70.39923, 4.99, -1.7193481), (70.314964, 4.99, -1.8306026), (70.22003, 4.99, -1.9329135), (70.11539, 4.99, -2.025264), (70.00207, 4.99, -2.1067362), (69.881195, 4.99, -2.1765206), (69.753975, 4.99, -2.2339232), (69.62167, 4.99, -2.278374), (69.48561, 4.99, -2.3094308), (69.34712, 4.99, -2.3267853), (69.207596, 4.99, -2.3302648), (69.06842, 4.99, -2.319835), (68.93097, 4.99, -2.295599), (68.796616, 4.99, -2.2577982), (68.666695, 4.99, -2.206808), (68.5425, 4.99, -2.1431355), (68.42526, 4.99, -2.067413), (68.31614, 4.99, -1.9803936), (68.216225, 4.99, -1.8829418), (68.12652, 4.99, -1.7760261), (68.04789, 4.99, -1.6607093), (67.98114, 4.99, -1.5381372), (67.92693, 4.99, -1.4095283), (67.885796, 4.99, -1.2761604), (67.85814, 4.99, -1.1393591), (67.84424, 4.99, -1.0004842), (67.84424, 4.99, -0.8609158), (67.85814, 4.99, -0.72204083), (67.885796, 4.99, -0.58523965), (67.92693, 4.99, -0.4518718), (67.98114, 4.99, -0.32326275), (68.04789, 4.99, -0.20069072), (68.12652, 4.99, -0.08537383), (68.216225, 4.99, 0.021541832), (68.31614, 4.99, 0.118993685), (68.42526, 4.99, 0.2060132), (68.5425, 4.99, 0.28173557), (68.666695, 4.99, 0.3454082), (68.796616, 4.99, 0.39639828), (68.93097, 4.99, 0.43419906), (69.06842, 4.99, 0.45843488), (69.207596, 4.99, 0.46886486), (69.34712, 4.99, 0.46538532), (69.48561, 4.99, 0.44803086), (69.62167, 4.99, 0.41697395), (69.753975, 4.99, 0.37252325), (69.881195, 4.99, 0.31512052), (70.00207, 4.99, 0.2453363), (70.11539, 4.99, 0.16386408), (70.22003, 4.99, 0.071513586), (70.314964, 4.99, -0.030797346), (70.39923, 4.99, -0.14205192), (70.47201, 4.99, -0.26114443), (70.53257, 4.99, -0.38689128), (70.5803, 4.99, -0.51804274), (70.61474, 4.99, -0.6532954), (70.635544, 4.99, -0.791305), (136.2775, 4.99, -0.9307), (136.27054, 4.99, -1.070095), (136.24974, 4.99, -1.2081046), (136.2153, 4.99, -1.3433572), (136.16757, 4.99, -1.4745088), (136.10701, 4.99, -1.6002556), (136.03424, 4.99, -1.7193481), (135.94997, 4.99, -1.8306026), (135.85503, 4.99, -1.9329135), (135.75038, 4.99, -2.025264), (135.63707, 4.99, -2.1067362), (135.51619, 4.99, -2.1765206), (135.38898, 4.99, -2.2339232), (135.25668, 4.99, -2.278374), (135.1206, 4.99, -2.3094308), (134.98212, 4.99, -2.3267853), (134.84259, 4.99, -2.3302648), (134.70341, 4.99, -2.319835), (134.56596, 4.99, -2.295599), (134.43163, 4.99, -2.2577982), (134.3017, 4.99, -2.206808), (134.1775, 4.99, -2.1431355), (134.06026, 4.99, -2.067413), (133.95114, 4.99, -1.9803936), (133.85123, 4.99, -1.8829418), (133.76152, 4.99, -1.7760261), (133.68289, 4.99, -1.6607093), (133.61615, 4.99, -1.5381372), (133.56194, 4.99, -1.4095283), (133.5208, 4.99, -1.2761604), (133.49313, 4.99, -1.1393591), (133.47923, 4.99, -1.0004842), (133.47923, 4.99, -0.8609158), (133.49313, 4.99, -0.72204083), (133.5208, 4.99, -0.58523965), (133.56194, 4.99, -0.4518718), (133.61615, 4.99, -0.32326275), (133.68289, 4.99, -0.20069072), (133.76152, 4.99, -0.08537383), (133.85123, 4.99, 0.021541832), (133.95114, 4.99, 0.118993685), (134.06026, 4.99, 0.2060132), (134.1775, 4.99, 0.28173557), (134.3017, 4.99, 0.3454082), (134.43163, 4.99, 0.39639828), (134.56596, 4.99, 0.43419906), (134.70341, 4.99, 0.45843488), (134.84259, 4.99, 0.46886486), (134.98212, 4.99, 0.46538532), (135.1206, 4.99, 0.44803086), (135.25668, 4.99, 0.41697395), (135.38898, 4.99, 0.37252325), (135.51619, 4.99, 0.31512052), (135.63707, 4.99, 0.2453363), (135.75038, 4.99, 0.16386408), (135.85503, 4.99, 0.071513586), (135.94997, 4.99, -0.030797346), (136.03424, 4.99, -0.14205192), (136.10701, 4.99, -0.26114443), (136.16757, 4.99, -0.38689128), (136.2153, 4.99, -0.51804274), (136.24974, 4.99, -0.6532954), (136.27054, 4.99, -0.791305), (25.78, 17.530565, 22.393242), (25.78, 16.273098, 22.78112), (25.78, 13.673865, 23.172892), (25.78, 12.357934, 23.172892), (25.78, 14.983258, 23.041866), (25.78, 11.048542, 23.041866), (25.78, 9.758702, 22.78112), (25.78, 8.501234, 22.393242), (25.78, 17.530565, -2.4146426), (25.78, 16.273098, -2.8025203), (25.78, 14.983258, -3.063267), (25.78, 13.673865, -3.1942914), (25.78, 12.357934, -3.1942914), (25.78, 11.048542, -3.063267), (25.78, 9.758702, -2.8025203), (25.78, 8.501234, -2.4146426), (24.28, 17.530565, -2.4146426), (24.28, 25.743822, -0.19303764), (24.28, 23.198238, -2.738622), (24.28, 22.79108, 1.1187962), (24.28, 21.886404, 0.21411903), (24.28, 23.603926, 2.1068065), (24.28, 20.898394, -0.59872615), (24.28, 24.317303, 3.1688683), (24.28, 19.836332, -1.312103), (24.28, 24.924511, 4.295004), (24.28, 18.710196, -1.91931), (24.28, 25.419842, 5.474634), (24.28, 24.47103, -4.011414), (24.28, 27.016615, -1.4658298), (25.78, 25.419842, 5.474634), (25.78, 25.80772, 6.7321024), (25.78, 26.068466, 8.021942), (25.78, 26.199492, 9.331334), (25.78, 26.199492, 10.647265), (25.78, 26.068466, 11.956658), (25.78, 25.80772, 13.246498), (25.78, 25.419842, 14.503966), (24.28, 25.419842, 14.503966), (24.28, 24.924511, 15.683596), (24.28, 24.317303, 16.809732), (24.28, 25.743822, 20.171638), (24.28, 23.603926, 17.871794), (24.28, 22.79108, 18.859804), (24.28, 21.886404, 19.76448), (24.28, 23.198238, 22.717222), (24.28, 20.898394, 20.577326), (24.28, 19.836332, 21.290703), (24.28, 18.710196, 21.89791), (24.28, 17.530565, 22.393242), (24.28, 27.016615, 21.44443), (24.28, 24.47103, 23.990015), (24.28, 8.501234, 22.393242), (24.28, 0.28797793, 20.171638), (24.28, 4.145396, 19.76448), (24.28, 3.240719, 18.859804), (24.28, 2.4278738, 17.871794), (24.28, 1.714497, 16.809732), (24.28, 2.8335624, 22.717222), (24.28, 6.1954684, 21.290703), (24.28, 5.1334066, 20.577326), (24.28, 7.321604, 21.89791), (24.28, 0.61195743, 14.503966), (24.28, 1.10729, 15.683596), (24.28, 1.5607702, 23.990015), (24.28, -0.9848143, 21.44443), (25.78, 0.61195743, 14.503966), (25.78, 0.22407982, 6.7321024), (25.78, 0.61195743, 5.474634), (25.78, -0.036666907, 8.021942), (25.78, -0.16769136, 9.331334), (25.78, -0.16769136, 10.647265), (25.78, -0.036666907, 11.956658), (25.78, 0.22407982, 13.246498), (24.28, 0.61195743, 5.474634), (24.28, 8.501234, -2.4146426), (24.28, 7.321604, -1.91931), (24.28, 6.1954684, -1.312103), (24.28, 2.8335624, -2.738622), (24.28, 5.1334066, -0.59872615), (24.28, 4.145396, 0.21411903), (24.28, 0.28797793, -0.19303764), (24.28, 3.240719, 1.1187962), (24.28, 2.4278738, 2.1068065), (24.28, 1.714497, 3.1688683), (24.28, 1.10729, 4.295004), (24.28, -0.9848143, -1.4658298), (24.28, 1.5607702, -4.011414), (24.28, 11.865444, 23.13907), (24.28, 13.0159, 23.1893), (24.28, 10.723744, 22.988762), (24.28, 9.599488, 22.739521), (242.18124, 3.6347723, 80.53995), (242.18124, 22.397028, 80.53995), (242.91829, 3.9188042, 80.023865), (243.62924, 4.2889094, 79.52605), (244.30737, 4.7415867, 79.051216), (244.94627, 5.272552, 78.60386), (245.53989, 5.876783, 78.1882), (246.08261, 6.548561, 77.80818), (246.5693, 7.2815313, 77.4674), (243.02855, 8.0159, 71.55893), (246.99536, 8.068758, 77.16907), (243.02855, 8.671153, 70.9304), (247.35674, 8.902793, 76.91602), (243.02855, 9.352233, 70.39174), (209.02855, 8.0159, 23.001898), (247.65004, 9.775744, 76.710655), (243.02855, 9.983945, 69.98646), (209.02855, 8.671153, 22.373362), (247.87248, 10.679354, 76.5549), (243.02855, 10.565058, 69.687805), (209.02855, 9.352233, 21.83471), (243.02855, 11.15573, 69.45297), (248.02196, 11.60507, 76.45024), (209.02855, 9.983945, 21.429428), (243.02855, 11.693606, 69.29696), (243.02855, 12.181315, 69.201805), (248.09705, 12.544135, 76.39766), (209.02855, 10.565058, 21.13077), (243.02855, 12.671162, 69.14978), (209.02855, 11.15573, 20.89594), (243.02855, 13.16189, 69.14101), (248.09705, 13.487664, 76.39766), (209.02855, 11.693606, 20.739931), (243.02855, 13.652245, 69.17552), (209.02855, 12.181315, 20.644773), (243.02855, 14.14097, 69.253235), (248.02196, 14.42673, 76.45024), (209.02855, 12.671162, 20.592745), (243.02855, 14.626816, 69.37394), (209.02855, 13.16189, 20.583977), (243.02855, 15.108539, 69.53733), (247.87248, 15.352447, 76.5549), (209.02855, 13.652245, 20.618492), (243.02855, 15.584905, 69.74299), (209.02855, 14.14097, 20.696201), (247.65004, 16.256056, 76.710655), (243.02855, 16.054695, 69.99039), (209.02855, 14.626816, 20.816906), (243.02855, 16.516706, 70.2789), (209.02855, 15.108539, 20.980297), (247.35674, 17.129007, 76.91602), (243.02855, 16.969757, 70.60778), (209.02855, 15.584905, 21.185957), (243.02855, 17.412687, 70.97619), (246.99536, 17.963041, 77.16907), (243.02855, 17.717266, 71.25821), (209.02855, 16.054695, 21.433357), (243.02855, 18.0159, 71.55893), (209.02855, 16.516706, 21.721869), (246.5693, 18.750269, 77.4674), (209.02855, 16.969757, 22.050749), (209.02855, 17.412687, 22.419157), (209.02855, 17.717266, 22.701178), (209.02855, 18.0159, 23.001898), (246.08261, 19.483238, 77.80818), (245.53989, 20.155018, 78.1882), (244.94627, 20.759249, 78.60386), (244.30737, 21.290213, 79.051216), (242.91829, 22.112995, 80.023865), (243.62924, 21.742891, 79.52605), (19.98, 27.016615, -1.4658298), (19.98, 25.743822, -0.19303764), (19.98, 23.198238, -2.738622), (19.98, 24.47103, -4.011414), (19.98, 24.47103, 23.990015), (19.98, 23.198238, 22.717222), (19.98, 25.743822, 20.171638), (19.98, 27.016615, 21.44443), (19.98, -0.9848143, 21.44443), (19.98, 0.28797793, 20.171638), (19.98, 2.8335624, 22.717222), (19.98, 1.5607702, 23.990015), (19.98, 1.5607702, -4.011414), (19.98, 2.8335624, -2.738622), (19.98, 0.28797793, -0.19303764), (19.98, -0.9848143, -1.4658298), (249.46194, 25.512342, 75.44195), (250.43753, 24.353012, 74.758835), (251.31357, 23.080729, 74.145424), (248.39655, 26.54717, 76.18794), (252.08136, 21.708166, 73.60781), (247.25195, 27.447182, 76.989395), (252.73323, 20.249002, 73.15137), (246.03957, 28.203413, 77.838326), (244.77145, 28.808327, 78.72626), (253.26271, 18.717773, 72.780624), (237.43448, 29.2559, 83.86367), (243.46027, 29.2559, 79.64436), (253.66449, 17.129736, 72.49929), (236.54955, 28.972832, 84.48331), (253.9346, 15.500711, 72.310165), (254.07033, 13.8469305, 72.215126), (235.68214, 28.617989, 85.09067), (254.07033, 12.18487, 72.215126), (253.9346, 10.531089, 72.310165), (253.66449, 8.902064, 72.49929), (253.26271, 7.3140264, 72.780624), (252.73323, 5.7827973, 73.15137), (252.08136, 4.323633, 73.60781), (251.31357, 2.9510715, 74.145424), (250.43753, 1.6787872, 74.758835), (249.46194, 0.5194566, 75.44195), (234.83618, 17.5159, 85.683014), (234.83618, 28.192965, 85.683014), (240.16068, 17.5159, 81.954765), (248.39655, -0.5153698, 76.18794), (247.25195, -1.4153818, 76.989395), (246.03957, -2.1716125, 77.838326), (244.77145, -2.7765276, 78.72626), (234.83618, 8.5159, 85.683014), (240.16068, 8.5159, 81.954765), (243.46027, -3.2241, 79.64436), (237.43448, -3.2241, 83.86367), (236.54955, -2.9410326, 84.48331), (235.68214, -2.5861888, 85.09067), (234.83618, -2.1611648, 85.683014), (209.02855, 8.0159, -21.1307), (243.02855, 8.0159, -21.1307), (243.02855, 18.0159, -21.1307), (209.02855, 18.0159, -21.1307), (246.32816, 29.2559, 83.74012), (240.30235, 29.2559, 87.95943), (246.32816, -3.2241, 83.74012), (247.63934, -2.7765276, 82.82202), (248.90746, -2.1716125, 81.93408), (250.11984, -1.4153818, 81.08516), (251.26443, -0.5153698, 80.28371), (252.32983, 0.5194566, 79.537704), (253.3054, 1.6787872, 78.8546), (254.18146, 2.9510715, 78.24118), (254.94925, 4.323633, 77.703575), (255.60112, 5.7827973, 77.24712), (256.13058, 7.3140264, 76.87639), (256.53238, 8.902064, 76.595055), (256.8025, 10.531089, 76.40592), (256.9382, 12.18487, 76.31088), (256.9382, 13.8469305, 76.31088), (256.8025, 15.500711, 76.40592), (256.53238, 17.129736, 76.595055), (256.13058, 18.717773, 76.87639), (255.60112, 20.249002, 77.24712), (254.94925, 21.708166, 77.703575), (254.18146, 23.080729, 78.24118), (253.3054, 24.353012, 78.8546), (252.32983, 25.512342, 79.537704), (251.26443, 26.54717, 80.28371), (250.11984, 27.447182, 81.08516), (248.90746, 28.203413, 81.93408), (247.63934, 28.808327, 82.82202), (240.30235, -3.2241, 87.95943), (238.55003, -2.5861888, 89.186424), (237.70407, -2.1611648, 89.77878), (239.41743, -2.9410326, 88.57906), (237.70407, 8.5159, 89.77878), (243.02855, 8.5159, 86.05053), (243.02855, 17.5159, 86.05053), (237.70407, 17.5159, 89.77878), (237.70407, 28.192965, 89.77878), (239.41743, 28.972832, 88.57906), (238.55003, 28.617989, 89.186424), (247.02855, -8.9841, -21.1307), (205.02855, -8.9841, -21.1307), (205.02855, 35.0159, -21.1307), (247.02855, 35.0159, -21.1307), (205.02855, 35.0159, -27.1307), (205.02855, -8.9841, -27.1307), (247.02855, 35.0159, -27.1307), (247.02855, -8.9841, -27.1307)]
            uniform token subdivisionScheme = "none"
        }

        def Mesh "Part_1"
        {
            float3[] extent = [(-256.9382, -8.9841, -27.1307), (-19.98, 35.0159, 85.20928)]
            int[] faceVertexCounts = [3, 3, 3, 3, 3, 3, 3, 3, 3, 3, 3, 3, 3, 3, 3, 3, 3, 3, 3, 3, 3, 3, 3, 3, 3, 3, 3, 3, 3, 3, 3, 3, 3, 3, 3, 3, 3, 3, 3, 3, 3, 3, 3, 3, 3, 3, 3, 3, 3, 3, 3, 3, 3, 3, 3, 3, 3, 3, 3, 3, 3, 3, 3, 3, 3, 3, 3, 3, 3, 3, 3, 3, 3, 3, 3, 3, 3, 3, 3, 3, 3, 3, 3, 3, 3, 3, 3, 3, 3, 3, 3, 3, 3, 3, 3, 3, 3, 3, 3, 3, 3, 3, 3, 3, 3, 3, 3, 3, 3, 3, 3, 3, 3, 3, 3, 3, 3, 3, 3, 3, 3, 3, 3, 3, 3, 3, 3, 3, 3, 3, 3, 3, 3, 3, 3, 3, 3, 3, 3, 3, 3, 3, 3, 3, 3, 3, 3, 3, 3, 3, 3, 3, 3, 3, 3, 3, 3, 3, 3, 3, 3, 3, 3, 3, 3, 3, 3, 3, 3, 3, 3, 3, 3, 3, 3, 3, 3, 3, 3, 3, 3, 3, 3, 3, 3, 3, 3, 3, 3, 3, 3, 3, 3, 3, 3, 3, 3, 3, 3, 3, 3, 3, 3, 3, 3, 3, 3, 3, 3, 3, 3, 3, 3, 3, 3, 3, 3, 3, 3, 3, 3, 3, 3, 3, 3, 3, 3, 3, 3, 3, 3, 3, 3, 3, 3, 3, 3, 3, 3, 3, 3, 3, 3, 3, 3, 3, 3, 3, 3, 3, 3, 3, 3, 3, 3, 3, 3, 3, 3, 3, 3, 3, 3, 3, 3, 3, 3, 3, 3, 3, 3, 3, 3, 3, 3, 3, 3, 3, 3, 3, 3, 3, 3, 3, 3, 3, 3, 3, 3, 3, 3, 3, 3, 3, 3, 3, 3, 3, 3, 3, 3, 3, 3, 3, 3, 3, 3, 3, 3, 3, 3, 3, 3, 3, 3, 3, 3, 3, 3, 3, 3, 3, 3, 3, 3, 3, 3, 3, 3, 3, 3, 3, 3, 3, 3, 3, 3, 3, 3, 3, 3, 3, 3, 3, 3, 3, 3, 3, 3, 3, 3, 3, 3, 3, 3, 3, 3, 3, 3, 3, 3, 3, 3, 3, 3, 3, 3, 3, 3, 3, 3, 3, 3, 3, 3, 3, 3, 3, 3, 3, 3, 3, 3, 3, 3, 3, 3, 3, 3, 3, 3, 3, 3, 3, 3, 3, 3, 3, 3, 3, 3, 3, 3, 3, 3, 3, 3, 3, 3, 3, 3, 3, 3, 3, 3, 3, 3, 3, 3, 3, 3, 3, 3, 3, 3, 3, 3, 3, 3, 3, 3, 3, 3, 3, 3, 3, 3, 3, 3, 3, 3, 3, 3, 3, 3, 3, 3, 3, 3, 3, 3, 3, 3, 3, 3, 3, 3, 3, 3, 3, 3, 3, 3, 3, 3, 3, 3, 3, 3, 3, 3, 3, 3, 3, 3, 3, 3, 3, 3, 3, 3, 3, 3, 3, 3, 3, 3, 3, 3, 3, 3, 3, 3, 3, 3, 3, 3, 3, 3, 3, 3, 3, 3, 3, 3, 3, 3, 3, 3, 3, 3, 3, 3, 3, 3, 3, 3, 3, 3, 3, 3, 3, 3, 3, 3, 3, 3, 3, 3, 3, 3, 3, 3, 3, 3, 3, 3, 3, 3, 3, 3, 3, 3, 3, 3, 3, 3, 3, 3, 3, 3, 3, 3, 3, 3, 3, 3, 3, 3, 3, 3, 3, 3, 3, 3, 3, 3, 3, 3, 3, 3, 3, 3, 3, 3, 3, 3, 3, 3, 3, 3, 3, 3, 3, 3, 3, 3, 3, 3, 3, 3, 3, 3, 3, 3, 3, 3, 3, 3, 3, 3, 3, 3, 3, 3, 3, 3, 3, 3, 3, 3, 3, 3, 3, 3, 3, 3, 3, 3, 3, 3, 3, 3, 3, 3, 3, 3, 3, 3, 3, 3, 3, 3, 3, 3, 3, 3, 3, 3, 3, 3, 3, 3, 3, 3, 3, 3, 3, 3, 3, 3, 3, 3, 3, 3, 3, 3, 3, 3, 3, 3, 3, 3, 3, 3, 3, 3, 3, 3, 3, 3, 3, 3, 3, 3, 3, 3, 3, 3, 3, 3, 3, 3, 3, 3, 3, 3, 3, 3, 3, 3, 3, 3, 3, 3, 3, 3, 3, 3, 3, 3, 3, 3, 3, 3, 3, 3, 3, 3, 3, 3, 3, 3, 3, 3, 3, 3, 3, 3, 3, 3, 3, 3, 3, 3, 3, 3, 3, 3, 3, 3, 3, 3, 3, 3, 3, 3, 3, 3, 3, 3, 3, 3, 3, 3, 3, 3, 3, 3, 3, 3, 3, 3, 3, 3, 3, 3, 3, 3, 3, 3, 3, 3, 3, 3, 3, 3, 3, 3, 3, 3, 3, 3, 3, 3, 3, 3, 3, 3, 3, 3, 3, 3, 3, 3, 3, 3, 3, 3, 3, 3, 3, 3, 3, 3, 3, 3, 3, 3, 3, 3, 3, 3, 3, 3, 3, 3, 3, 3, 3, 3, 3, 3, 3, 3, 3, 3, 3, 3, 3, 3, 3, 3, 3, 3, 3, 3, 3, 3, 3, 3, 3, 3, 3, 3, 3, 3, 3, 3, 3, 3, 3, 3, 3, 3, 3, 3, 3, 3, 3, 3, 3, 3, 3, 3, 3, 3, 3, 3, 3, 3, 3, 3, 3, 3, 3, 3, 3, 3, 3, 3, 3, 3, 3, 3, 3, 3, 3, 3, 3, 3, 3, 3, 3, 3, 3, 3, 3, 3, 3, 3, 3, 3, 3, 3, 3, 3, 3, 3, 3, 3, 3, 3, 3, 3, 3, 3, 3, 3, 3, 3, 3, 3, 3, 3, 3, 3, 3, 3, 3, 3, 3, 3, 3, 3, 3, 3, 3, 3, 3, 3, 3, 3, 3, 3, 3, 3, 3, 3, 3, 3, 3, 3, 3, 3, 3, 3, 3, 3, 3, 3, 3, 3, 3, 3, 3, 3, 3, 3, 3, 3, 3, 3, 3, 3, 3, 3, 3, 3, 3, 3, 3, 3, 3, 3, 3, 3, 3, 3, 3, 3, 3, 3, 3, 3, 3, 3, 3, 3, 3, 3, 3, 3, 3, 3, 3, 3, 3, 3, 3, 3, 3, 3, 3, 3, 3, 3, 3, 3, 3, 3, 3, 3, 3, 3, 3, 3, 3, 3, 3, 3, 3, 3, 3, 3, 3, 3, 3, 3, 3, 3, 3, 3, 3, 3, 3, 3, 3, 3, 3, 3, 3, 3, 3, 3, 3, 3, 3, 3, 3, 3, 3, 3, 3, 3, 3, 3, 3, 3, 3, 3, 3, 3, 3, 3, 3, 3, 3, 3, 3, 3, 3, 3, 3, 3, 3, 3, 3, 3, 3, 3, 3, 3, 3, 3, 3, 3, 3, 3, 3, 3, 3, 3, 3, 3, 3, 3, 3, 3, 3, 3, 3, 3, 3, 3, 3, 3, 3, 3, 3, 3, 3, 3, 3, 3, 3, 3, 3, 3, 3, 3, 3, 3, 3, 3, 3, 3, 3, 3, 3, 3, 3, 3, 3, 3, 3, 3, 3, 3, 3, 3, 3, 3, 3, 3, 3, 3, 3, 3, 3, 3, 3, 3, 3, 3, 3, 3, 3, 3, 3, 3, 3, 3, 3, 3, 3, 3, 3, 3, 3, 3, 3, 3, 3, 3, 3, 3, 3, 3, 3, 3, 3, 3, 3, 3, 3, 3, 3, 3, 3, 3, 3, 3, 3, 3, 3, 3, 3, 3, 3, 3, 3, 3, 3, 3, 3, 3, 3, 3, 3, 3, 3, 3, 3, 3, 3, 3, 3, 3, 3, 3, 3, 3, 3, 3, 3, 3, 3, 3, 3, 3, 3, 3, 3, 3, 3, 3, 3, 3, 3, 3, 3, 3, 3, 3, 3, 3, 3, 3, 3, 3, 3, 3, 3, 3, 3, 3, 3, 3, 3, 3, 3, 3, 3, 3, 3, 3, 3, 3, 3, 3, 3, 3, 3, 3, 3, 3, 3, 3, 3, 3, 3, 3, 3, 3, 3, 3, 3, 3, 3, 3, 3, 3, 3, 3, 3, 3, 3, 3, 3, 3, 3, 3, 3, 3, 3, 3, 3, 3, 3, 3, 3, 3, 3, 3, 3, 3, 3, 3, 3, 3, 3, 3, 3, 3, 3, 3, 3, 3, 3, 3, 3, 3, 3, 3, 3, 3, 3, 3, 3, 3, 3, 3, 3, 3, 3, 3, 3, 3, 3, 3, 3, 3, 3, 3, 3, 3, 3, 3, 3, 3, 3, 3, 3, 3, 3, 3, 3, 3, 3, 3, 3, 3, 3, 3, 3, 3, 3, 3, 3, 3, 3, 3, 3, 3, 3, 3, 3, 3, 3, 3, 3, 3, 3, 3, 3, 3, 3, 3, 3, 3, 3, 3, 3, 3, 3, 3, 3, 3, 3, 3, 3, 3, 3, 3, 3, 3, 3, 3, 3, 3, 3, 3, 3, 3, 3, 3, 3, 3, 3, 3, 3, 3, 3, 3, 3, 3, 3, 3, 3, 3, 3, 3, 3, 3, 3, 3, 3, 3, 3, 3, 3, 3, 3, 3, 3, 3, 3, 3, 3, 3, 3, 3, 3, 3, 3, 3, 3, 3, 3, 3, 3, 3, 3, 3, 3, 3, 3, 3, 3, 3, 3, 3, 3, 3, 3, 3, 3, 3, 3, 3, 3, 3, 3, 3, 3, 3, 3, 3, 3, 3, 3, 3, 3, 3, 3, 3, 3, 3, 3, 3, 3, 3, 3, 3, 3, 3, 3, 3, 3, 3, 3, 3, 3, 3, 3, 3, 3, 3, 3, 3, 3, 3, 3, 3, 3, 3, 3, 3, 3, 3, 3, 3, 3, 3, 3, 3, 3, 3, 3, 3, 3, 3, 3, 3, 3, 3, 3, 3, 3, 3, 3, 3, 3, 3, 3, 3, 3, 3, 3, 3, 3, 3, 3, 3, 3, 3, 3, 3, 3, 3, 3, 3, 3, 3, 3, 3, 3, 3, 3, 3, 3, 3, 3, 3, 3, 3, 3, 3, 3, 3, 3, 3, 3, 3, 3, 3, 3, 3, 3, 3, 3, 3, 3, 3, 3, 3, 3, 3, 3, 3, 3, 3, 3, 3, 3, 3, 3, 3, 3, 3, 3, 3, 3, 3, 3, 3, 3, 3, 3, 3, 3, 3, 3, 3, 3, 3, 3, 3, 3, 3, 3, 3, 3, 3, 3, 3, 3, 3, 3, 3, 3, 3, 3, 3, 3, 3, 3, 3, 3, 3, 3, 3, 3, 3, 3, 3, 3, 3, 3, 3, 3, 3, 3, 3, 3, 3, 3, 3, 3, 3, 3, 3, 3, 3, 3, 3, 3, 3, 3, 3, 3, 3, 3, 3, 3, 3, 3, 3, 3, 3, 3, 3, 3, 3, 3, 3, 3, 3, 3, 3, 3, 3, 3, 3, 3, 3, 3, 3, 3, 3, 3, 3, 3, 3, 3, 3, 3, 3, 3, 3, 3, 3, 3, 3, 3, 3, 3, 3, 3, 3, 3, 3, 3, 3, 3, 3, 3, 3, 3, 3, 3, 3, 3, 3, 3, 3, 3, 3, 3, 3, 3, 3, 3, 3, 3, 3, 3, 3, 3, 3, 3, 3, 3, 3, 3, 3, 3, 3, 3, 3, 3, 3, 3, 3, 3, 3, 3, 3, 3, 3, 3, 3, 3, 3, 3, 3, 3, 3, 3, 3, 3, 3, 3, 3, 3, 3, 3, 3, 3, 3, 3, 3, 3, 3, 3, 3, 3, 3, 3, 3, 3, 3, 3, 3, 3, 3, 3, 3, 3, 3, 3, 3, 3, 3, 3, 3, 3, 3, 3, 3, 3, 3, 3, 3, 3, 3, 3, 3, 3, 3, 3, 3, 3, 3, 3, 3, 3, 3, 3, 3, 3, 3, 3, 3, 3, 3, 3, 3, 3, 3, 3, 3, 3, 3, 3, 3, 3, 3, 3, 3, 3, 3, 3, 3, 3, 3, 3, 3, 3, 3, 3, 3, 3, 3, 3, 3, 3, 3, 3, 3, 3, 3, 3, 3, 3, 3, 3, 3, 3, 3, 3, 3, 3, 3, 3, 3, 3, 3, 3, 3, 3, 3, 3, 3, 3, 3, 3, 3, 3, 3, 3, 3, 3, 3, 3, 3, 3, 3, 3, 3, 3, 3, 3, 3, 3, 3, 3, 3, 3, 3, 3, 3, 3, 3, 3, 3, 3, 3, 3, 3, 3, 3, 3, 3, 3, 3, 3, 3, 3, 3, 3, 3, 3, 3, 3, 3, 3, 3, 3, 3, 3, 3, 3, 3, 3, 3, 3, 3, 3, 3, 3, 3, 3, 3, 3, 3, 3, 3, 3, 3, 3, 3, 3, 3, 3, 3, 3, 3, 3, 3, 3, 3, 3, 3, 3, 3, 3, 3, 3, 3, 3, 3, 3, 3, 3, 3, 3, 3, 3, 3, 3, 3, 3, 3, 3, 3, 3, 3, 3, 3, 3, 3, 3, 3, 3, 3, 3, 3, 3, 3, 3, 3, 3, 3, 3, 3, 3, 3, 3, 3, 3, 3, 3, 3, 3, 3, 3, 3, 3, 3, 3, 3, 3, 3, 3, 3, 3, 3, 3, 3, 3, 3, 3, 3, 3, 3, 3, 3, 3, 3, 3, 3, 3, 3, 3, 3, 3, 3, 3, 3, 3, 3, 3, 3, 3, 3, 3, 3, 3, 3, 3, 3, 3, 3, 3, 3, 3, 3, 3, 3, 3, 3, 3, 3, 3, 3, 3, 3, 3, 3, 3, 3, 3, 3, 3, 3, 3, 3, 3, 3, 3, 3, 3, 3, 3, 3, 3, 3, 3, 3, 3, 3, 3, 3, 3, 3, 3, 3, 3, 3, 3, 3, 3, 3, 3, 3, 3, 3, 3, 3, 3, 3, 3, 3, 3, 3, 3, 3, 3, 3, 3, 3, 3, 3, 3, 3, 3, 3, 3, 3, 3, 3, 3, 3, 3, 3, 3, 3, 3, 3, 3, 3, 3, 3, 3, 3, 3, 3, 3, 3, 3, 3, 3, 3, 3, 3, 3, 3, 3, 3, 3, 3, 3, 3, 3, 3, 3, 3, 3, 3, 3, 3, 3, 3, 3, 3, 3, 3, 3, 3, 3, 3, 3, 3, 3, 3, 3, 3, 3, 3, 3, 3, 3, 3, 3, 3, 3, 3, 3, 3, 3, 3, 3, 3, 3, 3, 3, 3, 3, 3, 3, 3, 3, 3, 3, 3, 3, 3, 3, 3, 3, 3, 3, 3, 3, 3, 3, 3, 3, 3, 3, 3, 3, 3, 3, 3, 3, 3, 3, 3, 3, 3, 3, 3, 3, 3, 3, 3, 3, 3, 3, 3, 3, 3, 3, 3, 3, 3, 3, 3, 3, 3, 3, 3, 3, 3, 3, 3, 3, 3, 3, 3, 3, 3, 3, 3, 3, 3, 3, 3, 3, 3, 3, 3, 3, 3, 3, 3, 3, 3, 3, 3, 3, 3, 3, 3, 3, 3, 3, 3, 3, 3, 3, 3, 3, 3, 3, 3, 3, 3, 3, 3, 3, 3, 3, 3, 3, 3, 3, 3, 3, 3, 3, 3, 3, 3, 3, 3, 3, 3, 3, 3, 3, 3, 3, 3, 3, 3, 3, 3, 3, 3, 3, 3, 3, 3, 3, 3, 3, 3, 3, 3, 3, 3, 3, 3, 3, 3, 3, 3, 3, 3, 3, 3, 3, 3, 3, 3, 3, 3, 3, 3, 3, 3, 3, 3, 3, 3, 3, 3, 3, 3, 3, 3, 3, 3, 3, 3, 3, 3, 3, 3, 3, 3, 3, 3, 3, 3, 3, 3, 3, 3, 3, 3, 3, 3, 3, 3, 3, 3, 3, 3, 3, 3, 3, 3, 3, 3, 3, 3, 3, 3, 3, 3, 3, 3, 3, 3, 3, 3, 3, 3, 3, 3, 3, 3, 3, 3, 3, 3, 3, 3, 3, 3, 3, 3, 3, 3, 3, 3, 3, 3, 3, 3, 3, 3, 3, 3, 3, 3, 3, 3, 3, 3, 3, 3, 3, 3, 3, 3, 3, 3, 3, 3, 3, 3, 3, 3, 3, 3, 3, 3, 3, 3, 3, 3, 3, 3, 3, 3, 3, 3, 3, 3, 3, 3, 3, 3, 3, 3, 3, 3, 3, 3, 3, 3, 3, 3, 3, 3, 3, 3, 3, 3, 3, 3, 3, 3, 3, 3, 3, 3, 3, 3, 3, 3, 3, 3, 3, 3, 3, 3, 3, 3, 3, 3, 3, 3, 3, 3, 3, 3, 3, 3, 3, 3, 3, 3, 3, 3, 3, 3, 3, 3, 3, 3, 3, 3, 3, 3, 3, 3, 3, 3, 3, 3, 3, 3, 3, 3, 3, 3, 3, 3, 3, 3, 3, 3, 3, 3, 3, 3, 3, 3, 3, 3, 3, 3, 3, 3, 3, 3, 3, 3, 3, 3, 3, 3, 3, 3, 3, 3, 3, 3, 3, 3, 3, 3, 3, 3, 3, 3, 3, 3, 3, 3, 3, 3, 3, 3, 3, 3, 3, 3, 3, 3, 3, 3, 3, 3, 3, 3, 3, 3, 3, 3, 3, 3, 3, 3, 3, 3, 3, 3, 3, 3, 3, 3, 3, 3, 3, 3, 3, 3, 3, 3, 3, 3, 3, 3, 3, 3, 3, 3, 3, 3, 3, 3, 3, 3, 3, 3, 3, 3, 3, 3, 3, 3, 3, 3, 3, 3, 3, 3, 3, 3, 3, 3, 3, 3, 3, 3, 3, 3, 3, 3, 3, 3, 3, 3, 3, 3, 3, 3, 3, 3, 3, 3, 3, 3, 3, 3, 3, 3, 3, 3, 3, 3, 3, 3, 3, 3, 3, 3, 3, 3, 3, 3, 3, 3, 3, 3, 3, 3, 3, 3, 3, 3, 3, 3, 3, 3, 3, 3, 3, 3, 3, 3, 3, 3, 3, 3, 3, 3, 3, 3, 3, 3, 3, 3, 3, 3, 3, 3, 3, 3, 3, 3, 3, 3, 3, 3, 3, 3, 3, 3, 3, 3, 3, 3, 3, 3, 3, 3, 3, 3, 3, 3, 3, 3, 3, 3, 3, 3, 3, 3, 3, 3, 3, 3, 3, 3, 3, 3, 3, 3, 3, 3, 3, 3, 3, 3, 3, 3, 3, 3, 3, 3, 3, 3, 3, 3, 3, 3, 3, 3, 3, 3, 3, 3, 3, 3, 3, 3, 3, 3, 3, 3, 3, 3, 3, 3, 3, 3, 3, 3, 3, 3, 3, 3, 3, 3, 3, 3, 3, 3, 3, 3, 3, 3, 3, 3, 3, 3, 3, 3, 3, 3, 3, 3, 3, 3, 3, 3, 3, 3, 3, 3, 3, 3, 3, 3, 3, 3, 3, 3, 3, 3, 3, 3, 3, 3, 3, 3, 3, 3, 3, 3, 3, 3, 3, 3, 3, 3, 3, 3, 3, 3, 3, 3, 3, 3, 3, 3, 3, 3, 3, 3, 3, 3, 3, 3, 3, 3, 3, 3, 3, 3, 3, 3, 3, 3, 3, 3, 3, 3, 3, 3, 3, 3, 3, 3, 3, 3, 3, 3, 3, 3, 3, 3, 3, 3, 3, 3, 3, 3, 3, 3, 3, 3, 3, 3, 3, 3, 3, 3, 3, 3, 3, 3, 3, 3, 3, 3, 3, 3, 3, 3, 3, 3, 3, 3, 3, 3, 3, 3, 3, 3, 3, 3, 3, 3, 3, 3, 3, 3, 3, 3, 3, 3, 3, 3, 3, 3, 3, 3, 3, 3, 3, 3, 3, 3, 3, 3, 3, 3, 3, 3, 3, 3, 3, 3, 3, 3, 3, 3, 3, 3, 3, 3, 3, 3, 3, 3, 3, 3, 3, 3, 3, 3, 3, 3, 3, 3, 3, 3, 3, 3, 3, 3, 3, 3, 3, 3, 3, 3, 3, 3, 3, 3, 3, 3, 3, 3, 3, 3, 3, 3, 3, 3, 3, 3, 3, 3, 3, 3, 3, 3, 3, 3, 3, 3, 3, 3, 3, 3, 3, 3, 3, 3, 3, 3, 3, 3, 3, 3, 3, 3, 3, 3, 3, 3, 3, 3, 3, 3, 3, 3, 3, 3, 3, 3, 3, 3, 3, 3, 3, 3, 3, 3, 3, 3, 3, 3, 3, 3, 3, 3, 3, 3, 3, 3, 3, 3, 3, 3, 3, 3, 3, 3, 3, 3, 3, 3, 3, 3, 3, 3, 3, 3, 3, 3, 3, 3, 3, 3, 3, 3, 3, 3, 3, 3, 3, 3, 3, 3, 3, 3, 3, 3, 3, 3, 3, 3, 3, 3, 3, 3, 3, 3, 3, 3, 3, 3, 3, 3, 3, 3, 3, 3, 3, 3, 3, 3, 3, 3, 3, 3, 3, 3, 3, 3, 3, 3, 3, 3, 3, 3, 3, 3, 3, 3, 3, 3, 3, 3, 3, 3, 3, 3, 3, 3, 3, 3, 3, 3, 3, 3, 3, 3, 3, 3, 3, 3, 3, 3, 3, 3, 3, 3, 3, 3, 3, 3, 3, 3, 3, 3, 3, 3, 3, 3, 3, 3, 3, 3, 3, 3, 3, 3, 3, 3, 3, 3, 3, 3, 3, 3, 3, 3, 3, 3, 3, 3, 3, 3, 3, 3, 3, 3, 3, 3, 3, 3, 3, 3, 3, 3, 3, 3, 3, 3, 3, 3, 3, 3, 3, 3, 3, 3, 3, 3, 3, 3, 3, 3, 3, 3, 3, 3, 3, 3, 3, 3, 3, 3, 3, 3, 3, 3, 3, 3, 3, 3, 3, 3, 3, 3, 3, 3, 3, 3, 3, 3, 3, 3, 3, 3, 3, 3, 3, 3, 3, 3, 3, 3, 3, 3, 3, 3, 3, 3, 3, 3, 3, 3, 3, 3, 3, 3, 3, 3, 3, 3, 3, 3, 3, 3, 3, 3, 3, 3, 3, 3, 3, 3, 3, 3, 3, 3, 3, 3, 3, 3, 3, 3, 3, 3, 3, 3, 3, 3, 3, 3, 3, 3, 3, 3, 3, 3, 3, 3, 3, 3, 3, 3, 3, 3, 3, 3, 3, 3, 3, 3, 3, 3, 3, 3, 3, 3, 3, 3, 3, 3, 3, 3, 3, 3, 3, 3, 3, 3, 3, 3, 3, 3, 3, 3, 3, 3, 3, 3, 3, 3, 3, 3, 3, 3, 3, 3, 3, 3, 3, 3, 3, 3, 3, 3, 3, 3, 3, 3, 3, 3, 3, 3, 3, 3, 3, 3, 3, 3, 3, 3, 3, 3, 3, 3, 3, 3, 3, 3, 3, 3, 3, 3, 3, 3, 3, 3, 3, 3, 3, 3, 3, 3, 3, 3, 3, 3, 3, 3, 3, 3, 3, 3, 3, 3, 3, 3, 3, 3, 3, 3, 3, 3, 3, 3, 3, 3, 3, 3, 3, 3, 3, 3, 3, 3, 3, 3, 3]
            int[] faceVertexIndices = [0, 1, 2, 0, 3, 1, 4, 3, 0, 5, 3, 4, 6, 7, 8, 9, 5, 4, 10, 5, 9, 11, 6, 8, 12, 6, 11, 13, 10, 9, 14, 10, 13, 15, 12, 11, 16, 12, 15, 17, 14, 13, 18, 14, 17, 19, 16, 15, 20, 16, 19, 21, 18, 17, 22, 18, 21, 23, 20, 19, 24, 20, 23, 25, 22, 21, 26, 24, 23, 26, 25, 24, 27, 25, 26, 27, 22, 25, 28, 22, 27, 28, 29, 22, 30, 29, 28, 30, 31, 29, 32, 31, 30, 32, 33, 31, 34, 33, 32, 34, 35, 33, 36, 35, 34, 36, 37, 35, 38, 37, 36, 38, 39, 37, 40, 41, 39, 40, 39, 38, 42, 43, 41, 42, 41, 40, 44, 45, 43, 44, 43, 42, 46, 47, 45, 46, 45, 44, 48, 49, 47, 48, 47, 46, 50, 51, 49, 50, 49, 48, 52, 53, 51, 52, 51, 50, 54, 55, 53, 54, 53, 52, 56, 57, 55, 56, 55, 54, 58, 59, 57, 58, 57, 56, 60, 61, 59, 60, 59, 58, 62, 63, 61, 62, 61, 60, 64, 63, 62, 64, 65, 63, 66, 65, 64, 66, 67, 65, 68, 67, 66, 68, 69, 67, 70, 71, 72, 73, 70, 72, 69, 68, 70, 69, 70, 73, 74, 57, 59, 75, 59, 61, 75, 74, 59, 76, 55, 57, 76, 57, 74, 77, 75, 61, 78, 53, 55, 78, 55, 76, 79, 61, 63, 79, 77, 61, 80, 51, 53, 80, 53, 78, 81, 63, 65, 81, 79, 63, 82, 49, 51, 82, 51, 80, 83, 65, 67, 83, 81, 65, 84, 49, 82, 85, 67, 69, 85, 83, 67, 47, 49, 84, 86, 47, 84, 45, 47, 86, 87, 45, 86, 43, 45, 87, 88, 43, 87, 89, 90, 91, 92, 93, 90, 92, 90, 89, 94, 89, 91, 94, 91, 95, 96, 93, 92, 97, 96, 92, 98, 96, 97, 99, 95, 100, 99, 94, 95, 41, 43, 88, 101, 99, 100, 102, 98, 97, 103, 98, 102, 104, 99, 101, 104, 101, 105, 106, 104, 105, 107, 103, 102, 107, 108, 103, 109, 41, 88, 73, 85, 69, 73, 104, 106, 110, 108, 107, 111, 110, 107, 112, 110, 111, 39, 41, 109, 113, 112, 111, 114, 112, 113, 115, 39, 109, 116, 114, 113, 116, 117, 114, 37, 39, 115, 118, 117, 116, 119, 37, 115, 120, 118, 116, 121, 118, 120, 122, 121, 120, 35, 37, 119, 123, 121, 122, 124, 35, 119, 125, 123, 122, 125, 126, 123, 127, 126, 125, 33, 35, 124, 128, 33, 124, 129, 127, 125, 130, 127, 129, 131, 130, 129, 132, 130, 131, 133, 31, 33, 133, 33, 128, 134, 135, 132, 134, 132, 131, 136, 31, 133, 29, 31, 136, 137, 135, 134, 138, 137, 134, 139, 137, 138, 140, 29, 136, 141, 139, 138, 22, 29, 140, 142, 139, 141, 143, 142, 141, 144, 22, 140, 18, 22, 144, 145, 142, 143, 146, 145, 143, 147, 18, 144, 148, 145, 146, 14, 18, 147, 149, 148, 146, 150, 14, 147, 151, 148, 149, 152, 151, 149, 10, 14, 150, 153, 151, 152, 154, 10, 150, 155, 153, 152, 5, 10, 154, 156, 5, 154, 3, 156, 157, 3, 5, 156, 158, 3, 157, 1, 158, 155, 1, 3, 158, 158, 153, 155, 106, 85, 73, 159, 160, 161, 162, 161, 8, 162, 8, 7, 162, 159, 161, 163, 162, 164, 165, 166, 167, 168, 166, 165, 169, 170, 171, 172, 170, 169, 173, 174, 175, 173, 175, 176, 177, 178, 179, 180, 178, 177, 181, 182, 183, 1, 181, 2, 155, 181, 1, 155, 159, 182, 182, 159, 180, 180, 159, 178, 178, 159, 173, 173, 159, 174, 174, 159, 172, 172, 159, 170, 170, 159, 168, 168, 159, 166, 166, 159, 163, 163, 159, 162, 155, 182, 181, 184, 185, 21, 17, 184, 21, 13, 184, 17, 9, 184, 13, 4, 184, 9, 0, 184, 4, 2, 184, 0, 186, 2, 181, 187, 2, 186, 187, 184, 2, 185, 188, 25, 21, 185, 25, 189, 25, 188, 24, 25, 189, 20, 24, 189, 16, 20, 189, 12, 16, 189, 6, 12, 189, 7, 6, 189, 190, 162, 7, 191, 190, 7, 191, 7, 189, 58, 192, 193, 56, 194, 192, 56, 192, 58, 60, 193, 195, 60, 58, 193, 54, 196, 194, 54, 194, 56, 62, 195, 197, 62, 60, 195, 52, 198, 196, 52, 196, 54, 64, 197, 199, 64, 62, 197, 50, 200, 198, 50, 198, 52, 66, 199, 201, 66, 64, 199, 48, 202, 200, 48, 200, 50, 68, 201, 203, 68, 203, 204, 68, 204, 205, 68, 205, 206, 68, 206, 207, 68, 66, 201, 46, 202, 48, 44, 202, 46, 42, 202, 44, 40, 208, 202, 40, 202, 42, 38, 208, 40, 209, 210, 68, 211, 209, 68, 36, 208, 38, 212, 211, 68, 213, 212, 68, 34, 208, 36, 34, 214, 208, 215, 213, 68, 215, 68, 207, 216, 215, 207, 216, 207, 217, 32, 214, 34, 32, 218, 214, 219, 216, 217, 219, 217, 220, 30, 221, 218, 30, 218, 32, 222, 219, 220, 222, 220, 223, 224, 222, 223, 224, 223, 225, 28, 221, 30, 28, 226, 221, 227, 225, 228, 227, 224, 225, 27, 226, 28, 229, 227, 228, 230, 226, 27, 231, 229, 228, 231, 232, 229, 26, 230, 27, 233, 26, 23, 233, 230, 26, 234, 232, 231, 234, 235, 232, 236, 23, 19, 236, 233, 23, 237, 235, 234, 237, 238, 239, 237, 239, 235, 8, 240, 241, 8, 241, 242, 8, 242, 243, 244, 8, 243, 245, 19, 15, 245, 236, 19, 246, 247, 238, 246, 238, 237, 248, 8, 244, 249, 245, 15, 249, 15, 11, 250, 247, 246, 250, 251, 247, 252, 249, 11, 252, 11, 8, 253, 252, 8, 254, 251, 250, 254, 250, 255, 254, 255, 256, 254, 257, 258, 254, 258, 259, 254, 259, 251, 260, 253, 8, 261, 254, 256, 262, 260, 8, 263, 257, 254, 263, 264, 265, 263, 265, 266, 263, 266, 267, 263, 267, 257, 268, 262, 8, 269, 263, 270, 271, 8, 248, 271, 268, 8, 271, 248, 272, 273, 263, 269, 274, 271, 272, 274, 272, 275, 276, 263, 273, 276, 264, 263, 276, 277, 264, 278, 274, 275, 278, 275, 279, 280, 281, 277, 280, 277, 276, 282, 279, 283, 282, 278, 279, 284, 285, 281, 284, 281, 280, 286, 283, 287, 286, 282, 283, 288, 289, 285, 288, 285, 284, 290, 287, 291, 290, 286, 287, 292, 289, 288, 292, 291, 289, 292, 290, 291, 70, 68, 210, 8, 161, 240, 293, 159, 155, 293, 155, 152, 294, 152, 149, 294, 293, 152, 295, 149, 146, 295, 294, 149, 296, 143, 141, 296, 146, 143, 296, 295, 146, 297, 296, 141, 298, 138, 134, 298, 141, 138, 298, 297, 141, 299, 298, 134, 300, 134, 131, 300, 299, 134, 301, 129, 125, 301, 131, 129, 301, 300, 131, 302, 125, 122, 302, 301, 125, 303, 302, 122, 304, 303, 122, 304, 122, 120, 305, 304, 120, 305, 120, 116, 306, 305, 116, 306, 113, 111, 306, 116, 113, 307, 306, 111, 308, 307, 111, 308, 107, 102, 308, 111, 107, 309, 308, 102, 309, 102, 97, 310, 309, 97, 311, 310, 97, 311, 97, 92, 312, 311, 92, 312, 89, 94, 312, 92, 89, 313, 312, 94, 314, 99, 104, 314, 94, 99, 314, 313, 94, 315, 314, 104, 72, 104, 73, 72, 315, 104, 312, 316, 317, 311, 312, 317, 313, 318, 316, 313, 316, 312, 319, 311, 317, 310, 311, 319, 314, 320, 318, 314, 318, 313, 321, 310, 319, 309, 310, 321, 315, 322, 320, 315, 320, 314, 323, 309, 321, 308, 309, 323, 72, 71, 322, 72, 322, 315, 324, 308, 323, 307, 308, 324, 325, 307, 324, 306, 307, 325, 305, 325, 326, 305, 306, 325, 304, 326, 327, 304, 305, 326, 303, 304, 327, 303, 327, 328, 302, 328, 329, 302, 303, 328, 301, 302, 329, 301, 329, 330, 300, 301, 330, 331, 300, 330, 299, 300, 331, 332, 299, 331, 298, 299, 332, 333, 298, 332, 297, 298, 333, 334, 297, 333, 296, 297, 334, 335, 296, 334, 295, 296, 335, 336, 295, 335, 294, 295, 336, 337, 294, 336, 293, 294, 337, 338, 293, 337, 159, 293, 338, 160, 159, 338, 267, 339, 257, 267, 340, 339, 266, 340, 267, 266, 341, 340, 265, 341, 266, 265, 342, 341, 264, 342, 265, 264, 343, 342, 277, 343, 264, 277, 344, 343, 281, 344, 277, 281, 345, 346, 281, 346, 344, 285, 345, 281, 285, 347, 345, 289, 348, 347, 289, 347, 285, 291, 349, 348, 291, 348, 289, 287, 350, 349, 287, 349, 291, 283, 350, 287, 283, 351, 350, 279, 351, 283, 279, 352, 351, 275, 352, 279, 275, 353, 352, 272, 353, 275, 272, 354, 353, 248, 354, 272, 248, 355, 354, 244, 355, 248, 244, 356, 355, 243, 356, 244, 243, 357, 356, 242, 357, 243, 242, 358, 357, 241, 358, 242, 241, 359, 358, 240, 359, 241, 240, 360, 359, 160, 360, 240, 160, 361, 360, 161, 160, 240, 338, 361, 160, 338, 362, 361, 337, 362, 338, 337, 363, 362, 336, 363, 337, 336, 364, 363, 335, 364, 336, 335, 365, 364, 334, 365, 335, 334, 366, 365, 333, 367, 366, 333, 366, 334, 332, 368, 367, 332, 367, 333, 331, 368, 332, 331, 369, 368, 330, 370, 369, 330, 369, 331, 329, 370, 330, 329, 371, 372, 329, 372, 370, 328, 371, 329, 328, 373, 371, 327, 374, 373, 327, 373, 328, 326, 374, 327, 326, 375, 374, 325, 376, 375, 325, 375, 326, 324, 376, 325, 324, 377, 376, 323, 377, 324, 323, 378, 377, 321, 378, 323, 321, 379, 378, 319, 379, 321, 319, 380, 379, 317, 380, 319, 317, 381, 380, 316, 381, 317, 316, 382, 381, 318, 382, 316, 318, 383, 382, 320, 383, 318, 320, 384, 383, 322, 384, 320, 322, 385, 384, 71, 385, 322, 71, 386, 385, 210, 71, 70, 210, 387, 386, 210, 386, 71, 209, 388, 387, 209, 387, 210, 211, 389, 388, 211, 388, 209, 212, 389, 211, 212, 390, 389, 213, 390, 212, 213, 391, 390, 215, 391, 213, 215, 392, 391, 216, 392, 215, 216, 393, 392, 219, 394, 393, 219, 393, 216, 222, 395, 394, 222, 394, 219, 224, 396, 395, 224, 395, 222, 227, 397, 396, 227, 396, 224, 229, 398, 397, 229, 397, 227, 232, 399, 398, 232, 398, 229, 235, 400, 399, 235, 399, 232, 239, 401, 400, 239, 400, 235, 238, 402, 401, 238, 401, 239, 247, 403, 402, 247, 402, 238, 251, 404, 403, 251, 403, 247, 259, 405, 404, 259, 404, 251, 258, 406, 405, 258, 405, 259, 257, 406, 258, 257, 339, 406, 407, 408, 409, 407, 85, 408, 407, 409, 410, 407, 411, 83, 407, 410, 411, 412, 413, 414, 157, 415, 158, 416, 417, 413, 416, 413, 412, 418, 417, 416, 418, 419, 417, 420, 421, 419, 420, 419, 418, 422, 421, 420, 422, 423, 421, 424, 423, 422, 424, 425, 423, 426, 427, 425, 426, 425, 424, 428, 412, 429, 428, 429, 430, 428, 416, 412, 431, 418, 416, 431, 416, 428, 432, 433, 427, 432, 427, 426, 434, 418, 431, 434, 420, 418, 435, 436, 433, 435, 433, 432, 437, 422, 420, 437, 420, 434, 438, 439, 436, 438, 436, 435, 440, 424, 422, 440, 422, 437, 441, 439, 438, 441, 442, 439, 443, 424, 440, 443, 426, 424, 444, 428, 430, 445, 442, 441, 445, 446, 442, 447, 431, 428, 447, 428, 444, 448, 432, 426, 448, 426, 443, 449, 446, 445, 449, 450, 446, 451, 431, 447, 451, 434, 431, 452, 435, 432, 452, 432, 448, 453, 434, 451, 453, 437, 434, 454, 455, 450, 454, 450, 449, 456, 435, 452, 456, 438, 435, 457, 440, 437, 457, 437, 453, 458, 455, 454, 458, 459, 455, 460, 441, 438, 460, 438, 456, 460, 445, 441, 461, 440, 457, 461, 443, 440, 462, 430, 463, 462, 444, 430, 464, 459, 458, 464, 465, 466, 464, 466, 459, 467, 445, 460, 468, 447, 444, 468, 444, 462, 469, 452, 448, 469, 443, 461, 469, 448, 443, 470, 465, 464, 470, 471, 465, 472, 445, 467, 472, 449, 445, 473, 453, 451, 473, 447, 468, 473, 451, 447, 474, 452, 469, 475, 471, 470, 475, 476, 471, 477, 453, 473, 478, 449, 472, 478, 454, 449, 479, 452, 474, 479, 456, 452, 480, 481, 476, 480, 476, 475, 482, 453, 477, 482, 457, 453, 483, 454, 478, 483, 458, 454, 484, 460, 456, 484, 456, 479, 485, 486, 481, 485, 481, 480, 487, 461, 457, 487, 469, 461, 487, 457, 482, 488, 462, 463, 488, 463, 489, 490, 464, 458, 490, 458, 483, 491, 460, 484, 491, 467, 460, 491, 472, 467, 492, 493, 486, 492, 486, 485, 494, 468, 462, 494, 462, 488, 495, 474, 469, 495, 469, 487, 496, 475, 470, 496, 470, 464, 496, 464, 490, 497, 472, 491, 498, 493, 492, 498, 499, 493, 500, 473, 468, 500, 468, 494, 501, 474, 495, 502, 475, 496, 503, 473, 500, 503, 477, 473, 504, 472, 497, 504, 483, 478, 504, 478, 472, 505, 499, 498, 505, 506, 499, 507, 474, 501, 507, 479, 474, 508, 475, 502, 508, 480, 475, 509, 477, 503, 509, 482, 477, 510, 483, 504, 511, 506, 505, 511, 512, 506, 513, 479, 507, 513, 484, 479, 514, 492, 485, 514, 480, 508, 514, 485, 480, 515, 482, 509, 515, 487, 482, 516, 489, 517, 516, 488, 489, 516, 494, 488, 518, 490, 483, 518, 483, 510, 519, 520, 512, 519, 512, 511, 521, 484, 513, 521, 491, 484, 522, 492, 514, 523, 494, 516, 523, 500, 494, 524, 495, 487, 524, 501, 495, 524, 487, 515, 525, 490, 518, 525, 496, 490, 526, 527, 520, 526, 520, 519, 528, 497, 491, 528, 491, 521, 529, 498, 492, 529, 492, 522, 530, 500, 523, 531, 501, 524, 532, 502, 496, 532, 496, 525, 533, 534, 527, 533, 527, 526, 535, 500, 530, 535, 503, 500, 536, 497, 528, 536, 504, 497, 537, 505, 498, 537, 498, 529, 538, 507, 501, 538, 501, 531, 539, 508, 502, 539, 502, 532, 540, 534, 533, 540, 541, 534, 542, 509, 503, 542, 503, 535, 543, 504, 536, 543, 510, 504, 544, 511, 505, 544, 505, 537, 545, 507, 538, 545, 513, 507, 546, 522, 514, 546, 508, 539, 546, 514, 508, 547, 541, 540, 547, 548, 549, 547, 550, 548, 547, 549, 541, 551, 509, 542, 551, 524, 515, 551, 515, 509, 552, 517, 553, 552, 516, 517, 554, 518, 510, 554, 510, 543, 554, 525, 518, 555, 511, 544, 555, 519, 511, 556, 513, 545, 556, 521, 513, 557, 522, 546, 558, 516, 552, 558, 523, 516, 559, 524, 551, 560, 525, 554, 561, 526, 519, 561, 519, 555, 562, 521, 556, 562, 528, 521, 563, 522, 557, 563, 529, 522, 564, 530, 523, 564, 523, 558, 565, 524, 559, 565, 531, 524, 566, 532, 525, 566, 525, 560, 567, 533, 526, 567, 526, 561, 567, 540, 533, 568, 535, 530, 568, 530, 564, 569, 536, 528, 569, 528, 562, 570, 537, 529, 570, 529, 563, 571, 538, 531, 571, 531, 565, 572, 546, 539, 572, 539, 532, 572, 532, 566, 573, 540, 567, 574, 542, 535, 574, 535, 568, 575, 543, 536, 575, 536, 569, 576, 544, 537, 576, 537, 570, 577, 545, 538, 577, 538, 571, 578, 546, 572, 579, 540, 573, 579, 547, 540, 579, 550, 547, 580, 551, 542, 580, 542, 574, 581, 553, 582, 581, 552, 553, 581, 558, 552, 583, 554, 543, 583, 543, 575, 584, 544, 576, 584, 555, 544, 584, 561, 555, 585, 556, 545, 585, 545, 577, 586, 546, 578, 586, 557, 546, 586, 563, 557, 587, 558, 581, 587, 564, 558, 588, 551, 580, 588, 559, 551, 588, 565, 559, 589, 560, 554, 589, 554, 583, 590, 561, 584, 590, 567, 561, 591, 556, 585, 591, 562, 556, 592, 563, 586, 593, 564, 587, 594, 565, 588, 595, 560, 589, 595, 566, 560, 596, 573, 567, 596, 567, 590, 597, 574, 568, 597, 564, 593, 597, 568, 564, 598, 569, 562, 598, 562, 591, 599, 576, 570, 599, 563, 592, 599, 570, 563, 600, 571, 565, 600, 565, 594, 601, 572, 566, 601, 566, 595, 602, 573, 596, 603, 574, 597, 604, 575, 569, 604, 569, 598, 605, 584, 576, 605, 576, 599, 606, 577, 571, 606, 571, 600, 607, 572, 601, 607, 578, 572, 607, 586, 578, 608, 579, 573, 608, 573, 602, 608, 550, 579, 608, 609, 550, 610, 574, 603, 610, 580, 574, 611, 582, 415, 611, 157, 156, 611, 415, 157, 611, 581, 582, 611, 587, 581, 612, 583, 575, 612, 575, 604, 613, 584, 605, 614, 585, 577, 614, 577, 606, 615, 586, 607, 615, 592, 586, 616, 587, 611, 616, 156, 154, 616, 611, 156, 617, 580, 610, 617, 588, 580, 618, 583, 612, 618, 589, 583, 618, 595, 589, 619, 584, 613, 619, 590, 584, 619, 596, 590, 620, 585, 614, 620, 591, 585, 621, 592, 615, 622, 616, 154, 622, 154, 150, 622, 587, 616, 622, 593, 587, 623, 594, 588, 623, 588, 617, 624, 595, 618, 625, 596, 619, 626, 593, 622, 626, 597, 593, 626, 622, 150, 627, 591, 620, 627, 598, 591, 627, 604, 598, 628, 592, 621, 628, 599, 592, 629, 606, 600, 629, 594, 623, 629, 600, 594, 630, 595, 624, 630, 601, 595, 631, 602, 596, 631, 596, 625, 632, 150, 147, 632, 597, 626, 632, 603, 597, 632, 626, 150, 632, 610, 603, 633, 604, 627, 634, 605, 599, 634, 599, 628, 635, 606, 629, 636, 601, 630, 636, 607, 601, 637, 609, 608, 637, 638, 609, 637, 608, 602, 637, 602, 631, 639, 632, 147, 639, 147, 144, 639, 610, 632, 640, 612, 604, 640, 604, 633, 641, 613, 605, 641, 605, 634, 642, 620, 614, 642, 614, 606, 642, 606, 635, 643, 607, 636, 643, 615, 607, 644, 144, 140, 644, 617, 610, 644, 639, 144, 644, 610, 639, 645, 618, 612, 645, 612, 640, 645, 624, 618, 646, 619, 613, 646, 613, 641, 646, 625, 619, 647, 620, 642, 648, 621, 615, 648, 615, 643, 649, 617, 644, 649, 140, 136, 649, 644, 140, 649, 623, 617, 650, 624, 645, 651, 625, 646, 652, 620, 647, 652, 627, 620, 652, 633, 627, 653, 628, 621, 653, 621, 648, 654, 629, 623, 654, 649, 136, 654, 136, 133, 654, 623, 649, 655, 630, 624, 655, 624, 650, 656, 625, 651, 656, 631, 625, 656, 637, 631, 657, 633, 652, 658, 628, 653, 658, 634, 628, 659, 629, 654, 659, 133, 128, 659, 654, 133, 659, 635, 629, 660, 630, 655, 660, 636, 630, 661, 638, 637, 661, 662, 638, 661, 663, 662, 661, 637, 656, 664, 640, 633, 664, 633, 657, 664, 645, 640, 665, 646, 641, 665, 634, 658, 665, 641, 634, 666, 642, 635, 666, 647, 642, 666, 635, 659, 666, 128, 124, 666, 659, 128, 667, 636, 660, 667, 643, 636, 668, 645, 664, 669, 651, 646, 669, 646, 665, 670, 647, 666, 670, 124, 119, 670, 666, 124, 671, 653, 648, 671, 648, 643, 671, 643, 667, 672, 650, 645, 672, 645, 668, 673, 651, 669, 674, 652, 647, 674, 119, 115, 674, 670, 119, 674, 647, 670, 675, 653, 671, 676, 650, 672, 676, 655, 650, 677, 656, 651, 677, 651, 673, 678, 115, 109, 678, 674, 115, 678, 657, 652, 678, 652, 674, 679, 658, 653, 679, 653, 675, 680, 660, 655, 680, 655, 676, 681, 682, 663, 681, 661, 656, 681, 663, 661, 681, 656, 677, 683, 88, 87, 683, 109, 88, 683, 678, 109, 683, 657, 678, 683, 664, 657, 683, 668, 664, 684, 665, 658, 684, 658, 679, 684, 669, 665, 685, 660, 680, 685, 667, 660, 685, 671, 667, 686, 668, 683, 686, 87, 86, 686, 683, 87, 686, 672, 668, 687, 669, 684, 688, 671, 685, 689, 686, 86, 689, 86, 84, 689, 672, 686, 689, 676, 672, 690, 669, 687, 690, 673, 669, 691, 679, 675, 691, 671, 688, 691, 675, 671, 692, 689, 84, 692, 84, 82, 692, 676, 689, 693, 677, 673, 693, 673, 690, 694, 684, 679, 694, 679, 691, 695, 692, 82, 695, 82, 80, 695, 676, 692, 695, 685, 680, 695, 680, 676, 696, 682, 681, 696, 681, 677, 696, 677, 693, 696, 409, 682, 697, 684, 694, 697, 687, 684, 698, 685, 695, 698, 80, 78, 698, 695, 80, 699, 687, 697, 700, 685, 698, 700, 78, 76, 700, 688, 685, 700, 698, 78, 701, 690, 687, 701, 687, 699, 702, 691, 688, 702, 76, 74, 702, 700, 76, 702, 688, 700, 703, 693, 690, 703, 690, 701, 704, 74, 75, 704, 694, 691, 704, 691, 702, 704, 702, 74, 410, 693, 703, 410, 696, 693, 410, 409, 696, 705, 75, 77, 705, 697, 694, 705, 694, 704, 705, 704, 75, 706, 77, 79, 706, 699, 697, 706, 697, 705, 706, 705, 77, 707, 79, 81, 707, 701, 699, 707, 703, 701, 707, 699, 706, 707, 706, 79, 411, 81, 83, 411, 703, 707, 411, 410, 703, 411, 707, 81, 407, 83, 85, 708, 414, 709, 708, 412, 414, 710, 429, 412, 710, 412, 708, 711, 430, 429, 711, 429, 710, 712, 463, 430, 712, 430, 711, 713, 489, 463, 713, 463, 712, 714, 517, 489, 714, 489, 713, 715, 553, 517, 715, 517, 714, 716, 582, 553, 716, 553, 715, 717, 415, 582, 717, 582, 716, 153, 158, 415, 153, 415, 717, 708, 709, 718, 708, 718, 719, 720, 721, 722, 106, 105, 723, 724, 708, 719, 725, 719, 726, 725, 724, 719, 727, 726, 728, 727, 725, 726, 729, 728, 730, 729, 730, 731, 729, 727, 728, 732, 729, 731, 733, 731, 734, 733, 732, 731, 735, 710, 708, 735, 708, 724, 736, 734, 737, 736, 733, 734, 738, 736, 737, 738, 737, 739, 740, 724, 725, 740, 735, 724, 741, 739, 742, 741, 738, 739, 743, 725, 727, 743, 740, 725, 744, 741, 742, 745, 727, 729, 745, 743, 727, 746, 742, 747, 746, 744, 742, 748, 747, 749, 748, 746, 747, 750, 729, 732, 750, 745, 729, 751, 749, 752, 751, 748, 749, 753, 732, 733, 753, 750, 732, 754, 751, 752, 755, 711, 710, 755, 710, 735, 756, 733, 736, 756, 753, 733, 757, 752, 758, 757, 754, 752, 759, 756, 736, 759, 738, 741, 759, 736, 738, 760, 735, 740, 760, 755, 735, 761, 758, 762, 761, 757, 758, 763, 759, 741, 764, 760, 740, 764, 740, 743, 765, 762, 766, 765, 761, 762, 767, 763, 741, 767, 741, 744, 768, 765, 766, 769, 764, 743, 769, 743, 745, 770, 744, 746, 770, 767, 744, 771, 766, 772, 771, 768, 766, 773, 770, 746, 773, 746, 748, 774, 769, 745, 774, 745, 750, 775, 772, 776, 775, 771, 772, 777, 773, 748, 777, 748, 751, 778, 750, 753, 778, 774, 750, 779, 776, 780, 779, 775, 776, 781, 751, 754, 781, 777, 751, 782, 712, 711, 782, 713, 712, 782, 711, 755, 783, 778, 753, 783, 753, 756, 784, 779, 780, 785, 781, 754, 785, 754, 757, 786, 783, 756, 786, 756, 759, 787, 780, 788, 787, 784, 780, 789, 755, 760, 789, 782, 755, 790, 757, 761, 790, 785, 757, 791, 763, 767, 791, 786, 759, 791, 759, 763, 792, 787, 788, 792, 788, 793, 794, 760, 764, 794, 789, 760, 795, 761, 765, 795, 765, 768, 795, 790, 761, 796, 791, 767, 797, 793, 798, 797, 792, 793, 799, 795, 768, 800, 764, 769, 800, 794, 764, 801, 796, 767, 801, 767, 770, 802, 797, 798, 803, 768, 771, 803, 771, 775, 803, 799, 768, 804, 801, 770, 804, 770, 773, 805, 802, 798, 805, 798, 806, 807, 769, 774, 807, 800, 769, 808, 803, 775, 809, 804, 773, 809, 773, 777, 810, 721, 720, 810, 806, 721, 810, 805, 806, 811, 807, 774, 811, 774, 778, 812, 808, 775, 812, 775, 779, 813, 777, 781, 813, 809, 777, 814, 713, 782, 815, 811, 778, 815, 778, 783, 816, 812, 779, 816, 779, 784, 817, 813, 781, 817, 781, 785, 818, 815, 783, 818, 783, 786, 819, 816, 784, 819, 784, 787, 820, 814, 782, 820, 782, 789, 820, 789, 794, 821, 817, 785, 821, 785, 790, 822, 818, 786, 822, 786, 791, 823, 792, 797, 823, 787, 792, 823, 819, 787, 824, 820, 794, 825, 821, 790, 825, 790, 795, 826, 822, 791, 826, 791, 796, 827, 823, 797, 828, 795, 799, 828, 825, 795, 829, 824, 794, 829, 794, 800, 829, 800, 807, 830, 826, 796, 830, 796, 801, 831, 802, 805, 831, 797, 802, 831, 827, 797, 832, 828, 799, 832, 799, 803, 833, 801, 804, 833, 830, 801, 834, 831, 805, 835, 829, 807, 835, 807, 811, 836, 808, 812, 836, 803, 808, 836, 832, 803, 837, 804, 809, 837, 833, 804, 838, 834, 805, 838, 810, 720, 838, 805, 810, 838, 720, 839, 840, 835, 811, 841, 836, 812, 842, 809, 813, 842, 837, 809, 843, 714, 713, 843, 715, 714, 843, 713, 814, 844, 840, 811, 844, 811, 815, 845, 841, 812, 845, 812, 816, 846, 813, 817, 846, 842, 813, 847, 844, 815, 847, 815, 818, 848, 845, 816, 848, 816, 819, 849, 814, 820, 849, 843, 814, 850, 846, 817, 850, 817, 821, 851, 822, 826, 851, 818, 822, 851, 847, 818, 852, 819, 823, 852, 848, 819, 853, 849, 820, 853, 820, 824, 854, 850, 821, 854, 821, 825, 854, 825, 828, 855, 851, 826, 856, 852, 823, 856, 823, 827, 857, 828, 832, 857, 854, 828, 858, 853, 824, 858, 829, 835, 858, 824, 829, 859, 826, 830, 859, 855, 826, 860, 856, 827, 860, 827, 831, 861, 857, 832, 862, 859, 830, 862, 830, 833, 863, 831, 834, 863, 860, 831, 864, 858, 835, 865, 832, 836, 865, 861, 832, 866, 862, 833, 866, 833, 837, 867, 834, 838, 867, 838, 839, 867, 863, 834, 867, 839, 868, 869, 835, 840, 869, 864, 835, 870, 836, 841, 870, 865, 836, 871, 866, 837, 871, 842, 846, 871, 837, 842, 872, 715, 843, 872, 716, 715, 873, 844, 847, 873, 840, 844, 873, 869, 840, 874, 870, 841, 874, 841, 845, 875, 871, 846, 876, 873, 847, 876, 847, 851, 877, 874, 845, 877, 845, 848, 878, 843, 849, 878, 872, 843, 879, 846, 850, 879, 875, 846, 880, 876, 851, 881, 852, 856, 881, 848, 852, 881, 877, 848, 882, 878, 849, 882, 849, 853, 883, 879, 850, 883, 850, 854, 883, 854, 857, 884, 851, 855, 884, 880, 851, 885, 881, 856, 886, 883, 857, 886, 857, 861, 887, 882, 853, 887, 853, 858, 888, 884, 855, 888, 855, 859, 889, 885, 856, 889, 856, 860, 890, 886, 861, 890, 861, 865, 891, 859, 862, 891, 888, 859, 892, 863, 867, 892, 889, 860, 892, 860, 863, 893, 858, 864, 893, 887, 858, 894, 865, 870, 894, 890, 865, 895, 862, 866, 895, 891, 862, 896, 867, 868, 896, 892, 867, 896, 868, 897, 898, 864, 869, 898, 893, 864, 899, 894, 870, 900, 866, 871, 900, 895, 866, 901, 716, 872, 902, 873, 876, 902, 869, 873, 902, 898, 869, 903, 870, 874, 903, 899, 870, 904, 900, 871, 904, 871, 875, 905, 902, 876, 906, 874, 877, 906, 903, 874, 907, 878, 882, 907, 872, 878, 907, 901, 872, 908, 904, 875, 908, 875, 879, 909, 876, 880, 909, 880, 884, 909, 905, 876, 910, 877, 881, 910, 906, 877, 911, 882, 887, 911, 907, 882, 912, 908, 879, 912, 879, 883, 913, 909, 884, 914, 910, 881, 914, 881, 885, 915, 912, 883, 915, 883, 886, 916, 911, 887, 917, 888, 891, 917, 884, 888, 917, 913, 884, 918, 914, 885, 918, 885, 889, 919, 915, 886, 919, 886, 890, 920, 917, 891, 921, 889, 892, 921, 918, 889, 922, 916, 887, 922, 887, 893, 923, 890, 894, 923, 919, 890, 924, 920, 891, 924, 891, 895, 925, 921, 892, 925, 897, 926, 925, 892, 896, 925, 896, 897, 927, 893, 898, 927, 922, 893, 928, 894, 899, 928, 923, 894, 929, 924, 895, 929, 895, 900, 930, 717, 716, 930, 716, 901, 930, 153, 717, 930, 151, 153, 930, 901, 907, 931, 927, 898, 931, 898, 902, 932, 899, 903, 932, 928, 899, 933, 904, 908, 933, 900, 904, 933, 929, 900, 934, 902, 905, 934, 931, 902, 935, 906, 910, 935, 932, 903, 935, 903, 906, 936, 151, 930, 936, 148, 151, 936, 930, 907, 937, 933, 908, 937, 908, 912, 938, 905, 909, 938, 934, 905, 939, 935, 910, 940, 907, 911, 940, 145, 148, 940, 148, 936, 940, 936, 907, 941, 937, 912, 942, 909, 913, 942, 938, 909, 943, 910, 914, 943, 939, 910, 944, 912, 915, 944, 941, 912, 945, 911, 916, 945, 142, 145, 945, 940, 911, 945, 145, 940, 946, 913, 917, 946, 942, 913, 947, 943, 914, 947, 914, 918, 947, 918, 921, 948, 944, 915, 948, 915, 919, 949, 946, 917, 949, 917, 920, 950, 947, 921, 951, 916, 922, 951, 139, 142, 951, 142, 945, 951, 945, 916, 952, 919, 923, 952, 948, 919, 953, 949, 920, 953, 920, 924, 954, 950, 921, 954, 921, 925, 954, 926, 955, 954, 925, 926, 956, 951, 922, 956, 137, 139, 956, 922, 927, 956, 139, 951, 957, 952, 923, 957, 923, 928, 957, 928, 932, 958, 953, 924, 958, 929, 933, 958, 924, 929, 959, 135, 137, 959, 956, 927, 959, 137, 956, 959, 927, 931, 960, 957, 932, 961, 958, 933, 962, 135, 959, 962, 132, 135, 962, 959, 931, 962, 931, 934, 963, 960, 932, 963, 932, 935, 964, 961, 933, 964, 933, 937, 965, 132, 962, 965, 130, 132, 965, 934, 938, 965, 962, 934, 966, 935, 939, 966, 963, 935, 967, 937, 941, 967, 964, 937, 968, 965, 938, 968, 938, 942, 968, 127, 130, 968, 130, 965, 969, 939, 943, 969, 966, 939, 970, 941, 944, 970, 967, 941, 971, 946, 949, 971, 968, 942, 971, 942, 946, 971, 126, 127, 971, 127, 968, 972, 943, 947, 972, 969, 943, 973, 948, 952, 973, 970, 944, 973, 944, 948, 974, 949, 953, 974, 123, 126, 974, 971, 949, 974, 126, 971, 975, 947, 950, 975, 972, 947, 976, 973, 952, 977, 121, 123, 977, 974, 953, 977, 123, 974, 977, 953, 958, 978, 950, 954, 978, 954, 955, 978, 955, 979, 978, 975, 950, 980, 952, 957, 980, 976, 952, 981, 118, 121, 981, 117, 118, 981, 121, 977, 981, 977, 958, 982, 957, 960, 982, 980, 957, 983, 958, 961, 983, 961, 964, 983, 114, 117, 983, 117, 981, 983, 981, 958, 984, 960, 963, 984, 982, 960, 985, 114, 983, 985, 112, 114, 985, 983, 964, 986, 963, 966, 986, 984, 963, 987, 964, 967, 987, 112, 985, 987, 985, 964, 987, 110, 112, 988, 969, 972, 988, 986, 966, 988, 966, 969, 989, 970, 973, 989, 110, 987, 989, 987, 967, 989, 108, 110, 989, 967, 970, 990, 988, 972, 991, 989, 973, 991, 108, 989, 991, 103, 108, 992, 972, 975, 992, 975, 978, 992, 990, 972, 993, 103, 991, 993, 991, 973, 993, 973, 976, 993, 98, 103, 994, 978, 979, 994, 992, 978, 994, 979, 995, 996, 98, 993, 996, 980, 982, 996, 993, 976, 996, 96, 98, 996, 976, 980, 997, 93, 96, 997, 996, 982, 997, 96, 996, 998, 997, 982, 998, 93, 997, 998, 982, 984, 998, 90, 93, 999, 984, 986, 999, 986, 988, 999, 91, 90, 999, 998, 984, 999, 90, 998, 1000, 91, 999, 1000, 988, 990, 1000, 95, 91, 1000, 999, 988, 1001, 100, 95, 1001, 1000, 990, 1001, 95, 1000, 1002, 101, 100, 1002, 990, 992, 1002, 100, 1001, 1002, 992, 994, 1002, 1001, 990, 1003, 723, 105, 1003, 105, 101, 1003, 994, 995, 1003, 995, 723, 1003, 101, 1002, 1003, 1002, 994, 549, 720, 1004, 548, 839, 720, 548, 720, 549, 550, 868, 839, 550, 839, 548, 609, 897, 868, 609, 868, 550, 638, 926, 897, 638, 897, 609, 662, 955, 926, 662, 926, 638, 663, 979, 955, 663, 955, 662, 682, 995, 979, 682, 979, 663, 409, 723, 995, 409, 995, 682, 408, 106, 723, 408, 723, 409, 85, 106, 408, 722, 1004, 720, 1005, 164, 162, 1005, 162, 190, 1006, 1005, 190, 1007, 165, 167, 1007, 167, 1006, 1008, 169, 171, 1008, 171, 1009, 1010, 176, 175, 1010, 175, 1011, 1012, 177, 179, 1012, 179, 1013, 1014, 181, 183, 186, 1014, 1012, 186, 181, 1014, 190, 186, 1013, 1013, 186, 1012, 190, 1013, 1010, 190, 1010, 1011, 190, 1011, 1008, 190, 1008, 1009, 190, 1009, 1007, 190, 1007, 1006, 183, 182, 1015, 1016, 183, 1015, 1017, 1014, 183, 1017, 183, 1016, 1015, 180, 1018, 182, 180, 1015, 177, 1018, 180, 1019, 1018, 177, 1020, 177, 1012, 1020, 1019, 177, 179, 178, 1021, 1022, 179, 1021, 1023, 1013, 179, 1023, 179, 1022, 178, 1024, 1021, 178, 173, 1024, 176, 1024, 173, 1025, 1026, 1024, 1025, 1024, 176, 1027, 1028, 1025, 1027, 176, 1010, 1027, 1025, 176, 175, 174, 1029, 1030, 1029, 1031, 1030, 175, 1029, 1032, 1030, 1033, 1032, 1011, 175, 1032, 175, 1030, 1029, 172, 1034, 174, 172, 1029, 169, 1034, 172, 1035, 1036, 1034, 1035, 1034, 169, 1037, 1038, 1035, 1037, 169, 1008, 1037, 1035, 169, 171, 170, 1039, 1040, 1039, 1041, 1040, 171, 1039, 1042, 1040, 1043, 1042, 1009, 171, 1042, 171, 1040, 170, 1044, 1039, 170, 168, 1044, 165, 1044, 168, 1045, 1044, 165, 1046, 165, 1007, 1046, 1045, 165, 167, 166, 1047, 1048, 167, 1047, 1049, 1006, 167, 1049, 167, 1048, 166, 1050, 1047, 166, 163, 1050, 164, 1050, 163, 1051, 1050, 164, 1052, 164, 1005, 1052, 1051, 164, 186, 190, 191, 186, 191, 187, 1053, 189, 188, 1053, 1054, 189, 184, 1055, 1056, 185, 184, 1056, 185, 1053, 188, 185, 1056, 1053, 1048, 1051, 189, 191, 189, 1051, 1057, 1058, 189, 1059, 189, 1058, 1060, 1057, 189, 1061, 1048, 189, 1061, 189, 1059, 1062, 1060, 189, 1063, 1048, 1061, 1064, 1062, 189, 1065, 1048, 1063, 1066, 1064, 189, 1067, 1048, 1065, 1068, 1066, 189, 1069, 1048, 1067, 1070, 1068, 189, 1071, 1048, 1069, 1072, 1048, 1071, 1073, 1048, 1072, 1074, 1048, 1073, 1075, 1048, 1074, 1076, 1048, 1075, 1077, 1048, 1076, 1078, 1048, 1077, 1079, 1048, 1078, 1080, 1048, 1079, 1081, 1048, 1080, 1082, 1048, 1081, 1052, 191, 1051, 1083, 1048, 1082, 1084, 1048, 1083, 1085, 1048, 1084, 1086, 1048, 1085, 1087, 1048, 1086, 1054, 1088, 1070, 1054, 1089, 1088, 1054, 1090, 1089, 1054, 1091, 1090, 1054, 1092, 1091, 1054, 1093, 1092, 1054, 1094, 1093, 1054, 1095, 1094, 1054, 1096, 1095, 1054, 1097, 1096, 1054, 1098, 1097, 1054, 1099, 1098, 1054, 1100, 1099, 1054, 1101, 1100, 1054, 1070, 189, 1049, 191, 1052, 1049, 1048, 1087, 1045, 1102, 1103, 1045, 1104, 1102, 1045, 1105, 1104, 1045, 1106, 1105, 1045, 1107, 1106, 1045, 1108, 1107, 1045, 1109, 1108, 1045, 1110, 1109, 1045, 1111, 1110, 1045, 1112, 1111, 1045, 1113, 1112, 1045, 1114, 1113, 1045, 1115, 1114, 1045, 1116, 1115, 1045, 1117, 1116, 1045, 1087, 1117, 1045, 1118, 1101, 1045, 1119, 1118, 1045, 1103, 1119, 1045, 1101, 1054, 1120, 1045, 1054, 1046, 1087, 1045, 1046, 1049, 1087, 1037, 1043, 1038, 1037, 1042, 1043, 1022, 1121, 1055, 1122, 1123, 1055, 1124, 1055, 1123, 1125, 1122, 1055, 1126, 1055, 1124, 1127, 1125, 1055, 1128, 1055, 1126, 1129, 1127, 1055, 1130, 1055, 1128, 1131, 1129, 1055, 1132, 1022, 1055, 1132, 1055, 1130, 1133, 1131, 1055, 1134, 1022, 1132, 1135, 1133, 1055, 1136, 1022, 1134, 1137, 1135, 1055, 1138, 1022, 1136, 1139, 1137, 1055, 1140, 1022, 1138, 1141, 1022, 1140, 1142, 1022, 1141, 1143, 1022, 1142, 1144, 1022, 1143, 1145, 1022, 1144, 1146, 1022, 1145, 1147, 1022, 1146, 1148, 1022, 1147, 1149, 1022, 1148, 1150, 1022, 1149, 1151, 1022, 1150, 1152, 1022, 1151, 1153, 1022, 1152, 1154, 1022, 1153, 1027, 1033, 1028, 1027, 1032, 1033, 1023, 1154, 1155, 1023, 1022, 1154, 1019, 1156, 1157, 1019, 1155, 1156, 1019, 1158, 1159, 1019, 1160, 1158, 1019, 1161, 1160, 1019, 1162, 1161, 1019, 1163, 1162, 1019, 1164, 1163, 1019, 1165, 1164, 1019, 1166, 1165, 1019, 1167, 1166, 1019, 1168, 1167, 1019, 1169, 1168, 1019, 1170, 1169, 1019, 1171, 1170, 1019, 1172, 1171, 1019, 1173, 1172, 1019, 1174, 1173, 1019, 1175, 1174, 1019, 1157, 1175, 184, 1176, 1139, 184, 1177, 1176, 184, 1178, 1177, 184, 1179, 1178, 184, 1180, 1179, 184, 1181, 1180, 184, 1019, 1159, 184, 1182, 1181, 184, 1183, 1182, 184, 1184, 1183, 184, 1159, 1184, 184, 1139, 1055, 1016, 1019, 184, 1020, 1023, 1155, 1020, 1155, 1019, 187, 1020, 1017, 187, 1017, 1016, 187, 1016, 184, 191, 1023, 187, 1023, 1020, 187, 191, 1027, 1023, 191, 1032, 1027, 191, 1037, 1032, 191, 1042, 1037, 191, 1046, 1042, 191, 1049, 1046, 270, 1185, 1186, 270, 263, 1185, 1187, 1185, 263, 254, 1187, 263, 261, 1188, 1187, 261, 1187, 254, 1189, 202, 1190, 1191, 200, 202, 1191, 202, 1189, 1192, 200, 1191, 198, 200, 1192, 1193, 1192, 1194, 1193, 198, 1192, 1195, 196, 198, 1195, 198, 1193, 1196, 194, 196, 1196, 196, 1195, 1197, 194, 1196, 1198, 194, 1197, 1198, 192, 194, 1199, 192, 1198, 1200, 192, 1199, 1201, 193, 192, 1201, 192, 1200, 1202, 193, 1201, 1203, 195, 193, 1203, 193, 1202, 1204, 195, 1203, 1205, 197, 195, 1205, 195, 1204, 1206, 199, 197, 1206, 201, 199, 1207, 197, 1205, 1207, 1206, 197, 1208, 1206, 1207, 1209, 203, 201, 1209, 201, 1206, 1210, 204, 203, 1210, 203, 1209, 1211, 205, 204, 1211, 204, 1210, 1212, 206, 205, 1212, 205, 1211, 1213, 207, 206, 1213, 206, 1212, 1214, 217, 207, 1214, 207, 1213, 1215, 220, 217, 1215, 217, 1214, 223, 220, 1215, 1216, 1215, 1217, 1216, 223, 1215, 1218, 225, 223, 1218, 223, 1216, 1219, 225, 1218, 1220, 228, 225, 1220, 225, 1219, 1221, 228, 1220, 1222, 231, 228, 1222, 228, 1221, 1223, 231, 1222, 1224, 231, 1223, 1225, 234, 231, 1225, 231, 1224, 1226, 234, 1225, 1227, 237, 234, 1227, 234, 1226, 1228, 237, 1227, 1228, 246, 237, 1229, 250, 246, 1229, 255, 250, 1230, 1229, 246, 1230, 246, 1228, 1231, 1229, 1230, 1232, 255, 1229, 1232, 256, 255, 1233, 256, 1232, 1233, 261, 256, 1188, 261, 1233, 1190, 208, 1234, 202, 208, 1190, 1235, 270, 1186, 1235, 269, 270, 1236, 273, 269, 1236, 269, 1235, 1237, 276, 273, 1237, 273, 1236, 280, 276, 1237, 1238, 1237, 1239, 1238, 280, 1237, 1240, 284, 280, 1240, 280, 1238, 1241, 284, 1240, 1241, 288, 284, 1242, 288, 1241, 1243, 292, 288, 1243, 288, 1242, 1244, 292, 1243, 1245, 292, 1244, 1246, 292, 1245, 1246, 290, 292, 1247, 290, 1246, 1248, 286, 290, 1248, 290, 1247, 1249, 286, 1248, 1250, 282, 286, 1250, 286, 1249, 1251, 278, 282, 1251, 274, 278, 1252, 282, 1250, 1252, 1251, 282, 1253, 1251, 1252, 1254, 271, 274, 1254, 274, 1251, 1255, 268, 271, 1255, 271, 1254, 1256, 262, 268, 1256, 268, 1255, 1257, 260, 262, 1257, 262, 1256, 1258, 253, 260, 1258, 260, 1257, 1259, 252, 253, 1259, 253, 1258, 1260, 249, 252, 1260, 252, 1259, 245, 249, 1260, 1261, 1260, 1262, 1261, 245, 1260, 1263, 236, 245, 1263, 245, 1261, 1264, 236, 1263, 1265, 233, 236, 1265, 236, 1264, 1266, 233, 1265, 1267, 230, 233, 1267, 233, 1266, 1268, 230, 1267, 1269, 230, 1268, 1270, 226, 230, 1270, 230, 1269, 1271, 226, 1270, 1272, 226, 1271, 1272, 221, 226, 1273, 221, 1272, 1273, 218, 221, 1274, 214, 218, 1275, 1274, 218, 1275, 218, 1273, 1276, 214, 1274, 1276, 208, 214, 1277, 208, 1276, 1234, 208, 1277, 1278, 1274, 1275, 382, 1279, 1280, 381, 1280, 1281, 381, 382, 1280, 383, 1282, 1279, 383, 1279, 382, 380, 1281, 1283, 380, 381, 1281, 384, 1284, 1282, 384, 1282, 383, 379, 1283, 1285, 379, 380, 1283, 385, 1286, 1284, 385, 1284, 384, 378, 379, 1285, 386, 1287, 1286, 386, 1286, 385, 377, 1285, 1288, 377, 378, 1285, 387, 1289, 1287, 387, 1287, 386, 376, 1288, 1290, 376, 377, 1288, 388, 1291, 1289, 388, 1289, 387, 375, 1290, 1292, 375, 376, 1290, 389, 1291, 388, 389, 1293, 1291, 374, 1292, 1294, 374, 375, 1292, 390, 1295, 1293, 390, 1293, 389, 373, 374, 1294, 373, 1294, 1296, 391, 1297, 1295, 391, 1295, 390, 371, 373, 1296, 371, 1296, 1298, 392, 1297, 391, 392, 1299, 1297, 372, 371, 1298, 372, 1298, 1300, 393, 1299, 392, 370, 1300, 1301, 370, 372, 1300, 394, 1299, 393, 394, 1302, 1299, 369, 370, 1301, 369, 1301, 1303, 395, 1302, 394, 395, 1304, 1302, 368, 1303, 1305, 368, 369, 1303, 396, 1304, 395, 396, 1306, 1304, 367, 1305, 1307, 367, 368, 1305, 397, 1306, 396, 397, 1308, 1306, 366, 367, 1307, 1309, 366, 1307, 398, 1308, 397, 365, 366, 1309, 1310, 1308, 398, 399, 1310, 398, 1311, 364, 365, 1311, 365, 1309, 363, 364, 1311, 1312, 1310, 399, 1312, 399, 400, 1313, 362, 363, 1313, 363, 1311, 1314, 400, 401, 1314, 1312, 400, 1315, 361, 362, 1315, 362, 1313, 1316, 401, 402, 1316, 1314, 401, 1317, 360, 361, 1317, 361, 1315, 1318, 1316, 402, 1318, 402, 403, 1319, 360, 1317, 1319, 359, 360, 1320, 1318, 403, 1320, 403, 404, 1321, 359, 1319, 1321, 358, 359, 1322, 1320, 404, 1322, 404, 405, 1323, 357, 358, 1323, 358, 1321, 1324, 1322, 405, 1324, 405, 406, 1325, 356, 357, 1325, 357, 1323, 1326, 339, 340, 1326, 1324, 406, 1326, 406, 339, 1327, 355, 356, 1327, 356, 1325, 1328, 1326, 340, 1328, 340, 341, 1329, 354, 355, 1329, 355, 1327, 1330, 341, 342, 1330, 1328, 341, 1331, 354, 1329, 1331, 353, 354, 1332, 342, 343, 1332, 1330, 342, 1333, 352, 353, 1333, 353, 1331, 1334, 343, 344, 1334, 1332, 343, 1335, 351, 352, 1335, 352, 1333, 1336, 344, 346, 1336, 1334, 344, 1337, 350, 351, 1337, 351, 1335, 1338, 346, 345, 1338, 1336, 346, 1339, 349, 350, 1339, 348, 349, 1339, 350, 1337, 1340, 345, 347, 1340, 1338, 345, 1341, 348, 1339, 1341, 347, 348, 1341, 1340, 347, 506, 1342, 1343, 512, 1344, 1342, 512, 1342, 506, 499, 1343, 1345, 499, 506, 1343, 520, 1344, 512, 493, 1345, 1346, 493, 499, 1345, 527, 1347, 1344, 527, 1344, 520, 486, 1346, 1348, 486, 493, 1346, 534, 1349, 1347, 534, 1347, 527, 481, 1348, 1350, 481, 486, 1348, 541, 1349, 534, 541, 1351, 1349, 476, 481, 1350, 549, 1351, 541, 549, 1352, 1351, 1353, 476, 1350, 471, 476, 1353, 1354, 471, 1353, 465, 471, 1354, 1355, 465, 1354, 466, 465, 1355, 1356, 466, 1355, 1357, 1352, 549, 459, 466, 1356, 1358, 459, 1356, 455, 459, 1358, 1359, 455, 1358, 450, 455, 1359, 1360, 450, 1359, 446, 450, 1360, 1361, 446, 1360, 442, 446, 1361, 439, 1361, 1362, 439, 442, 1361, 436, 439, 1362, 1363, 436, 1362, 433, 436, 1363, 1364, 433, 1363, 427, 433, 1364, 1365, 427, 1364, 425, 427, 1365, 1366, 425, 1365, 423, 425, 1366, 1367, 423, 1366, 421, 423, 1367, 1368, 421, 1367, 419, 421, 1368, 417, 419, 1368, 1369, 417, 1368, 413, 417, 1369, 1370, 413, 1369, 1370, 414, 413, 1370, 1371, 414, 414, 1372, 709, 414, 1373, 1372, 414, 1371, 1373, 1004, 1374, 549, 1374, 1375, 549, 1375, 1357, 549, 1376, 1377, 1378, 1379, 1376, 1378, 1380, 1376, 1379, 1381, 1380, 1379, 1382, 1381, 1379, 1373, 1371, 1381, 1372, 1373, 1381, 718, 1381, 1382, 718, 1372, 1381, 709, 1372, 718, 719, 1382, 1383, 719, 718, 1382, 726, 719, 1383, 726, 1383, 1384, 728, 726, 1384, 728, 1385, 1386, 728, 1384, 1385, 730, 728, 1386, 730, 1386, 1387, 731, 730, 1387, 731, 1387, 1388, 734, 731, 1388, 734, 1388, 1389, 737, 734, 1389, 737, 1389, 1390, 739, 1390, 1391, 739, 737, 1390, 742, 1391, 1392, 742, 739, 1391, 747, 1392, 1393, 747, 742, 1392, 749, 1393, 1394, 749, 747, 1393, 752, 1394, 1395, 752, 749, 1394, 758, 1395, 1396, 758, 752, 1395, 762, 1396, 1397, 762, 758, 1396, 766, 1397, 1398, 766, 762, 1397, 772, 1398, 1399, 772, 766, 1398, 776, 1399, 1400, 776, 772, 1399, 780, 1400, 1401, 780, 776, 1400, 788, 1401, 1402, 788, 780, 1401, 793, 1402, 1403, 793, 788, 1402, 798, 1403, 1404, 798, 793, 1403, 806, 1404, 1405, 806, 798, 1404, 1406, 1407, 1408, 1409, 1407, 1406, 721, 1405, 1408, 721, 806, 1405, 1410, 1409, 1406, 1411, 1410, 1406, 722, 1408, 1407, 722, 721, 1408, 1412, 1410, 1411, 1374, 1004, 722, 1374, 722, 1407, 1375, 1374, 1407, 1357, 1375, 1407, 1005, 1049, 1052, 1006, 1049, 1005, 1009, 1046, 1007, 1009, 1042, 1046, 1008, 1032, 1037, 1011, 1032, 1008, 1013, 1027, 1010, 1013, 1023, 1027, 1012, 1017, 1020, 1014, 1017, 1012, 1015, 1018, 1019, 1015, 1019, 1016, 1022, 1413, 1121, 1024, 1026, 1413, 1021, 1413, 1022, 1021, 1024, 1413, 1041, 1414, 1053, 1036, 1041, 1053, 1035, 1040, 1041, 1035, 1041, 1036, 1031, 1036, 1053, 1056, 1031, 1053, 1026, 1031, 1056, 1025, 1030, 1031, 1025, 1031, 1026, 1413, 1026, 1056, 1028, 1033, 1030, 1025, 1028, 1030, 1029, 1034, 1036, 1029, 1036, 1031, 1035, 1043, 1040, 1035, 1038, 1043, 1414, 1044, 1045, 1414, 1045, 1120, 1039, 1414, 1041, 1039, 1044, 1414, 1047, 1050, 1051, 1047, 1051, 1048, 1121, 1413, 1056, 1121, 1056, 1055, 1414, 1054, 1053, 1120, 1054, 1414, 1119, 1103, 1415, 1119, 1415, 1416, 1118, 1119, 1416, 1118, 1416, 1417, 1101, 1118, 1417, 1101, 1417, 1418, 1100, 1101, 1418, 1100, 1418, 1419, 1099, 1100, 1419, 1099, 1419, 1420, 1098, 1099, 1420, 1098, 1420, 1421, 1097, 1098, 1421, 1097, 1421, 1422, 1096, 1097, 1422, 1096, 1422, 1423, 1095, 1096, 1423, 1095, 1423, 1424, 1094, 1424, 1425, 1094, 1095, 1424, 1093, 1425, 1426, 1093, 1094, 1425, 1092, 1426, 1427, 1092, 1093, 1426, 1091, 1427, 1428, 1091, 1092, 1427, 1090, 1428, 1429, 1090, 1091, 1428, 1089, 1429, 1430, 1089, 1430, 1431, 1089, 1090, 1429, 1088, 1089, 1431, 1070, 1088, 1431, 1070, 1431, 1432, 1070, 1432, 1433, 1068, 1070, 1433, 1066, 1433, 1434, 1066, 1434, 1435, 1066, 1068, 1433, 1064, 1066, 1435, 1062, 1064, 1435, 1062, 1435, 1436, 1060, 1062, 1436, 1060, 1436, 1437, 1060, 1437, 1438, 1057, 1060, 1438, 1057, 1438, 1439, 1058, 1057, 1439, 1058, 1439, 1440, 1059, 1058, 1440, 1061, 1059, 1440, 1061, 1440, 1441, 1061, 1441, 1442, 1063, 1061, 1442, 1065, 1063, 1442, 1065, 1442, 1443, 1065, 1443, 1444, 1067, 1065, 1444, 1067, 1444, 1445, 1069, 1067, 1445, 1071, 1069, 1445, 1071, 1445, 1446, 1071, 1446, 1447, 1072, 1071, 1447, 1072, 1447, 1448, 1073, 1072, 1448, 1074, 1073, 1448, 1074, 1448, 1449, 1074, 1449, 1450, 1075, 1074, 1450, 1076, 1075, 1450, 1076, 1450, 1451, 1077, 1451, 1452, 1077, 1452, 1453, 1077, 1076, 1451, 1078, 1077, 1453, 1079, 1453, 1454, 1079, 1078, 1453, 1080, 1454, 1455, 1080, 1079, 1454, 1081, 1455, 1456, 1081, 1080, 1455, 1082, 1456, 1457, 1082, 1081, 1456, 1083, 1082, 1457, 1083, 1457, 1458, 1084, 1083, 1458, 1084, 1458, 1459, 1085, 1459, 1460, 1085, 1084, 1459, 1086, 1460, 1461, 1086, 1085, 1460, 1087, 1461, 1462, 1087, 1462, 1463, 1087, 1086, 1461, 1117, 1087, 1463, 1116, 1463, 1464, 1116, 1117, 1463, 1115, 1464, 1465, 1115, 1116, 1464, 1114, 1465, 1466, 1114, 1115, 1465, 1113, 1466, 1467, 1113, 1114, 1466, 1112, 1467, 1468, 1112, 1113, 1467, 1111, 1468, 1469, 1111, 1112, 1468, 1110, 1469, 1470, 1110, 1111, 1469, 1109, 1470, 1471, 1109, 1110, 1470, 1108, 1471, 1472, 1108, 1472, 1473, 1108, 1109, 1471, 1107, 1108, 1473, 1106, 1473, 1474, 1106, 1474, 1475, 1106, 1107, 1473, 1105, 1106, 1475, 1104, 1475, 1476, 1104, 1105, 1475, 1102, 1476, 1477, 1102, 1104, 1476, 1103, 1477, 1415, 1103, 1102, 1477, 1162, 1163, 1478, 1162, 1478, 1479, 1161, 1162, 1479, 1161, 1479, 1480, 1160, 1161, 1480, 1160, 1480, 1481, 1158, 1160, 1481, 1158, 1481, 1482, 1159, 1158, 1482, 1159, 1482, 1483, 1184, 1159, 1483, 1184, 1483, 1484, 1183, 1184, 1484, 1183, 1484, 1485, 1182, 1183, 1485, 1182, 1485, 1486, 1181, 1182, 1486, 1181, 1486, 1487, 1180, 1487, 1488, 1180, 1181, 1487, 1179, 1488, 1489, 1179, 1180, 1488, 1178, 1489, 1490, 1178, 1179, 1489, 1177, 1490, 1491, 1177, 1178, 1490, 1176, 1491, 1492, 1176, 1177, 1491, 1139, 1492, 1493, 1139, 1493, 1494, 1139, 1176, 1492, 1137, 1139, 1494, 1135, 1137, 1494, 1135, 1494, 1495, 1135, 1495, 1496, 1133, 1135, 1496, 1131, 1496, 1497, 1131, 1497, 1498, 1131, 1133, 1496, 1129, 1131, 1498, 1127, 1129, 1498, 1127, 1498, 1499, 1125, 1127, 1499, 1125, 1499, 1500, 1125, 1500, 1501, 1122, 1125, 1501, 1122, 1501, 1502, 1123, 1122, 1502, 1123, 1502, 1503, 1124, 1123, 1503, 1126, 1124, 1503, 1126, 1503, 1504, 1126, 1504, 1505, 1128, 1126, 1505, 1130, 1128, 1505, 1130, 1505, 1506, 1130, 1506, 1507, 1132, 1130, 1507, 1132, 1507, 1508, 1134, 1132, 1508, 1136, 1134, 1508, 1136, 1508, 1509, 1136, 1509, 1510, 1138, 1136, 1510, 1138, 1510, 1511, 1140, 1138, 1511, 1141, 1140, 1511, 1141, 1511, 1512, 1141, 1512, 1513, 1142, 1141, 1513, 1143, 1142, 1513, 1143, 1513, 1514, 1144, 1514, 1515, 1144, 1515, 1516, 1144, 1143, 1514, 1145, 1144, 1516, 1146, 1516, 1517, 1146, 1145, 1516, 1147, 1517, 1518, 1147, 1146, 1517, 1148, 1518, 1519, 1148, 1147, 1518, 1149, 1519, 1520, 1149, 1148, 1519, 1150, 1149, 1520, 1150, 1520, 1521, 1151, 1150, 1521, 1151, 1521, 1522, 1152, 1522, 1523, 1152, 1151, 1522, 1153, 1523, 1524, 1153, 1152, 1523, 1154, 1524, 1525, 1154, 1525, 1526, 1154, 1153, 1524, 1155, 1154, 1526, 1156, 1526, 1527, 1156, 1155, 1526, 1157, 1527, 1528, 1157, 1156, 1527, 1175, 1528, 1529, 1175, 1157, 1528, 1174, 1529, 1530, 1174, 1175, 1529, 1173, 1530, 1531, 1173, 1174, 1530, 1172, 1531, 1532, 1172, 1173, 1531, 1171, 1532, 1533, 1171, 1172, 1532, 1170, 1533, 1534, 1170, 1171, 1533, 1169, 1534, 1535, 1169, 1535, 1536, 1169, 1170, 1534, 1168, 1169, 1536, 1167, 1536, 1537, 1167, 1537, 1538, 1167, 1168, 1536, 1166, 1167, 1538, 1165, 1538, 1539, 1165, 1166, 1538, 1164, 1539, 1540, 1164, 1165, 1539, 1163, 1540, 1478, 1163, 1164, 1540, 1232, 1541, 1542, 1232, 1229, 1541, 1187, 1543, 1544, 1187, 1545, 1543, 1187, 1542, 1545, 1187, 1233, 1232, 1187, 1232, 1542, 1188, 1233, 1187, 1185, 1546, 1547, 1185, 1544, 1546, 1185, 1187, 1544, 1235, 1186, 1185, 1236, 1547, 1548, 1236, 1185, 1547, 1236, 1235, 1185, 1237, 1236, 1548, 1549, 1192, 1191, 1549, 1191, 1189, 1550, 1189, 1190, 1550, 1549, 1189, 1551, 1550, 1190, 1552, 1551, 1190, 1553, 1552, 1190, 1234, 1553, 1190, 1554, 1553, 1234, 1555, 1234, 1277, 1555, 1554, 1234, 1556, 1277, 1276, 1556, 1276, 1274, 1556, 1555, 1277, 1192, 1549, 1557, 1192, 1557, 1194, 1558, 1205, 1204, 1558, 1204, 1203, 1559, 1197, 1196, 1559, 1196, 1195, 1560, 1558, 1559, 1561, 1560, 1559, 1562, 1558, 1560, 1563, 1561, 1559, 1564, 1205, 1558, 1564, 1558, 1562, 1565, 1559, 1195, 1565, 1563, 1559, 1566, 1207, 1205, 1566, 1205, 1564, 1567, 1195, 1193, 1567, 1565, 1195, 1568, 1208, 1207, 1568, 1207, 1566, 1557, 1193, 1194, 1557, 1567, 1193, 1198, 1197, 1569, 1569, 1200, 1199, 1569, 1199, 1198, 1570, 1203, 1202, 1200, 1570, 1201, 1201, 1570, 1202, 1208, 1568, 1571, 1206, 1208, 1571, 1572, 1206, 1571, 1572, 1209, 1206, 1573, 1211, 1210, 1573, 1210, 1209, 1573, 1209, 1572, 1574, 1212, 1211, 1574, 1211, 1573, 1575, 1213, 1212, 1575, 1212, 1574, 1576, 1214, 1213, 1576, 1213, 1575, 1577, 1214, 1576, 1578, 1215, 1214, 1578, 1214, 1577, 1215, 1578, 1579, 1215, 1579, 1217, 1579, 1216, 1217, 1580, 1218, 1216, 1580, 1216, 1579, 1581, 1218, 1580, 1582, 1581, 1583, 1582, 1219, 1218, 1582, 1218, 1581, 1220, 1219, 1582, 1584, 1582, 1583, 1585, 1582, 1584, 1586, 1582, 1585, 1587, 1586, 1585, 1588, 1586, 1587, 1227, 1226, 1586, 1228, 1588, 1589, 1228, 1227, 1586, 1228, 1586, 1588, 1230, 1589, 1590, 1230, 1228, 1589, 1231, 1230, 1590, 1221, 1220, 1591, 1591, 1223, 1222, 1591, 1222, 1221, 1592, 1226, 1225, 1223, 1592, 1224, 1224, 1592, 1225, 1229, 1590, 1541, 1229, 1231, 1590, 1239, 1548, 1593, 1237, 1548, 1239, 1594, 1595, 1596, 1594, 1596, 1597, 1598, 1597, 1599, 1598, 1599, 1600, 1598, 1600, 1601, 1598, 1594, 1597, 1238, 1593, 1602, 1238, 1239, 1593, 1252, 1603, 1253, 1252, 1604, 1603, 1240, 1602, 1595, 1240, 1595, 1594, 1240, 1238, 1602, 1250, 1601, 1604, 1250, 1604, 1252, 1250, 1598, 1601, 1241, 1240, 1594, 1249, 1598, 1250, 1242, 1241, 1594, 1248, 1598, 1249, 1243, 1242, 1605, 1605, 1245, 1244, 1605, 1244, 1243, 1606, 1248, 1247, 1245, 1606, 1246, 1246, 1606, 1247, 1253, 1603, 1607, 1251, 1253, 1607, 1259, 1608, 1609, 1259, 1609, 1260, 1258, 1610, 1608, 1258, 1608, 1259, 1257, 1611, 1610, 1257, 1610, 1258, 1256, 1612, 1611, 1256, 1611, 1257, 1255, 1613, 1612, 1255, 1612, 1256, 1254, 1614, 1613, 1254, 1613, 1255, 1251, 1607, 1614, 1251, 1614, 1254, 1262, 1609, 1615, 1260, 1609, 1262, 1616, 1278, 1275, 1617, 1275, 1273, 1617, 1616, 1275, 1618, 1617, 1273, 1619, 1273, 1272, 1619, 1620, 1618, 1619, 1618, 1273, 1271, 1619, 1272, 1621, 1620, 1619, 1622, 1623, 1621, 1622, 1621, 1619, 1624, 1623, 1622, 1625, 1624, 1622, 1264, 1622, 1265, 1263, 1626, 1625, 1263, 1622, 1264, 1263, 1625, 1622, 1261, 1615, 1626, 1261, 1626, 1263, 1262, 1615, 1261, 1266, 1265, 1627, 1627, 1268, 1267, 1627, 1267, 1266, 1628, 1271, 1270, 1268, 1628, 1269, 1269, 1628, 1270, 1278, 1616, 1556, 1274, 1278, 1556, 1326, 1629, 1630, 1328, 1629, 1326, 1328, 1631, 1629, 1330, 1631, 1328, 1330, 1632, 1631, 1332, 1632, 1330, 1332, 1593, 1632, 1334, 1593, 1332, 1334, 1602, 1593, 1336, 1602, 1334, 1336, 1595, 1602, 1338, 1595, 1336, 1338, 1596, 1595, 1340, 1596, 1338, 1340, 1597, 1596, 1341, 1597, 1340, 1341, 1599, 1597, 1339, 1599, 1341, 1339, 1600, 1599, 1337, 1601, 1600, 1337, 1600, 1339, 1335, 1604, 1601, 1335, 1601, 1337, 1603, 1614, 1607, 1333, 1603, 1604, 1333, 1604, 1335, 1331, 1614, 1603, 1331, 1603, 1333, 1329, 1614, 1331, 1329, 1613, 1614, 1327, 1613, 1329, 1327, 1612, 1613, 1325, 1612, 1327, 1325, 1611, 1612, 1323, 1611, 1325, 1323, 1610, 1611, 1321, 1610, 1323, 1321, 1608, 1610, 1615, 1608, 1321, 1615, 1609, 1608, 1319, 1615, 1321, 1317, 1615, 1319, 1317, 1626, 1615, 1315, 1625, 1626, 1315, 1626, 1317, 1313, 1624, 1625, 1313, 1625, 1315, 1311, 1623, 1624, 1311, 1624, 1313, 1309, 1621, 1623, 1309, 1623, 1311, 1307, 1620, 1621, 1307, 1621, 1309, 1305, 1618, 1620, 1305, 1620, 1307, 1616, 1555, 1556, 1303, 1617, 1618, 1303, 1618, 1305, 1301, 1616, 1617, 1301, 1617, 1303, 1300, 1555, 1616, 1300, 1616, 1301, 1298, 1554, 1555, 1298, 1555, 1300, 1296, 1553, 1554, 1296, 1554, 1298, 1294, 1552, 1553, 1294, 1553, 1296, 1292, 1551, 1552, 1292, 1552, 1294, 1557, 1549, 1550, 1290, 1550, 1551, 1290, 1551, 1292, 1290, 1557, 1550, 1288, 1567, 1557, 1288, 1557, 1290, 1285, 1567, 1288, 1285, 1565, 1567, 1283, 1565, 1285, 1283, 1563, 1565, 1281, 1563, 1283, 1281, 1561, 1563, 1280, 1561, 1281, 1280, 1560, 1561, 1279, 1560, 1280, 1279, 1562, 1560, 1282, 1562, 1279, 1282, 1564, 1562, 1284, 1566, 1564, 1284, 1564, 1282, 1568, 1572, 1571, 1286, 1568, 1566, 1286, 1566, 1284, 1287, 1568, 1286, 1289, 1573, 1572, 1289, 1572, 1568, 1289, 1568, 1287, 1291, 1574, 1573, 1291, 1573, 1289, 1293, 1575, 1574, 1293, 1574, 1291, 1295, 1576, 1575, 1295, 1575, 1293, 1297, 1577, 1576, 1297, 1576, 1295, 1579, 1578, 1577, 1299, 1577, 1297, 1299, 1579, 1577, 1302, 1580, 1579, 1302, 1579, 1299, 1304, 1581, 1580, 1304, 1580, 1302, 1306, 1581, 1304, 1306, 1583, 1581, 1308, 1584, 1583, 1308, 1583, 1306, 1310, 1585, 1584, 1310, 1584, 1308, 1312, 1587, 1585, 1312, 1585, 1310, 1314, 1588, 1587, 1314, 1587, 1312, 1316, 1589, 1588, 1316, 1588, 1314, 1590, 1542, 1541, 1318, 1590, 1589, 1318, 1589, 1316, 1320, 1590, 1318, 1322, 1542, 1590, 1322, 1590, 1320, 1322, 1545, 1542, 1630, 1544, 1543, 1630, 1543, 1545, 1324, 1630, 1545, 1324, 1545, 1322, 1629, 1546, 1544, 1629, 1544, 1630, 1326, 1630, 1324, 1631, 1547, 1546, 1631, 1546, 1629, 1632, 1548, 1547, 1632, 1547, 1631, 1593, 1548, 1632, 1381, 1370, 1633, 1381, 1371, 1370, 1370, 1634, 1633, 1369, 1634, 1370, 1369, 1635, 1634, 1368, 1635, 1369, 1368, 1636, 1635, 1367, 1636, 1368, 1367, 1637, 1636, 1366, 1637, 1367, 1366, 1638, 1637, 1365, 1638, 1366, 1365, 1639, 1638, 1364, 1639, 1365, 1364, 1640, 1639, 1641, 1642, 1640, 1643, 1642, 1641, 1644, 1642, 1643, 1363, 1640, 1364, 1363, 1641, 1640, 1645, 1644, 1643, 1646, 1641, 1363, 1647, 1644, 1645, 1362, 1646, 1363, 1648, 1647, 1645, 1649, 1646, 1362, 1650, 1647, 1648, 1361, 1649, 1362, 1651, 1650, 1648, 1652, 1649, 1361, 1653, 1650, 1651, 1654, 1650, 1653, 1360, 1652, 1361, 1655, 1652, 1360, 1656, 1654, 1653, 1657, 1654, 1656, 1658, 1654, 1657, 1359, 1659, 1655, 1359, 1655, 1360, 1660, 1658, 1657, 1661, 1659, 1359, 1662, 1658, 1660, 1663, 1658, 1662, 1358, 1661, 1359, 1664, 1661, 1358, 1665, 1663, 1662, 1666, 1664, 1358, 1667, 1663, 1665, 1668, 1663, 1667, 1356, 1666, 1358, 1669, 1666, 1356, 1670, 1668, 1667, 1671, 1669, 1356, 1672, 1668, 1670, 1673, 1668, 1672, 1355, 1671, 1356, 1674, 1671, 1355, 1675, 1673, 1672, 1676, 1674, 1355, 1677, 1673, 1675, 1678, 1677, 1675, 1354, 1676, 1355, 1679, 1676, 1354, 1680, 1677, 1678, 1681, 1679, 1354, 1682, 1677, 1680, 1683, 1682, 1680, 1353, 1681, 1354, 1684, 1681, 1353, 1685, 1682, 1683, 1686, 1682, 1685, 1686, 1685, 1687, 1350, 1684, 1353, 1350, 1688, 1684, 1689, 1686, 1687, 1690, 1688, 1350, 1691, 1686, 1689, 1348, 1690, 1350, 1348, 1692, 1690, 1693, 1692, 1348, 1346, 1693, 1348, 1346, 1694, 1693, 1346, 1695, 1694, 1345, 1696, 1691, 1345, 1691, 1689, 1345, 1695, 1346, 1345, 1689, 1695, 1343, 1697, 1696, 1343, 1696, 1345, 1342, 1698, 1697, 1342, 1697, 1343, 1344, 1698, 1342, 1347, 1699, 1698, 1347, 1698, 1344, 1349, 1700, 1701, 1349, 1701, 1699, 1349, 1699, 1347, 1351, 1702, 1700, 1351, 1700, 1349, 1352, 1702, 1351, 1702, 1357, 1407, 1702, 1352, 1357, 1697, 1703, 1704, 1696, 1704, 1705, 1696, 1697, 1704, 1698, 1706, 1703, 1698, 1703, 1697, 1691, 1696, 1705, 1691, 1705, 1707, 1699, 1706, 1698, 1699, 1708, 1706, 1686, 1691, 1707, 1686, 1707, 1709, 1701, 1708, 1699, 1701, 1710, 1708, 1682, 1686, 1709, 1700, 1711, 1710, 1700, 1710, 1701, 1677, 1709, 1712, 1677, 1682, 1709, 1702, 1713, 1711, 1702, 1714, 1713, 1702, 1711, 1700, 1673, 1712, 1715, 1673, 1677, 1712, 1668, 1715, 1716, 1668, 1673, 1715, 1663, 1716, 1717, 1663, 1668, 1716, 1658, 1718, 1719, 1658, 1717, 1718, 1658, 1663, 1717, 1410, 1702, 1409, 1654, 1719, 1720, 1654, 1658, 1719, 1412, 1714, 1702, 1412, 1702, 1410, 1650, 1720, 1721, 1650, 1654, 1720, 1647, 1721, 1722, 1647, 1650, 1721, 1644, 1647, 1722, 1642, 1722, 1723, 1642, 1644, 1722, 1640, 1723, 1724, 1640, 1642, 1723, 1639, 1724, 1725, 1639, 1640, 1724, 1638, 1639, 1725, 1726, 1638, 1725, 1637, 1638, 1726, 1727, 1636, 1637, 1727, 1637, 1726, 1728, 1635, 1636, 1728, 1636, 1727, 1633, 1376, 1380, 1633, 1377, 1376, 1729, 1634, 1635, 1729, 1635, 1728, 1730, 1633, 1634, 1730, 1634, 1729, 1731, 1633, 1730, 1732, 1633, 1731, 1732, 1377, 1633, 1407, 1409, 1702, 1633, 1380, 1381, 1733, 1412, 1411, 1733, 1714, 1412, 1402, 1734, 1735, 1403, 1735, 1736, 1403, 1402, 1735, 1401, 1737, 1734, 1401, 1734, 1402, 1404, 1736, 1738, 1404, 1403, 1736, 1400, 1737, 1401, 1400, 1739, 1737, 1405, 1738, 1740, 1405, 1404, 1738, 1399, 1741, 1739, 1399, 1739, 1400, 1408, 1405, 1740, 1408, 1740, 1742, 1398, 1743, 1741, 1398, 1741, 1399, 1406, 1742, 1744, 1406, 1408, 1742, 1397, 1745, 1743, 1397, 1743, 1398, 1411, 1744, 1733, 1411, 1406, 1744, 1396, 1746, 1745, 1396, 1745, 1397, 1395, 1747, 1746, 1395, 1746, 1396, 1394, 1748, 1747, 1394, 1747, 1395, 1393, 1749, 1748, 1393, 1748, 1394, 1392, 1750, 1749, 1392, 1749, 1393, 1391, 1751, 1750, 1391, 1750, 1392, 1390, 1752, 1751, 1390, 1751, 1391, 1389, 1753, 1752, 1389, 1752, 1390, 1388, 1754, 1753, 1388, 1753, 1389, 1387, 1755, 1754, 1387, 1754, 1388, 1386, 1755, 1387, 1756, 1386, 1385, 1756, 1755, 1386, 1757, 1385, 1384, 1757, 1756, 1385, 1758, 1384, 1383, 1758, 1757, 1384, 1759, 1383, 1382, 1759, 1758, 1383, 1760, 1382, 1379, 1760, 1759, 1382, 1761, 1379, 1378, 1761, 1760, 1379, 1762, 1761, 1378, 1378, 1732, 1762, 1378, 1377, 1732, 1459, 1458, 1457, 1449, 1451, 1450, 1449, 1452, 1451, 1449, 1453, 1452, 1449, 1454, 1453, 1462, 1460, 1459, 1462, 1461, 1460, 1446, 1448, 1447, 1446, 1449, 1448, 1465, 1464, 1463, 1466, 1465, 1463, 1441, 1443, 1442, 1469, 1467, 1466, 1469, 1468, 1467, 1470, 1469, 1466, 1471, 1466, 1463, 1471, 1470, 1466, 1471, 1463, 1462, 1437, 1439, 1438, 1437, 1440, 1439, 1437, 1441, 1440, 1473, 1472, 1471, 1435, 1437, 1436, 1475, 1471, 1462, 1475, 1473, 1471, 1475, 1455, 1454, 1475, 1456, 1455, 1475, 1457, 1456, 1475, 1474, 1473, 1475, 1459, 1457, 1475, 1462, 1459, 1432, 1434, 1433, 1432, 1435, 1434, 1477, 1476, 1475, 1429, 1431, 1430, 1429, 1432, 1431, 1429, 1435, 1432, 1418, 1416, 1415, 1418, 1417, 1416, 1418, 1475, 1454, 1418, 1477, 1475, 1418, 1415, 1477, 1418, 1454, 1449, 1420, 1419, 1418, 1420, 1443, 1441, 1420, 1444, 1443, 1420, 1445, 1444, 1420, 1446, 1445, 1420, 1418, 1449, 1420, 1449, 1446, 1425, 1427, 1426, 1425, 1428, 1427, 1423, 1421, 1420, 1423, 1422, 1421, 1423, 1425, 1424, 1423, 1429, 1428, 1423, 1428, 1425, 1423, 1441, 1437, 1423, 1437, 1435, 1423, 1435, 1429, 1423, 1420, 1441, 1522, 1521, 1520, 1512, 1514, 1513, 1512, 1515, 1514, 1512, 1516, 1515, 1512, 1517, 1516, 1525, 1523, 1522, 1525, 1524, 1523, 1509, 1511, 1510, 1509, 1512, 1511, 1528, 1527, 1526, 1529, 1528, 1526, 1504, 1506, 1505, 1532, 1530, 1529, 1532, 1531, 1530, 1533, 1532, 1529, 1534, 1529, 1526, 1534, 1533, 1529, 1534, 1526, 1525, 1500, 1502, 1501, 1500, 1503, 1502, 1500, 1504, 1503, 1536, 1535, 1534, 1498, 1500, 1499, 1538, 1534, 1525, 1538, 1536, 1534, 1538, 1518, 1517, 1538, 1519, 1518, 1538, 1520, 1519, 1538, 1537, 1536, 1538, 1522, 1520, 1538, 1525, 1522, 1495, 1497, 1496, 1495, 1498, 1497, 1540, 1539, 1538, 1492, 1494, 1493, 1492, 1495, 1494, 1492, 1498, 1495, 1481, 1479, 1478, 1481, 1480, 1479, 1481, 1538, 1517, 1481, 1540, 1538, 1481, 1478, 1540, 1481, 1517, 1512, 1483, 1482, 1481, 1483, 1506, 1504, 1483, 1507, 1506, 1483, 1508, 1507, 1483, 1509, 1508, 1483, 1481, 1512, 1483, 1512, 1509, 1488, 1490, 1489, 1488, 1491, 1490, 1486, 1484, 1483, 1486, 1485, 1484, 1486, 1488, 1487, 1486, 1492, 1491, 1486, 1491, 1488, 1486, 1504, 1500, 1486, 1500, 1498, 1486, 1498, 1492, 1486, 1483, 1504, 1203, 1763, 1764, 1203, 1764, 1558, 1570, 1763, 1203, 1559, 1764, 1765, 1559, 1558, 1764, 1197, 1765, 1766, 1197, 1559, 1765, 1569, 1197, 1766, 1200, 1766, 1763, 1200, 1763, 1570, 1569, 1766, 1200, 1226, 1767, 1768, 1226, 1768, 1586, 1592, 1767, 1226, 1586, 1768, 1769, 1582, 1586, 1769, 1220, 1769, 1770, 1220, 1582, 1769, 1591, 1220, 1770, 1223, 1770, 1767, 1223, 1767, 1592, 1591, 1770, 1223, 1248, 1771, 1772, 1248, 1772, 1598, 1606, 1771, 1248, 1598, 1772, 1773, 1594, 1598, 1773, 1242, 1773, 1774, 1242, 1594, 1773, 1605, 1242, 1774, 1245, 1774, 1771, 1245, 1771, 1606, 1605, 1774, 1245, 1271, 1775, 1776, 1271, 1776, 1619, 1628, 1775, 1271, 1622, 1776, 1777, 1622, 1619, 1776, 1265, 1777, 1778, 1265, 1622, 1777, 1627, 1265, 1778, 1268, 1778, 1775, 1268, 1775, 1628, 1627, 1778, 1268, 1646, 1779, 1780, 1641, 1646, 1780, 1689, 1687, 1781, 1685, 1781, 1687, 1683, 1781, 1685, 1680, 1781, 1683, 1678, 1781, 1680, 1675, 1781, 1678, 1672, 1781, 1675, 1670, 1781, 1672, 1667, 1781, 1670, 1665, 1781, 1667, 1662, 1780, 1781, 1662, 1781, 1665, 1660, 1780, 1662, 1657, 1780, 1660, 1656, 1780, 1657, 1653, 1780, 1656, 1651, 1780, 1653, 1648, 1780, 1651, 1645, 1780, 1648, 1641, 1780, 1643, 1643, 1780, 1645, 1695, 1781, 1782, 1689, 1781, 1695, 1695, 1782, 1694, 1693, 1694, 1782, 1692, 1693, 1782, 1690, 1692, 1782, 1688, 1690, 1782, 1684, 1688, 1782, 1681, 1684, 1782, 1679, 1681, 1782, 1676, 1679, 1782, 1674, 1676, 1782, 1671, 1782, 1779, 1671, 1674, 1782, 1669, 1671, 1779, 1666, 1669, 1779, 1664, 1666, 1779, 1661, 1664, 1779, 1659, 1661, 1779, 1655, 1659, 1779, 1652, 1655, 1779, 1649, 1652, 1779, 1646, 1649, 1779, 1761, 1732, 1731, 1762, 1732, 1761, 1733, 1744, 1713, 1733, 1713, 1714, 1730, 1761, 1731, 1730, 1759, 1760, 1730, 1760, 1761, 1729, 1759, 1730, 1728, 1758, 1759, 1728, 1759, 1729, 1727, 1757, 1758, 1727, 1758, 1728, 1726, 1756, 1757, 1726, 1757, 1727, 1725, 1755, 1756, 1725, 1756, 1726, 1724, 1754, 1755, 1724, 1755, 1725, 1723, 1753, 1754, 1723, 1754, 1724, 1722, 1752, 1753, 1722, 1753, 1723, 1721, 1752, 1722, 1721, 1751, 1752, 1720, 1751, 1721, 1720, 1749, 1750, 1720, 1750, 1751, 1719, 1749, 1720, 1718, 1749, 1719, 1718, 1748, 1749, 1717, 1748, 1718, 1717, 1747, 1748, 1716, 1747, 1717, 1716, 1746, 1747, 1715, 1746, 1716, 1715, 1745, 1746, 1712, 1745, 1715, 1712, 1741, 1743, 1712, 1743, 1745, 1709, 1741, 1712, 1709, 1739, 1741, 1707, 1739, 1709, 1705, 1737, 1739, 1705, 1739, 1707, 1704, 1735, 1734, 1704, 1734, 1737, 1704, 1737, 1705, 1703, 1736, 1735, 1703, 1735, 1704, 1706, 1736, 1703, 1708, 1738, 1736, 1708, 1736, 1706, 1710, 1740, 1738, 1710, 1738, 1708, 1711, 1742, 1740, 1711, 1740, 1710, 1713, 1744, 1742, 1713, 1742, 1711, 1764, 1766, 1765, 1763, 1766, 1764, 1768, 1770, 1769, 1767, 1770, 1768, 1772, 1774, 1773, 1771, 1774, 1772, 1776, 1778, 1777, 1775, 1778, 1776, 1782, 1783, 1779, 1784, 1783, 1782, 1780, 1783, 1785, 1780, 1779, 1783, 1786, 1782, 1781, 1786, 1781, 1780, 1786, 1784, 1782, 1786, 1780, 1785, 1783, 1787, 1788, 1783, 1784, 1787, 1786, 1789, 1787, 1786, 1787, 1784, 1785, 1788, 1790, 1785, 1783, 1788, 1785, 1790, 1789, 1785, 1789, 1786, 1789, 1788, 1787, 1789, 1790, 1788]
            normal3f[] normals = [(-0.7166564, 0.65721804, -0.23338398), (-0.5630485, 0.6664982, 0.48862723), (-0.9371766, 0.28068972, 0.20715529), (-0.69647473, 0.6729978, -0.24899189), (-0.716582, 0.63532597, -0.2878735), (-0.6965345, 0.6455605, -0.31319532), (0.7166666, 0.65720344, -0.23339385), (0.9371766, 0.28068972, 0.20715529), (-0.9378106, 0.27997395, 0.20524588), (-0.7165406, 0.60889506, -0.34031808), (-0.6965603, 0.61204433, -0.37444025), (-0.7181047, 0.6526924, -0.24149166), (0.71660906, 0.63529694, -0.28787023), (-0.7165336, 0.5781154, -0.39033592), (-0.69654936, 0.57276464, -0.43215695), (-0.7180601, 0.6261762, -0.30379793), (0.7165769, 0.6088607, -0.34030315), (-0.7165606, 0.54320943, -0.43756643), (-0.69650376, 0.5280847, -0.48580766), (-0.7180405, 0.5937063, -0.36322257), (0.7165715, 0.578084, -0.39031288), (-0.5422993, 0.4020658, -0.7377361), (-0.6963972, 0.4784141, -0.5349307), (-0.7180489, 0.5555914, -0.41919443), (0.7165925, 0.5431882, -0.4375406), (0.5423211, 0.40207452, -0.7377153), (-0.7180831, 0.51219755, -0.47117978), (-0.7181629, 0.46391028, -0.51868033), (-0.71821946, 0.41134736, -0.5612078), (-0.69632196, 0.42430165, -0.5788815), (-0.7182192, 0.3548768, -0.59851784), (-0.6963222, 0.36605242, -0.6173662), (-0.7182194, 0.29504848, -0.6301645), (-0.6963221, 0.30434018, -0.65000975), (-0.71821934, 0.23242827, -0.6558491), (-0.6963221, 0.23974791, -0.6765031), (-0.71821934, 0.16760907, -0.6753282), (-0.69632214, 0.1728874, -0.6965956), (-0.71821934, 0.10120401, -0.68841755), (-0.6963221, 0.10439112, -0.7100972), (-0.71821934, 0.033841383, -0.6949934), (-0.69632214, 0.034907114, -0.71688), (-0.71821934, -0.033841416, -0.6949933), (-0.6963221, -0.03490715, -0.7168801), (-0.71821934, -0.10120404, -0.68841755), (-0.6963221, -0.10439116, -0.7100972), (-0.71821934, -0.16760907, -0.6753282), (-0.69632214, -0.1728874, -0.6965956), (-0.71821934, -0.23242827, -0.6558491), (-0.6963221, -0.23974791, -0.6765031), (-0.71821934, -0.29504836, -0.6301646), (-0.69632214, -0.30434, -0.65000975), (-0.71821934, -0.35487673, -0.5985177), (-0.6963221, -0.3660525, -0.61736625), (-0.71821934, -0.41134742, -0.5612079), (-0.6963221, -0.42430156, -0.57888144), (-0.71821934, -0.46392608, -0.51858807), (-0.6963221, -0.47853604, -0.53491944), (-0.7182193, -0.51211524, -0.47106162), (-0.69632214, -0.5282427, -0.48589623), (-0.7182194, -0.5554589, -0.4190779), (-0.696322, -0.5729515, -0.4322756), (-0.7182192, -0.59354717, -0.36312935), (-0.6963222, -0.61223894, -0.37456492), (-0.7182194, -0.6260191, -0.30374488), (-0.6963221, -0.64573383, -0.31331044), (-0.7182193, -0.6525683, -0.24148642), (-0.69632214, -0.6731189, -0.24909128), (-0.93783134, -0.2799449, 0.20519063), (-0.56295246, -0.66660124, 0.4885973), (-0.21360816, 0.26325685, 0.9407802), (0.22155336, 0.78300446, 0.5812212), (0.6031737, 0.43176717, 0.6706404), (-0.6031737, 0.43176717, 0.6706404), (-0.72975874, -0.4609445, -0.5049578), (-0.7287023, -0.50567466, -0.46182904), (-0.7307129, -0.41263452, -0.54386705), (-0.7275515, -0.5464543, -0.41479692), (-0.7315582, -0.36113548, -0.5782765), (-0.726316, -0.58293813, -0.36420906), (-0.73228765, -0.3068576, -0.60794175), (-0.72500527, -0.6148107, -0.31044352), (-0.73289526, -0.25022972, -0.6326529), (-0.72362906, -0.6417872, -0.25390977), (-0.73337746, -0.1916923, -0.65223587), (-0.93754584, -0.2871723, 0.19631582), (-0.7337305, -0.13169438, -0.6665554), (-0.7339513, -0.07069488, -0.67551297), (-0.734038, -0.00916011, -0.67904663), (-0.7184708, 0.49694452, 0.4866681), (-0.68633604, 0.50451154, 0.5238425), (-0.68726915, 0.5412305, 0.48449013), (-0.718471, 0.44615313, 0.5336167), (-0.6854716, 0.4648917, 0.56036097), (-0.71847093, 0.54282165, 0.43490708), (-0.6882647, 0.5748485, 0.44253913), (-0.68468094, 0.42259273, 0.5938244), (-0.7184708, 0.39095026, 0.5752891), (-0.6839673, 0.37785226, 0.62403244), (-0.7184709, 0.5833315, 0.3788455), (-0.689318, 0.60518414, 0.39823726), (-0.6916544, 0.6290115, 0.35490668), (-0.71847093, 0.33188158, 0.6112725), (-0.68333584, 0.33092192, 0.65080166), (-0.7184709, 0.6180731, 0.31903806), (-0.6937962, 0.64619577, 0.31792742), (-0.8413525, 0.29567823, 0.45243824), (-0.7184709, 0.26953122, 0.6412118), (-0.6827898, 0.28207096, 0.67396885), (-0.7339907, 0.052442767, -0.6771318), (-0.6823324, 0.23158017, 0.69339246), (-0.71847093, 0.20451556, 0.6648104), (-0.68196636, 0.17974152, 0.7089533), (-0.7184709, 0.1374777, 0.6818354), (-0.6816931, 0.12685487, 0.720557), (-0.7338096, 0.11364799, -0.66978174), (-0.71847093, 0.06908048, 0.69211805), (-0.68151504, 0.07322724, 0.7281312), (-0.68143296, 0.019172693, 0.7316294), (-0.73349565, 0.17398985, -0.6570477), (-0.71847093, -1.5381921e-17, 0.695557), (-0.68144727, -0.034992512, 0.7310302), (-0.7184709, -0.06908041, 0.6921181), (-0.68155736, -0.08895363, 0.72633797), (-0.7330516, 0.2330073, -0.6390172), (-0.7184709, -0.13747762, 0.6818354), (-0.68176347, -0.1423954, 0.71758074), (-0.6820639, -0.19500607, 0.7048131), (-0.7324808, 0.29024804, -0.6158148), (-0.71847093, -0.20451556, 0.6648104), (-0.682457, -0.24648054, 0.6881132), (-0.7184709, -0.26953122, 0.6412118), (-0.6829403, -0.29652116, 0.6675835), (-0.7317867, 0.3452678, -0.5876039), (-0.71847093, -0.33188158, 0.6112725), (-0.68323797, -0.34576443, 0.64314294), (-0.7309754, 0.39763376, -0.5545831), (-0.68259984, -0.39800113, 0.612905), (-0.7184708, -0.39095026, 0.5752891), (-0.68247193, -0.45368245, 0.5730657), (-0.73005235, 0.44693026, -0.51698834), (-0.7184711, -0.44615334, 0.5336164), (-0.68361366, -0.50720286, 0.52480245), (-0.7184706, -0.49694467, 0.48666832), (-0.72884095, 0.4925029, -0.47563824), (-0.6848766, -0.555551, 0.4714945), (-0.718471, -0.5428212, 0.4349075), (-0.7273789, 0.5333743, -0.4317774), (-0.68624926, -0.59825516, 0.41370603), (-0.7184711, -0.58333147, 0.3788452), (-0.72590387, 0.56924206, -0.3860402), (-0.68771636, -0.6349099, 0.35204485), (-0.7184708, -0.61807346, 0.31903753), (-0.83795846, -0.2928396, 0.46051127), (-0.7244916, 0.60103893, -0.33743763), (-0.6031737, -0.4317674, 0.6706403), (-0.72258914, 0.6282486, -0.2883899), (-0.7209107, 0.64953893, -0.24163379), (-0.93649435, 0.2884745, 0.19940098), (0.6031737, -0.4317674, 0.6706403), (0.22282843, -0.78622293, 0.5763688), (-0.21588877, -0.26479775, 0.93982667), (0.30151135, -0.30151135, 0.90453404), (-0.30151135, 0.30151135, 0.90453404), (-0.90453404, -0.30151135, 0.30151135), (-0.90453404, -0.30151135, 0.30151135), (0.30151135, 0.30151135, 0.90453404), (0.90453404, -0.30151135, 0.30151135), (-0.30151135, 0.30151135, 0.90453404), (-0.90453404, -0.30151135, 0.30151135), (0.30151135, 0.30151135, 0.90453404), (0.90453404, -0.30151135, 0.30151135), (-0.30151135, 0.30151135, 0.90453404), (-0.30151135, 0.30151135, 0.90453404), (0.30151135, 0.30151135, 0.90453404), (0.90453404, -0.30151135, 0.30151135), (-0.90453404, -0.30151135, 0.30151135), (-0.90453404, -0.30151135, 0.30151135), (0.30151135, 0.30151135, 0.90453404), (0.90453404, -0.30151135, 0.30151135), (-0.30151135, 0.30151135, 0.90453404), (-0.30151135, -0.30151135, 0.90453404), (0.30151135, 0.30151135, 0.90453404), (0.90453404, -0.30151135, 0.30151135), (-0.57735026, 0.57735026, -0.57735026), (-0.57735026, -0.57735026, -0.57735026), (-0.57735026, -0.57735026, 0.57735026), (-0.57735026, 0.57735026, 0.57735026), (0.57735026, -0.57735026, -0.57735026), (0.57735026, 0.57735026, -0.57735026), (0.57735026, -0.57735026, 0.57735026), (0.57735026, 0.57735026, 0.57735026), (-0.6980469, -0.50139403, -0.51120883), (-0.697492, -0.5505382, -0.45870754), (-0.6976348, -0.44822598, -0.55892676), (-0.6969708, -0.5930329, -0.403167), (-0.6975667, -0.39124024, -0.60027647), (-0.69557965, -0.6337758, -0.33837447), (-0.6963485, -0.32694042, -0.63891214), (-0.6901117, -0.66336304, -0.28930143), (-0.69406295, -0.27204058, -0.6665362), (-0.6978983, -0.6844408, -0.21089992), (-0.6736353, -0.11861499, -0.7294833), (-0.6978982, -0.7019704, -0.14204103), (-0.69789803, -0.7125906, -0.071784), (-0.6978975, -0.7161972, -0.00082044664), (-0.6978966, -0.7127546, 0.07015138), (-0.69789547, -0.7022966, 0.1404329), (-0.67363536, 0.118614905, -0.7294833), (-0.7062696, 0.6895484, 0.16033171), (-0.7066042, 0.6745121, 0.21387841), (-0.7058414, 0.70155096, 0.09805148), (-0.70417696, 0.709338, 0.031215115), (-0.7025051, 0.7107563, -0.036222175), (-0.69406295, 0.27204052, -0.6665363), (-0.7008403, 0.70574623, -0.1036587), (-0.6991957, 0.6943082, -0.17047428), (-0.69789404, -0.68492615, 0.20933238), (-0.6963484, 0.32694054, -0.63891214), (-0.69758785, 0.67650217, -0.23604241), (-0.69066787, -0.6637212, 0.2871446), (-0.6975668, 0.39124018, -0.60027635), (-0.696033, 0.6524488, -0.2997476), (-0.6956911, -0.634408, 0.33695754), (-0.694545, 0.6223312, -0.36098635), (-0.69696295, -0.5938958, 0.40190843), (-0.6976347, 0.448226, -0.5589269), (-0.6931376, 0.5863935, -0.4191693), (-0.6973995, -0.55174935, 0.45739105), (-0.6918228, 0.5449447, -0.47372615), (-0.698047, 0.5013941, -0.5112087), (-0.69802296, -0.502617, 0.5100394), (-0.69061553, 0.49834895, -0.5241169), (-0.69749194, 0.55053824, -0.4587075), (-0.6975917, -0.44953677, 0.55792695), (-0.68952733, 0.44702163, -0.5698454), (-0.6969709, 0.59303284, -0.40316704), (-0.6975026, -0.39272544, 0.5993804), (-0.6877446, 0.33210155, -0.64553535), (-0.6885674, 0.39143202, -0.6104555), (-0.7084345, -0.6771698, 0.1989008), (-0.70682096, -0.6945531, 0.13416451), (-0.70518076, -0.7057661, 0.0679285), (-0.70352226, -0.7106728, 0.0007669519), (-0.70186365, -0.7091797, -0.06672042), (-0.6955795, 0.6337758, -0.33837456), (-0.69627064, -0.32832092, 0.63828874), (-0.687069, 0.26958883, -0.6747281), (-0.70021856, -0.7012542, -0.13392736), (-0.69011164, 0.66336304, -0.2893015), (-0.6935215, -0.2739076, 0.66633517), (-0.68654644, 0.20448588, -0.6977389), (-0.6978981, 0.684441, -0.21090001), (-0.6978985, 0.70197016, -0.14204091), (-0.90453404, 0.30151135, 0.30151135), (-0.6978611, -0.19908142, 0.6880091), (-0.6973301, -0.1297908, 0.70490074), (-0.68465614, 0.003859892, -0.72885597), (-0.68598, 0.06901997, -0.7243394), (-0.6861829, 0.13741341, -0.7143322), (-0.69789815, 0.7125905, -0.071784094), (-0.5711945, 0.54124475, 0.6170826), (-0.69789726, 0.7161974, -0.00082051835), (-0.90453404, -0.30151135, 0.30151135), (-0.6868628, -0.24065621, -0.6857872), (-0.68633455, -0.17462653, -0.7060102), (-0.6847622, -0.11079592, -0.7202951), (-0.68341017, -0.05369206, -0.7280575), (-0.6978966, 0.7127546, 0.07015135), (-0.6973301, 0.12979083, 0.70490074), (-0.5711945, -0.54124475, 0.6170826), (-0.69789547, 0.70229656, 0.14043292), (-0.6985998, -0.6869255, -0.20022903), (-0.6978611, 0.19908144, 0.6880091), (-0.697894, 0.6849262, 0.2093326), (-0.69702643, -0.666279, -0.26500273), (-0.6935216, 0.27390742, 0.66633517), (-0.68754846, -0.30435795, -0.6592749), (-0.69066787, 0.6637212, 0.28714472), (-0.69551116, -0.63946617, -0.3276389), (-0.69627064, 0.32832086, 0.63828886), (-0.6883738, -0.36512306, -0.6267588), (-0.6956911, 0.63440806, 0.33695748), (-0.6940707, -0.6066945, -0.38754046), (-0.69750255, 0.3927256, 0.5993804), (-0.68929523, -0.42238256, -0.5886128), (-0.6969629, 0.59389585, 0.40190843), (-0.6927148, -0.5682395, -0.44412842), (-0.6975918, 0.44953674, 0.55792695), (-0.6903153, -0.4756703, -0.54516286), (-0.6973995, 0.5517494, 0.45739096), (-0.69145846, -0.5244358, -0.4968423), (-0.69802284, 0.50261706, 0.5100394), (0.7184708, -0.61807346, 0.31903753), (0.7184711, -0.58333147, 0.3788452), (0.718471, -0.5428212, 0.4349075), (0.7184706, -0.49694467, 0.48666832), (0.7184711, -0.44615334, 0.5336164), (0.7184708, -0.39095026, 0.5752891), (0.71847093, -0.33188158, 0.6112725), (0.7184709, -0.26953122, 0.6412118), (0.71847093, -0.20451556, 0.6648104), (0.7184709, -0.13747762, 0.6818354), (0.7184709, -0.06908041, 0.6921181), (0.71847093, 1.2305537e-17, 0.695557), (0.71847093, 0.06908048, 0.69211805), (0.7184709, 0.1374777, 0.6818354), (0.71847093, 0.20451556, 0.6648104), (0.7184709, 0.26953122, 0.6412118), (0.71847093, 0.33188158, 0.6112725), (0.7184708, 0.39095026, 0.5752891), (0.718471, 0.44615313, 0.5336167), (0.7184708, 0.49694452, 0.4866681), (0.71847093, 0.54282165, 0.43490708), (0.7184709, 0.5833315, 0.3788455), (0.7184709, 0.6180731, 0.31903806), (0.6983358, 0.5099885, 0.50223386), (0.6971837, 0.45841536, 0.5511717), (0.69959027, 0.55630636, 0.44843805), (0.6961452, 0.40209657, 0.59472704), (0.70093286, 0.5969207, 0.39035726), (0.6952303, 0.34158948, 0.63243294), (0.70234984, 0.6314462, 0.32860377), (0.69445175, 0.2775065, 0.66387266), (0.6938174, 0.21051592, 0.6886948), (0.69333214, 0.1413165, 0.70662594), (0.6929997, 0.07062512, 0.71747017), (0.6928228, -0.0008268661, 0.72110736), (0.69280297, -0.07229501, 0.7174939), (0.6929968, -0.14293858, 0.7066286), (0.693486, -0.21201593, 0.6885684), (0.6942076, -0.2789476, 0.6635239), (0.6950724, -0.34294945, 0.63187027), (0.69607335, -0.40335605, 0.5939577), (0.69719857, -0.4595505, 0.5502067), (0.6984371, -0.51097316, 0.5010908), (0.6997765, -0.55711955, 0.4471361), (0.7012563, -0.59739506, 0.38904855), (0.70280576, -0.63139474, 0.3277266), (0.7473136, 0.0025080943, -0.66446674), (0.7463912, -0.05173881, -0.6634933), (0.74701965, -0.10556472, -0.6563671), (0.74755424, -0.16334634, -0.64380175), (0.7471469, -0.2223984, -0.6263469), (0.74660647, -0.27968332, -0.6036191), (0.7450976, -0.38711986, -0.5431094), (0.7459327, -0.33473542, -0.5757922), (0.74411184, -0.4364673, -0.50576067), (0.7430186, -0.4823024, -0.46401262), (0.7418267, -0.52423626, -0.418174), (0.74054295, -0.56190294, -0.36859357), (0.73917735, -0.59495896, -0.31565902), (0.7377426, -0.6230943, -0.259787), (0.7362501, -0.64603853, -0.20141993), (0.7347111, -0.66355854, -0.14103058), (0.7331383, -0.6754617, -0.079118185), (0.7315444, -0.68160117, -0.016206777), (0.7299451, -0.68187636, 0.047167905), (0.7283533, -0.676239, 0.110463545), (0.72678095, -0.66469437, 0.17312093), (0.72524196, -0.6473013, 0.23457438), (0.7237462, -0.6241807, 0.2942618), (0.72230625, -0.5954845, 0.3516702), (0.7209507, -0.56142634, 0.40623948), (0.7196944, -0.5222825, 0.45745057), (0.71855295, -0.47838327, 0.504808), (0.71753806, -0.43010646, 0.5478572), (0.7166583, -0.37787893, 0.5861812), (0.7159218, -0.32217443, 0.6194026), (0.7153374, -0.26350316, 0.6471928), (0.7149117, -0.20240241, 0.6692791), (0.7142417, -0.0754253, 0.69582313), (0.714565, -0.13956897, 0.6855052), (0.7140288, -0.010491978, 0.7000377), (0.7139872, 0.05455846, 0.6980299), (0.71411544, 0.119119324, 0.6898186), (0.7144101, 0.18258126, 0.6754867), (0.7148692, 0.24434748, 0.6551766), (0.7154886, 0.30384567, 0.6290897), (0.71626234, 0.36052948, 0.5974837), (0.7171821, 0.41388103, 0.56067127), (0.7182387, 0.46341512, 0.51901793), (0.71942437, 0.50868946, 0.47293088), (0.720729, 0.5493137, 0.42285237), (0.72213894, 0.5849433, 0.36926514), (0.7236426, 0.6152809, 0.31268322), (0.72499, 0.6402075, 0.25401542), (0.72627246, 0.6597397, 0.19305918), (0.7277684, 0.6732646, 0.13064413), (0.72934484, 0.6808096, 0.06748631), (0.73093283, 0.68243724, 0.0040685334), (0.7325198, 0.6781788, -0.059061985), (0.7340906, 0.6681176, -0.12136645), (0.73563117, 0.65238655, -0.18231456), (0.7371299, 0.63116276, -0.24139819), (0.7385745, 0.6046667, -0.2981374), (0.7399539, 0.57315636, -0.35207963), (0.7412549, 0.53693, -0.40279928), (0.74246734, 0.49632105, -0.44989738), (0.7435833, 0.45168835, -0.49301264), (0.744595, 0.403412, -0.53182423), (0.7454912, 0.35190365, -0.5660448), (0.74626684, 0.29759547, -0.5954181), (0.7469173, 0.24093017, -0.61973155), (0.7474375, 0.18236251, -0.63881224), (0.7478228, 0.122360654, -0.652525), (0.748071, 0.06140241, -0.6607719), (-0.035336982, -0.9298739, -0.36617732), (0.054213513, -0.8254691, 0.5618378), (0.10778256, -0.82546735, 0.55406374), (-0.07025186, -0.92987394, -0.36110815), (-0.043295152, -0.8926586, -0.44864926), (0.43172362, 0.82362, 0.36778352), (0.22902487, 0.66056293, -0.7149855), (0.7034896, 0.29039478, -0.6486704), (0.054137405, 0.8237488, 0.56436425), (-0.27142867, 0.9339498, -0.232517), (0.20486279, 0.64578193, -0.73552495), (-0.3269053, 0.90283537, -0.27932268), (0.17167442, 0.62340075, -0.7628233), (-0.37895593, 0.866919, -0.32379603), (0.13317463, 0.5970595, -0.7910654), (-0.42820892, 0.8262044, -0.36609197), (0.09634658, 0.56683147, -0.81818056), (-0.47825956, 0.777209, -0.40891805), (0.06166609, 0.5323412, -0.84428084), (-0.5281321, 0.71929145, -0.4513273), (0.027995719, 0.49232036, -0.86996377), (-0.2480217, 0.9340662, -0.25691554), (0.39370298, 0.82380426, 0.40785357), (0.35282192, 0.8238075, 0.44368678), (-0.2986441, 0.9028354, -0.30935392), (-0.575147, 0.6539929, -0.49142575), (-0.0047542886, 0.4469404, -0.8945511), (-0.3461932, 0.8669202, -0.35860792), (-0.6178619, 0.58270305, -0.527924), (-0.034998003, 0.3976271, -0.9168794), (-0.39135107, 0.8261404, -0.40538424), (-0.65548754, 0.5066123, -0.56007147), (-0.061590172, 0.34526366, -0.9364826), (-0.43700397, 0.7772475, -0.45267415), (-0.68771374, 0.42634603, -0.58760434), (-0.08431986, 0.29025197, -0.9532282), (-0.48248288, 0.7193223, -0.49978566), (-0.22227152, 0.9340655, -0.2794942), (-0.71427095, 0.34257382, -0.6102952), (-0.10300329, 0.23301128, -0.96700364), (-0.26763842, 0.9028345, -0.33654067), (-0.52542186, 0.65399474, -0.5442635), (-0.73494154, 0.25598884, -0.6279575), (-0.11750442, 0.17399172, -0.9777114), (-0.31024885, 0.8669205, -0.3901212), (-0.5644473, 0.5826993, -0.5846886), (-0.35071608, 0.8261422, -0.4410071), (-0.7495611, 0.1672881, -0.6404474), (-0.12775458, 0.11364978, -0.9852728), (-0.59881616, 0.50661457, -0.620291), (-0.3916296, 0.7772489, -0.4924534), (-0.7580052, 0.07721356, -0.64766204), (-0.13368042, 0.05243884, -0.9896361), (-0.6282555, 0.426349, -0.6507853), (-0.43239003, 0.7193201, -0.5437071), (-0.19447462, 0.9340661, -0.2994998), (0.30869797, 0.8238086, 0.4754418), (-0.76020557, -0.013489214, -0.64954257), (-0.13237542, -0.07069088, -0.98867565), (-0.13523698, -0.009160729, -0.99077094), (-0.6525183, 0.34257144, -0.6759177), (-0.23416784, 0.90283555, -0.3606291), (-0.47086826, 0.65399665, -0.5920907), (-0.7561453, -0.104084365, -0.64607334), (-0.12517151, -0.13169765, -0.9833554), (-0.67140186, 0.25598583, -0.6954788), (-0.2714529, 0.86691874, -0.41804925), (-0.5058435, 0.5826995, -0.6360689), (-0.7458568, -0.19382557, -0.6372827), (-0.113629855, -0.19168812, -0.97485584), (-0.3068602, 0.82613933, -0.47257864), (-0.6847559, 0.16729213, -0.7093114), (-0.5366459, 0.5066087, -0.6748028), (-0.7294239, -0.28197387, -0.6232428), (-0.0978582, -0.25022578, -0.96322936), (-0.3426542, 0.77725005, -0.527703), (-0.6924702, 0.07721665, -0.7173023), (-0.5630256, 0.42634875, -0.7079752), (-0.70698076, -0.3678055, -0.60406727), (-0.07796484, -0.30685663, -0.9485571), (-0.37831676, 0.71932226, -0.58262503), (-0.16489017, 0.9340663, -0.3167513), (0.26173514, 0.82381105, 0.5028221), (-0.6944808, -0.013490537, -0.71938473), (-0.5847688, 0.34257275, -0.73531586), (-0.67871416, -0.45060456, -0.57991606), (-0.054090776, -0.3611334, -0.9309441), (-0.1985453, 0.9028356, -0.3814022), (-0.41198418, 0.6539966, -0.6344742), (-0.6907712, -0.10408721, -0.71554244), (-0.60169137, 0.25598818, -0.756596), (-0.6448539, -0.52969784, -0.55098426), (-0.026379002, -0.41263205, -0.9105157), (-0.23015812, 0.8669191, -0.44212952), (-0.4425839, 0.582702, -0.6815995), (-0.68137205, -0.19382687, -0.70580685), (-0.26017818, 0.82614106, -0.4997982), (-0.6136597, 0.16729021, -0.7716449), (-0.6056746, -0.6044348, -0.5175102), (0.0049333465, -0.46094614, -0.8874144), (-0.4695367, 0.50660855, -0.72310656), (-0.6663605, -0.28197306, -0.69025713), (-0.2905287, 0.77725005, -0.55809987), (-0.6205728, 0.07721378, -0.78033805), (-0.5615056, -0.67418945, -0.47977084), (0.039650515, -0.50568134, -0.8618087), (-0.49261895, 0.42634532, -0.75865424), (-0.6458589, -0.3678019, -0.66902024), (-0.3207674, 0.71931964, -0.61618793), (-0.13378996, 0.9340659, -0.33109084), (0.21236531, 0.82381386, 0.52557755), (-0.62237495, -0.0134859, -0.782603), (-0.512701, -0.738398, -0.43807083), (0.07751045, -0.54646486, -0.83388746), (-0.5116419, 0.3425739, -0.7879503), (-0.62003577, -0.45060474, -0.6422702), (-0.16109674, 0.9028354, -0.39866784), (-0.3493118, 0.6539959, -0.6710221), (-0.61905116, -0.1040856, -0.77842265), (-0.4596684, -0.7965211, -0.39275828), (0.118241385, -0.5829494, -0.8038588), (-0.52644914, 0.25598487, -0.8107546), (-0.58910155, -0.52969986, -0.61022735), (-0.18674636, 0.86691976, -0.46214274), (-0.37525678, 0.5827019, -0.72086114), (-0.61062735, -0.19382855, -0.7678312), (-0.4028383, -0.8480841, -0.34420148), (0.16154042, -0.61481476, -0.7719504), (-0.2111058, 0.8261401, -0.52242404), (-0.5369198, 0.16729026, -0.8268804), (-0.553312, -0.60443366, -0.5731543), (-0.39810836, 0.5066096, -0.76475906), (-0.5971736, -0.2819769, -0.75091463), (-0.34267807, -0.8926591, -0.29279932), (0.20706221, -0.6417905, -0.73839706), (-0.23573062, 0.7772494, -0.5833648), (-0.54296815, 0.07722034, -0.83619535), (-0.5129607, -0.67419034, -0.53135556), (-0.41767877, 0.42634788, -0.802354), (-0.57880086, -0.3678028, -0.72781223), (-0.27968642, -0.9298739, -0.23897718), (0.42913225, -0.825453, 0.36670545), (0.6985664, -0.2871443, -0.655403), (0.3920329, -0.82545364, 0.40612373), (-0.26026538, 0.7193203, -0.64408094), (-0.101458356, 0.93406606, -0.34238392), (0.16104415, 0.82381535, 0.5435007), (-0.54454535, -0.013485811, -0.838623), (-0.4683773, -0.73839647, -0.4851735), (-0.43380836, 0.34257543, -0.8333381), (-0.5556593, -0.4506041, -0.6987121), (-0.12216655, 0.9028352, -0.41226682), (-0.28342623, 0.65399575, -0.701398), (-0.5416364, -0.10408603, -0.83414394), (-0.41992873, -0.79652125, -0.4349871), (-0.44636396, 0.25598323, -0.85745656), (-0.52793646, -0.5297007, -0.6638526), (-0.14161754, 0.8669196, -0.47790682), (-0.30447686, 0.5827039, -0.7534919), (-0.5342666, -0.1938323, -0.82279295), (-0.36801067, -0.8480854, -0.38120764), (-0.1600895, 0.8261411, -0.54024273), (-0.4552415, 0.16728951, -0.87451094), (-0.49586397, -0.6044323, -0.62352264), (-0.32301882, 0.506611, -0.7993773), (-0.52249545, -0.2819784, -0.80466557), (-0.3130538, -0.8926587, -0.32428035), (-0.17876443, 0.7772496, -0.6032631), (-0.46036965, 0.07722076, -0.88436234), (-0.45970178, -0.6741896, -0.57805073), (-0.3388994, 0.42634484, -0.8386759), (-0.5064216, -0.36780044, -0.7799102), (-0.2555076, -0.92987406, -0.26466987), (-0.1973705, 0.7193198, -0.666051), (-0.06819374, 0.9340661, -0.35052827), (0.10824181, 0.8238178, 0.55642426), (-0.46170667, -0.013488079, -0.8869301), (-0.419747, -0.7383965, -0.5278097), (-0.35198584, 0.34257302, -0.8710624), (-0.48617283, -0.4506043, -0.7487268), (-0.08211243, 0.9028353, -0.4220734), (-0.21493408, 0.6539956, -0.7253228), (-0.45924026, -0.10408662, -0.8821929), (-0.37632778, -0.79652226, -0.4732121), (-0.3621723, 0.25598544, -0.8962715), (-0.46191758, -0.5296988, -0.71137285), (-0.09518657, 0.8669191, -0.48927584), (-0.23089838, 0.5827022, -0.7791945), (-0.45299158, -0.19383085, -0.8701886), (-0.3298015, -0.84808505, -0.41470802), (-0.107602015, 0.8261405, -0.5530946), (-0.3693759, 0.16729021, -0.91409814), (-0.43385497, -0.60443276, -0.66815484), (-0.24495886, 0.50660974, -0.8266449), (-0.443011, -0.28197598, -0.85101753), (-0.2805511, -0.8926582, -0.3527782), (-0.12015369, 0.7772497, -0.61761314), (-0.3735373, 0.07721821, -0.9243956), (-0.4022142, -0.6741907, -0.6194276), (-0.25700063, 0.4263472, -0.8672824), (-0.4293823, -0.36780065, -0.8248355), (-0.22897968, -0.9298736, -0.28792956), (0.3513247, -0.8254572, 0.44180462), (-0.13265932, 0.7193207, -0.6818939), (-0.034782458, 0.93409765, -0.3553193), (-0.37462142, -0.01348825, -0.92707974), (-0.3672567, -0.7383957, -0.565592), (-0.26692557, 0.3425745, -0.9007738), (-0.4122138, -0.45060542, -0.79185516), (-0.041811865, 0.9028128, -0.42799628), (-0.14446488, 0.65399563, -0.7425763), (-0.3726204, -0.104084365, -0.92212826), (-0.32926747, -0.7965214, -0.50708634), (-0.2746508, 0.25598437, -0.9268435), (-0.39164907, -0.52969784, -0.75235045), (-0.04809319, 0.86683744, -0.49626598), (-0.15519458, 0.5827028, -0.7977293), (-0.36755067, -0.19383019, -0.9095803), (-0.28855857, -0.84808564, -0.44439253), (-0.054122474, 0.82614064, -0.5608586), (-0.28011328, 0.16728926, -0.94527817), (-0.3678552, -0.6044325, -0.7066427), (-0.16464582, 0.5066099, -0.8463085), (-0.35945258, -0.28197798, -0.8895405), (-0.24546656, -0.8926589, -0.3780294), (-0.060435362, 0.77724946, -0.62628335), (-0.2832686, 0.07721919, -0.95592684), (-0.3410276, -0.6741917, -0.65510744), (-0.17273931, 0.426346, -0.8879134), (-0.34839404, -0.3678008, -0.8621741), (-0.2003446, -0.92987376, -0.30853984), (0.30738825, -0.8254582, 0.47342494), (-0.06672497, 0.71932054, -0.6914664), (-0.2840918, -0.013489079, -0.9587022), (-0.31138748, -0.7383975, -0.5981697), (-0.17941013, 0.34257463, -0.922201), (-0.3344643, -0.45060256, -0.8277022), (-0.07266253, 0.653995, -0.75300115), (-0.2825736, -0.10408659, -0.95358175), (-0.27917787, -0.7965215, -0.53629583), (-0.1846025, 0.255985, -0.94889075), (-0.317778, -0.52969867, -0.78640735), (-0.07805829, 0.582702, -0.8089285), (-0.27872902, -0.19382879, -0.9406065), (-0.24466237, -0.84808487, -0.4699919), (-0.18827434, 0.16728953, -0.9677639), (-0.29847178, -0.6044333, -0.7386305), (-0.08281132, 0.50661033, -0.8581889), (-0.2725878, -0.28197533, -0.9198836), (-0.208125, -0.8926591, -0.39980447), (-0.19039486, 0.077219054, -0.97866595), (-0.27670473, -0.67419064, -0.6847638), (-0.08688178, 0.42634585, -0.9003781), (-0.2642023, -0.3678016, -0.89158237), (-0.1698673, -0.92987394, -0.3263121), (0.26062465, -0.82546055, 0.50068915), (0.2114645, -0.8254633, 0.52334803), (-0.19094819, -0.013487745, -0.9815074), (-0.25265533, -0.7383971, -0.6252479), (-0.09023608, 0.34257448, -0.93514717), (-0.2536382, -0.45060426, -0.85593426), (-0.18992828, -0.104087375, -0.97626483), (-0.22652046, -0.7965223, -0.56057173), (-0.09284769, 0.2559859, -0.96221125), (-0.24098432, -0.52969867, -0.81323177), (-0.18734345, -0.19382864, -0.9629812), (-0.19851525, -0.8480847, -0.49126777), (-0.09469401, 0.16728987, -0.98134965), (-0.22634348, -0.60443324, -0.7638253), (-0.18321656, -0.2819758, -0.941765), (-0.16886996, -0.89265853, -0.41790393), (-0.095760725, 0.077217296, -0.9924048), (-0.209837, -0.6741896, -0.708122), (-0.17757913, -0.36780202, -0.91279095), (-0.13782793, -0.9298738, -0.3410838), (0.16036065, -0.82546496, 0.54119503), (-0.096038185, -0.013488841, -0.9952862), (-0.19159931, -0.73839676, -0.6465755), (-0.17047942, -0.45060426, -0.8762948), (-0.09552568, -0.10408605, -0.98997015), (-0.17177989, -0.7965225, -0.57969266), (-0.16197355, -0.5296993, -0.8325762), (-0.094225734, -0.19382903, -0.9764998), (-0.15054248, -0.8480849, -0.5080245), (-0.15213394, -0.60443175, -0.78199583), (-0.092150174, -0.28197592, -0.9549858), (-0.12806104, -0.8926587, -0.43215835), (-0.14103915, -0.67418957, -0.72496647), (-0.08931535, -0.36780217, -0.9256048), (-0.10452055, -0.9298739, -0.35271803), (-0.12878057, -0.7383975, -0.6619552), (-0.08574478, -0.45060375, -0.8885967), (-0.1154591, -0.79652286, -0.5934817), (-0.08146741, -0.52969825, -0.8442647), (-0.101185024, -0.8480845, -0.52010983), (-0.07651901, -0.6044317, -0.79297364), (-0.08607461, -0.89265865, -0.44243833), (-0.0709391, -0.6741898, -0.73514336), (-0.06477381, -0.7383971, -0.67124814), (-0.058074303, -0.7965221, -0.60181385), (-0.050895255, -0.8480845, -0.5274109), (0.6417056, -0.5365268, 0.5480447), (0.82096887, 0.557632, 0.12270563), (0.5862488, -0.5365328, 0.6069966), (0.52538663, -0.53653604, 0.66037714), (0.45968944, -0.5365383, 0.7076809), (0.3897625, -0.53654253, 0.74847), (0.31624845, -0.5365455, 0.78237194), (0.23982473, -0.5365486, 0.8090733), (0.16119485, -0.5365508, 0.8283293), (0.081081286, -0.5365542, 0.8399615), (0.33952335, -0.90830845, 0.24433523), (0.39004332, -0.874819, 0.28732902), (0.64150494, 0.5363181, 0.54848355), (0.37498808, 0.8850074, 0.2759454), (0.3355715, 0.9105435, 0.2414586), (0.081766374, 0.5364414, 0.8399672), (0.3687396, -0.87456185, 0.314917), (0.43250066, -0.82250136, 0.36937067), (0.4576148, -0.8227749, 0.3370907), (0.49204448, -0.76243365, 0.4202228), (0.52071226, -0.76271796, 0.3835623), (0.54678565, -0.69495344, 0.46697444), (0.5787277, -0.69523096, 0.42629585), (0.6310995, -0.6209726, 0.46487254), (0.5962009, -0.6207126, 0.50917625), (0.6377513, -0.5446248, 0.54466236), (0.6774076, -0.5408543, 0.4985935), (0.336869, -0.87456113, 0.34880096), (0.66958445, -0.473659, 0.5721047), (0.71735555, -0.45522708, 0.5274176), (0.6946641, -0.40596223, 0.59383196), (0.7500955, -0.36509567, 0.5514181), (0.3951188, -0.8225004, 0.40911394), (0.7157275, -0.33709505, 0.611638), (0.7753152, -0.27153027, 0.5702259), (0.44951397, -0.76243436, 0.46543637), (0.7329197, -0.2665575, 0.62592), (0.49952474, -0.6949532, 0.51721853), (0.7457779, -0.19483724, 0.63706654), (0.7931092, -0.17553912, 0.5832356), (0.75450546, -0.12159939, 0.6449303), (0.80324674, -0.077499844, 0.59058315), (0.5446648, -0.6207185, 0.56395817), (0.7593689, -0.04768628, 0.6489106), (0.8053798, 0.021161102, 0.5923813), (0.5826276, -0.544626, 0.6032641), (0.76016825, 0.026303357, 0.64919364), (0.30189884, -0.8745597, 0.37947646), (0.6118766, -0.4735217, 0.6335489), (0.7565532, 0.09987136, 0.6462608), (0.79984504, 0.119404145, 0.5882096), (0.6348864, -0.4059271, 0.6573754), (0.3540997, -0.8225004, 0.4450916), (0.7486366, 0.17334802, 0.63991696), (0.7865097, 0.21683064, 0.57826203), (0.6540036, -0.33722407, 0.67717), (0.40284848, -0.7624344, 0.5063664), (0.7368861, 0.24588087, 0.62971544), (0.76536477, 0.3120021, 0.56291336), (0.66954213, -0.26666027, 0.6932573), (0.7212423, 0.31687793, 0.61595285), (0.44766858, -0.69495124, 0.56270385), (0.68140966, -0.19464228, 0.705546), (0.70145804, 0.38589373, 0.5992017), (0.73698276, 0.40396187, 0.5419144), (0.6895442, -0.12156533, 0.7139683), (0.48812175, -0.6207171, 0.61355317), (0.6775615, 0.45322245, 0.57922345), (0.7013292, 0.49231753, 0.5155199), (0.69390273, -0.047808006, 0.7184799), (0.5221426, -0.5446249, 0.6563161), (0.6502221, 0.5180684, 0.55571246), (0.65872264, 0.57574004, 0.48436344), (0.6944579, 0.026200328, 0.7190562), (0.26414832, -0.8745597, 0.40665832), (0.54835474, -0.47352087, 0.6892641), (0.61950755, 0.57990766, 0.52907234), (0.69121003, 0.10006154, 0.71569294), (0.5689765, -0.40592694, 0.7151846), (0.5852714, 0.6383466, 0.49997097), (0.60995823, 0.65340257, 0.4483481), (0.30982125, -0.82250136, 0.47697195), (0.6841749, 0.17338638, 0.708408), (0.5861093, -0.33722287, 0.7367202), (0.5474465, 0.6936667, 0.46811202), (0.5550854, 0.7249766, 0.40778565), (0.35247377, -0.762436, 0.5426358), (0.673391, 0.24575685, 0.6972433), (0.60003334, -0.2666625, 0.75422215), (0.5068952, 0.7451786, 0.43331993), (0.4947018, 0.78937393, 0.36353663), (0.6589192, 0.31677672, 0.68225944), (0.3916899, -0.69495195, 0.6030098), (0.6106704, -0.19463864, 0.767592), (0.4638013, 0.7924622, 0.39609596), (0.6408358, 0.3860718, 0.66353446), (0.6179592, -0.12156473, 0.77675503), (0.41807696, 0.8352457, 0.35717815), (0.43308452, 0.843271, 0.31832662), (0.427086, -0.6207157, 0.6575026), (0.6192383, 0.45325854, 0.6411713), (0.62186444, -0.047818925, 0.7816636), (0.36520952, 0.87684125, 0.3126843), (0.45685396, -0.5446217, 0.70332897), (0.59424806, 0.51795685, 0.61529666), (0.6223635, 0.02619919, 0.78228974), (0.2239666, -0.87456065, 0.43009612), (0.47978634, -0.47352326, 0.7386344), (0.5660007, 0.57981974, 0.586048), (0.61945224, 0.10006442, 0.77863085), (0.49782735, -0.4059364, 0.7664095), (0.5346517, 0.6385034, 0.5535892), (0.26269326, -0.82250035, 0.50446546), (0.6131474, 0.1733872, 0.77070564), (0.5128219, -0.33721915, 0.78949153), (0.5003688, 0.6936942, 0.5180922), (0.29885873, -0.76243305, 0.5739158), (0.6034826, 0.2457607, 0.7585581), (0.5250037, -0.26665866, 0.8082477), (0.46334064, 0.74508536, 0.47975338), (0.5905133, 0.31678018, 0.7422562), (0.33210793, -0.6949516, 0.63776684), (0.5343094, -0.19464603, 0.82257307), (0.42377344, 0.7923917, 0.43878403), (0.5743074, 0.38607192, 0.7218861), (0.5406887, -0.12156189, 0.83239317), (0.38187277, 0.8353641, 0.39539856), (0.36211887, -0.6207171, 0.6953993), (0.5549528, 0.45325598, 0.69755745), (0.5441056, -0.04781089, 0.8376534), (0.3339311, 0.8768928, 0.34575868), (0.5864392, 0.5361013, 0.60719395), (0.3873575, -0.54462576, 0.7438662), (0.53255737, 0.5179543, 0.66940725), (0.5445406, 0.026196705, 0.83832526), (0.1817249, -0.87456006, 0.44957846), (0.4068028, -0.47352585, 0.78120726), (0.507244, 0.5798132, 0.63758934), (0.5419941, 0.10006376, 0.83440375), (0.42210197, -0.40592963, 0.81058687), (0.47914654, 0.6385055, 0.6022701), (0.21314734, -0.8224994, 0.52731675), (0.53647745, 0.17338964, 0.8259104), (0.43481365, -0.33721718, 0.834998), (0.44842264, 0.6936956, 0.563652), (0.24249014, -0.7624349, 0.59990966), (0.5280221, 0.24575882, 0.81289315), (0.44514284, -0.26665905, 0.8548338), (0.41524005, 0.74508506, 0.5219425), (0.51667386, 0.31678253, 0.7954225), (0.26946923, -0.6949532, 0.6666531), (0.45303264, -0.19464442, 0.86998564), (0.37977776, 0.792394, 0.4773684), (0.50249416, 0.386073, 0.7735938), (0.45844048, -0.12156592, 0.8803716), (0.34223074, 0.83536196, 0.43017268), (0.29382163, -0.6207141, 0.72689945), (0.4855616, 0.45324972, 0.74752563), (0.46133882, -0.04781031, 0.8859349), (0.2992657, 0.8768913, 0.37616703), (0.5255577, 0.53610367, 0.66059214), (0.31429896, -0.54462403, 0.77756083), (0.46596515, 0.51795524, 0.71735543), (0.46170753, 0.026199963, 0.8866452), (0.13780996, -0.8745608, 0.46492133), (0.3300756, -0.4735283, 0.81659114), (0.44381475, 0.57981807, 0.6832565), (0.45954838, 0.10006265, 0.882498), (0.34248963, -0.4059297, 0.84730273), (0.41923347, 0.6385018, 0.6454136), (0.16163974, -0.8224993, 0.54531413), (0.45487037, 0.17338416, 0.8735164), (0.35280293, -0.33721957, 0.872819), (0.39235055, 0.6936949, 0.60402685), (0.183891, -0.7624356, 0.62038374), (0.4477019, 0.24575521, 0.8597484), (0.3611848, -0.2666619, 0.893553), (0.36331525, 0.745088, 0.5593263), (0.4380793, 0.31678542, 0.841269), (0.2043505, -0.6949552, 0.6894042), (0.36758646, -0.19464438, 0.909392), (0.33228853, 0.7923944, 0.51156175), (0.426057, 0.38607395, 0.81818235), (0.3719754, -0.121561795, 0.9202483), (0.299437, 0.8353621, 0.46098557), (0.22281848, -0.6207144, 0.7517084), (0.41169894, 0.45325598, 0.7906093), (0.37432554, -0.04781214, 0.9260639), (0.26184368, 0.87689203, 0.4031107), (0.45983914, 0.536106, 0.70791125), (0.2383481, -0.5446221, 0.80410004), (0.39508274, 0.51795715, 0.7587029), (0.37462586, 0.026197327, 0.9268059), (0.0926273, -0.87456053, 0.4759875), (0.25031206, -0.47352648, 0.8444623), (0.3763046, 0.57981503, 0.7226406), (0.37287372, 0.10006714, 0.92247045), (0.25972596, -0.40592957, 0.8762212), (0.3554612, 0.63850296, 0.68261355), (0.10864429, -0.8225, 0.55829215), (0.3690782, 0.17338745, 0.91308165), (0.26754695, -0.33721873, 0.9026085), (0.3326681, 0.69369423, 0.6388429), (0.12360053, -0.76243514, 0.63515), (0.36326107, 0.24575558, 0.89869106), (0.27390343, -0.26666054, 0.92405033), (0.30805013, 0.7450866, 0.5915666), (0.3554538, 0.3167791, 0.8793768), (0.13735151, -0.6949549, 0.7058132), (0.27875757, -0.19464432, 0.94042957), (0.2817421, 0.79239565, 0.5410457), (0.34569898, 0.38607267, 0.8552427), (0.2820862, -0.12156223, 0.95165646), (0.25388807, 0.83536184, 0.48755664), (0.1497649, -0.62071455, 0.76959985), (0.3340485, 0.45325774, 0.8264194), (0.28386828, -0.04781189, 0.9576705), (0.22201428, 0.8768906, 0.4263479), (0.38988927, 0.5361098, 0.74871397), (0.16020273, -0.54462135, 0.82323915), (0.32056746, 0.5179553, 0.79306924), (0.28409573, 0.02619539, 0.95843804), (0.046592243, -0.8745604, 0.48267302), (0.16824372, -0.47352785, 0.86456084), (0.30533066, 0.5798152, 0.7553724), (0.2827673, 0.100063704, 0.9539549), (0.1745719, -0.40593135, 0.8970755), (0.28841794, 0.63850385, 0.713532), (0.054648336, -0.8225, 0.5661337), (0.27988946, 0.17338645, 0.9442452), (0.1798287, -0.3372177, 0.92409194), (0.26992399, 0.6936947, 0.6677789), (0.062170953, -0.76243484, 0.64407134), (0.2754778, 0.24575862, 0.92936254), (0.1841006, -0.26666206, 0.9460435), (0.24994951, 0.74508524, 0.6183633), (0.269557, 0.31678173, 0.909389), (0.069087304, -0.69495344, 0.71572804), (0.18736444, -0.19464247, 0.962813), (0.22860332, 0.79239553, 0.5655527), (0.26215953, 0.38607657, 0.88443047), (0.18960004, -0.12156152, 0.97430724), (0.20600104, 0.83536434, 0.50963706), (0.07532982, -0.6207146, 0.7804094), (0.25332376, 0.45325696, 0.85462576), (0.19079967, -0.047812674, 0.98046386), (0.1801407, 0.8768906, 0.44565934), (0.31635213, 0.5361117, 0.78262734), (0.08058032, -0.5446219, 0.8348017), (0.24310192, 0.5179515, 0.8201389), (0.19095148, 0.026198974, 0.9812498), (0.08462364, -0.47352648, 0.87670493), (0.23154634, 0.57981545, 0.7811532), (0.19005816, 0.10006249, 0.9766603), (0.08780642, -0.40593138, 0.90967566), (0.21872036, 0.6385049, 0.73788404), (0.1881247, 0.17338501, 0.96671957), (0.09044989, -0.3372188, 0.93707114), (0.20469551, 0.6936949, 0.6905701), (0.18515885, 0.24575773, 0.9514827), (0.09259922, -0.2666604, 0.95933187), (0.1895484, 0.74508494, 0.63946843), (0.18117969, 0.31678137, 0.93103355), (0.09423951, -0.1946429, 0.97633654), (0.17336056, 0.79239464, 0.5848563), (0.17620766, 0.38607392, 0.90548205), (0.09536454, -0.12156241, 0.987992), (0.15622076, 0.835363, 0.527033), (0.17026992, 0.45325527, 0.87496734), (0.09596786, -0.04781401, 0.9942354), (0.13660857, 0.8768915, 0.46086812), (0.23990273, 0.53611624, 0.8093368), (0.16339807, 0.51795375, 0.83965766), (0.096044786, 0.02619809, 0.9950322), (0.15563133, 0.579817, 0.7997444), (0.09559459, 0.10006508, 0.990378), (0.14701012, 0.6385046, 0.7554468), (0.094622225, 0.17338464, 0.9802981), (0.13758403, 0.69369453, 0.70700675), (0.093131386, 0.24575716, 0.96484715), (0.12740256, 0.74508595, 0.65468735), (0.0911291, 0.3167822, 0.94411045), (0.1165222, 0.79239506, 0.598776), (0.08862923, 0.38607416, 0.9182002), (0.105001986, 0.83536255, 0.5395776), (0.08564242, 0.45325524, 0.88725704), (0.091820315, 0.87689096, 0.47183818), (0.1612472, 0.536119, 0.8285987), (0.08218669, 0.51795423, 0.851451), (0.07828005, 0.57981646, 0.8109779), (0.07394452, 0.6385035, 0.76605844), (0.06920367, 0.69369465, 0.71693695), (0.064082816, 0.7450856, 0.6638832), (0.05861083, 0.79239464, 0.6071865), (0.052816227, 0.83536285, 0.5471557), (0.046737432, 0.8767124, 0.47873893), (0.8203182, -0.5589357, 0.12111523), (-0.30151135, -0.90453404, -0.30151135), (0.30151135, -0.90453404, -0.30151135), (-0.30151135, -0.90453404, -0.30151135), (-0.30151135, -0.90453404, -0.30151135), (0.30151135, -0.90453404, -0.30151135), (-0.30151135, -0.90453404, -0.30151135), (0.30151135, -0.90453404, -0.30151135), (-0.30151135, -0.90453404, -0.30151135), (0.30151135, -0.90453404, -0.30151135), (0.30151135, -0.90453404, -0.30151135), (0.57735026, 0.57735026, 0.57735026), (0.30151135, 0.90453404, 0.30151135), (0.30151135, 0.90453404, -0.30151135), (-0.57735026, 0.57735026, 0.57735026), (-0.30151135, 0.90453404, 0.30151135), (-0.30151135, 0.90453404, -0.30151135), (0.57735026, 0.57735026, 0.57735026), (0.30151135, 0.90453404, 0.30151135), (0.30151135, 0.90453404, -0.30151135), (-0.57735026, 0.57735026, 0.57735026), (-0.90453404, 0.30151135, -0.30151135), (-0.30151135, 0.90453404, 0.30151135), (-0.30151135, 0.90453404, -0.30151135), (-0.57735026, 0.57735026, -0.57735026), (0.57735026, 0.57735026, 0.57735026), (0.90453404, 0.30151135, -0.30151135), (0.30151135, 0.90453404, 0.30151135), (0.30151135, 0.90453404, -0.30151135), (0.57735026, 0.57735026, -0.57735026), (-0.57735026, 0.57735026, 0.57735026), (-0.90453404, 0.30151135, -0.30151135), (-0.30151135, 0.90453404, 0.30151135), (-0.30151135, 0.90453404, -0.30151135), (-0.57735026, 0.57735026, -0.57735026), (0.57735026, 0.57735026, 0.57735026), (0.90453404, 0.30151135, -0.30151135), (0.30151135, 0.90453404, 0.30151135), (0.30151135, 0.90453404, -0.30151135), (0.57735026, 0.57735026, -0.57735026), (-0.57735026, 0.57735026, 0.57735026), (-0.30151135, 0.90453404, 0.30151135), (-0.30151135, 0.90453404, -0.30151135), (0.57735026, 0.57735026, 0.57735026), (0.30151135, 0.90453404, 0.30151135), (0.30151135, 0.90453404, -0.30151135), (-0.57735026, 0.57735026, 0.57735026), (-0.30151135, 0.90453404, 0.30151135), (-0.30151135, 0.90453404, -0.30151135), (-0.30151135, 0.30151135, -0.90453404), (-0.57735026, 0.57735026, -0.57735026), (0.57735026, 0.57735026, -0.57735026), (0.30151135, 0.30151135, -0.90453404), (-0.46021175, 0.71850115, 0.52149904), (-0.509859, 0.71850556, 0.4730682), (-0.5544333, 0.7184913, 0.41996896), (-0.40600583, 0.71849775, 0.5647302), (-0.59347504, 0.71850455, 0.3626825), (-0.34777156, 0.7184978, 0.60234195), (-0.62664914, 0.7185053, 0.30176303), (-0.2860667, 0.71850276, 0.63397133), (-0.65359116, 0.71849597, 0.23787001), (-0.2215146, 0.71850044, 0.659309), (-0.6740207, 0.7184982, 0.17162867), (-0.15476727, 0.7185001, 0.678089), (-0.68775845, 0.71849793, 0.10367743), (-0.08648375, 0.7184998, 0.69012946), (-0.69465804, 0.71850365, 0.03467944), (-0.6946581, 0.71850365, -0.034679424), (-0.68775845, 0.718498, -0.10367744), (-0.6740207, 0.7184982, -0.17162874), (-0.6535912, 0.7184959, -0.23786996), (-0.62664914, 0.7185054, -0.30176294), (-0.59347504, 0.71850455, -0.36268252), (-0.5544332, 0.7184914, -0.41996896), (-0.5098591, 0.7185055, -0.47306824), (-0.46021193, 0.7185011, -0.5214989), (-0.4060057, 0.7184979, -0.56473017), (-0.34777164, 0.7184977, -0.60234207), (-0.28606677, 0.7185028, -0.6339712), (-0.22151454, 0.71850044, -0.6593091), (-0.15476689, 0.71850026, -0.67808896), (-0.0864837, 0.71849954, -0.6901297), (-0.017340587, 0.7185003, -0.6953104), (-0.017340444, 0.7185002, 0.6953106), (0.051975578, 0.7184999, 0.6935823), (0.120779224, 0.7185017, 0.68495816), (0.18838033, 0.7184989, 0.66953135), (0.25410178, 0.71849924, 0.6474497), (0.31730145, 0.7185002, 0.61893237), (0.37735385, 0.71850187, 0.5842595), (0.43365696, 0.7185, 0.5437825), (0.4856424, 0.7184984, 0.4979071), (0.5328053, 0.7185049, 0.44706732), (0.5746798, 0.71849597, 0.39179936), (0.6108229, 0.71849656, 0.33265305), (0.6409034, 0.7185089, 0.27016252), (0.6646349, 0.718496, 0.20499742), (0.69206715, 0.71850234, -0.0692638), (0.69552493, 0.718502, 7.404109e-9), (0.68173814, 0.7184967, -0.13782462), (0.6646348, 0.7184961, -0.20499745), (0.6409034, 0.71850884, -0.2701626), (0.610823, 0.71849656, -0.332653), (0.5746798, 0.71849597, -0.3917993), (0.5328054, 0.7185049, -0.4470673), (0.48564243, 0.7184984, -0.49790704), (0.4336571, 0.71849996, -0.5437824), (0.37735352, 0.71850204, -0.5842595), (0.31730145, 0.71849996, -0.6189326), (0.25410184, 0.7184994, -0.6474495), (0.18838029, 0.7184988, -0.66953146), (0.12077922, 0.71850175, -0.6849581), (0.05197566, 0.71849984, -0.6935824), (0.6817381, 0.71849674, 0.13782462), (0.69206715, 0.71850234, 0.069263786), (-0.57735026, 0.57735026, 0.57735026), (0.57735026, 0.57735026, 0.57735026), (-0.46022335, 0.7184972, 0.52149427), (-0.509859, 0.71850556, 0.4730682), (-0.5544333, 0.7184913, 0.41996896), (-0.4060026, 0.71850514, 0.56472313), (-0.5934788, 0.71851015, 0.36266527), (-0.3477644, 0.7184944, 0.6023502), (-0.62665945, 0.71849394, 0.3017689), (-0.28605938, 0.7185051, 0.633972), (-0.6535795, 0.7185018, 0.2378844), (-0.22151966, 0.7184947, 0.65931356), (-0.6740224, 0.718492, 0.17164831), (-0.15477653, 0.71850353, 0.67808324), (-0.6877493, 0.7185042, 0.10369489), (-0.08648375, 0.7184998, 0.69012946), (-0.69465804, 0.71850365, 0.03467944), (-0.017340444, 0.7185002, 0.6953106), (-0.6946581, 0.71850365, -0.034679424), (0.051975578, 0.7184999, 0.6935823), (-0.6877493, 0.7185042, -0.10369491), (-0.6740223, 0.718492, -0.17164838), (-0.6535796, 0.71850175, -0.23788436), (-0.6266594, 0.71849394, -0.3017688), (-0.59347886, 0.7185101, -0.36266527), (-0.5544332, 0.7184914, -0.41996896), (-0.5098591, 0.7185055, -0.47306824), (-0.46022353, 0.71849716, -0.52149415), (-0.40600252, 0.71850526, -0.5647231), (-0.34776446, 0.7184943, -0.6023503), (-0.28605947, 0.71850514, -0.63397187), (-0.2215196, 0.71849465, -0.6593136), (-0.15477614, 0.71850365, -0.6780832), (-0.0864837, 0.71849954, -0.6901297), (-0.017340587, 0.7185003, -0.6953104), (0.05197566, 0.71849984, -0.6935824), (0.12077139, 0.71849895, -0.68496245), (0.18837662, 0.71850365, -0.6695273), (0.6409034, 0.7185089, 0.27016252), (0.61083555, 0.7184912, 0.33264145), (0.6646349, 0.718496, 0.20499742), (0.68173546, 0.718503, 0.13780493), (0.69207543, 0.7184961, 0.069245726), (0.69552493, 0.718502, 7.404109e-9), (0.69207543, 0.7184961, -0.06924574), (0.6817355, 0.71850294, -0.13780491), (0.6646348, 0.7184961, -0.20499745), (0.6409034, 0.71850884, -0.2701626), (0.6108356, 0.71849114, -0.33264142), (0.57467145, 0.7185064, -0.39179236), (0.532787, 0.7185045, -0.44708985), (0.48563582, 0.7184938, -0.49792022), (0.43366817, 0.71849626, -0.5437785), (0.37735102, 0.7185089, -0.58425266), (0.31730267, 0.7184942, -0.6189387), (0.25411454, 0.7185, -0.6474439), (0.1207714, 0.7184989, 0.6849625), (0.18837667, 0.7185037, 0.6695272), (0.25411445, 0.71849984, 0.64744407), (0.31730267, 0.7184944, 0.61893845), (0.3773513, 0.7185087, 0.58425266), (0.43366805, 0.7184963, 0.54377854), (0.48563576, 0.71849376, 0.49792027), (0.53278697, 0.7185045, 0.44708988), (0.57467145, 0.7185064, 0.39179242), (0.90453404, -0.30151135, 0.30151135), (0.5709306, -0.54230785, 0.6163931), (0.90453404, 0.30151135, 0.30151135), (0.5709306, 0.5423078, 0.6163931), (0.70353705, -0.21288368, -0.6780237), (0.67587024, -0.10690393, -0.7292263), (0.7019142, -0.22849841, -0.67461467), (0.29842943, -0.051521294, -0.9530401), (0.69704074, -0.29951173, -0.65148056), (0.5751727, 0.33006334, -0.7484881), (0.6986603, -0.35391524, -0.62178594), (0.6983479, -0.40527368, -0.589969), (-0.012310512, 0.05615092, -0.9983464), (-0.7118715, -0.4627882, -0.52826697), (-0.71144676, -0.47938472, -0.5138422), (-0.0054479525, -0.7072831, -0.7069094), (-0.7118658, -0.5132516, -0.4793953), (-0.7114035, -0.5284221, -0.46333048), (-0.012830026, -0.99830014, 0.056852765), (0.69774806, -0.5904864, -0.4055533), (0.69821525, -0.62198466, -0.35444403), (0.29392377, -0.9547086, -0.04626331), (0.69587326, -0.6524782, -0.30005425), (0.5751727, -0.7484882, 0.3300633), (0.69789344, -0.694055, -0.17672692), (0.6978934, -0.70820093, -0.10675337), (0.6978929, -0.7153109, -0.035719257), (0.6978922, -0.71531403, 0.03566996), (0.69789124, -0.70821035, 0.10670492), (0.6978899, -0.6940705, 0.17668), (0.29389647, -0.9547346, 0.045898687), (0.69603956, -0.6523462, 0.29995558), (0.5751727, -0.7484882, -0.33006334), (0.69829315, -0.62193775, 0.35437286), (0.697716, -0.59038013, 0.40576303), (-0.012944732, -0.99829453, -0.05692471), (-0.71151716, -0.52827656, 0.46332195), (-0.71188176, -0.5133612, 0.47925428), (-0.0053907875, -0.7072377, 0.70695525), (-0.7115648, -0.4792375, 0.51381606), (-0.7118892, -0.4629101, 0.52813643), (-0.0123415375, 0.056267183, 0.9983395), (0.6982751, -0.4053469, 0.5900049), (0.69862926, -0.35397246, 0.62178826), (0.29412603, -0.04456735, 0.954727), (0.6969226, -0.29954532, 0.6515915), (0.5751727, 0.33006334, 0.7484881), (0.698004, -0.1835769, 0.6921632), (0.6975295, -0.12163827, 0.7061563), (0.6758703, 0.10690356, -0.72922623), (0.6975295, 0.12163829, 0.7061563), (0.69800407, 0.18357691, 0.69216317), (0.294126, 0.04456732, 0.954727), (0.6969227, 0.29954517, 0.6515915), (0.5751727, -0.33006325, 0.7484882), (0.6986292, 0.3539725, 0.6217883), (0.6982752, 0.40534693, 0.59000474), (-0.012342535, -0.056268524, 0.99833935), (-0.7118892, 0.46291006, 0.5281364), (-0.7115647, 0.47923762, 0.5138161), (-0.005390841, 0.7072377, 0.70695525), (-0.7118815, 0.51336116, 0.4792546), (-0.71151763, 0.5282762, 0.4633216), (-0.012946529, 0.99829435, -0.05692765), (0.69771606, 0.59038013, 0.40576306), (0.69829315, 0.6219378, 0.3543728), (0.29389668, 0.95473456, 0.04589884), (0.6960396, 0.6523462, 0.29995552), (0.5751727, 0.7484881, -0.33006334), (0.69788986, 0.69407046, 0.1766802), (0.6978911, 0.70821047, 0.10670487), (0.69789237, 0.71531385, 0.035669863), (0.697893, 0.71531075, -0.035719216), (0.6978931, 0.70820117, -0.10675339), (0.6978934, 0.694055, -0.17672698), (0.2939241, 0.9547085, -0.046263453), (0.6958733, 0.6524782, -0.30005416), (0.5751727, 0.7484882, 0.3300633), (0.69821525, 0.62198466, -0.354444), (0.697748, 0.5904864, -0.40555337), (-0.012831866, 0.99829996, 0.056855723), (-0.711404, 0.52842176, -0.4633301), (-0.71186566, 0.5132514, -0.47939572), (-0.00544801, 0.7072831, -0.7069095), (-0.71144676, 0.4793848, -0.5138421), (-0.71187156, 0.46278825, -0.5282669), (-0.012311407, -0.05615226, -0.9983463), (0.69834805, 0.40527365, -0.5899689), (0.6986602, 0.35391536, -0.621786), (0.29842958, 0.051521424, -0.95304006), (0.69704086, 0.29951158, -0.65148056), (0.70191413, 0.22849856, -0.67461467), (0.70353687, 0.21288359, -0.67802393), (0.5751727, -0.33006325, -0.7484882), (0.6971223, -0.5376519, -0.47428995), (0.696966, -0.487824, -0.5256102), (0.6967937, -0.43311885, -0.57174003), (0.69726336, -0.58211434, -0.4182903), (0.69660455, -0.37407312, -0.61221844), (0.6973897, -0.6207761, -0.3581683), (0.6963978, -0.31126678, -0.6466398), (0.6975023, -0.6532597, -0.29452044), (0.6945313, -0.6835522, -0.22446066), (0.6961727, -0.24531744, -0.6746576), (0.69581443, -0.69955945, -0.16266178), (0.6960578, -0.17716832, -0.6957837), (0.6971197, -0.7113976, -0.0890932), (0.6960578, -0.1070102, -0.7099664), (0.6971197, -0.7167333, -0.01781816), (0.6960578, -0.035788618, -0.7170932), (0.6971197, -0.7149458, 0.053633995), (0.6960578, 0.035788592, -0.7170932), (0.6971197, -0.70605284, 0.12455311), (0.6960578, 0.10701018, -0.7099665), (0.69727916, -0.6901721, 0.19355677), (0.6960578, 0.1771684, -0.6957837), (0.6961728, 0.24531741, -0.6746576), (0.6976015, -0.6668756, 0.26197147), (0.69639766, 0.31126675, -0.64664006), (0.69768834, -0.63740444, 0.32702675), (0.6966047, 0.37407312, -0.6122182), (0.6977627, -0.6016215, 0.3888171), (0.6967936, 0.43311873, -0.57174015), (0.69782573, -0.5598823, 0.4467338), (0.6969659, 0.4878242, -0.52561027), (0.6978775, -0.5126016, 0.5002065), (0.69712234, 0.5376519, -0.47428986), (0.6979183, -0.4602482, 0.5487091), (0.69726306, 0.58211446, -0.4182906), (0.6979487, -0.40333942, 0.5917642), (0.6973898, 0.6207761, -0.35816827), (0.69796896, -0.34243825, 0.6289478), (0.6975024, 0.6532597, -0.29452026), (0.69797903, -0.27814662, 0.6598937), (0.69453096, 0.68355256, -0.22446083), (0.6900318, -0.2042531, 0.6943607), (0.69581425, 0.6995597, -0.1626616), (0.69531935, -0.14792106, 0.7033139), (0.6971199, 0.71139735, -0.08909325), (0.6954741, -0.06983133, 0.7151499), (0.69711953, 0.71673346, -0.01781823), (0.69655174, -0.0009321301, 0.71750593), (0.69711983, 0.7149456, 0.05363432), (0.6974399, 0.07089373, 0.7131281), (0.6971198, 0.70605284, 0.12455293), (0.6979904, 0.14170898, 0.7019458), (0.69727916, 0.6901722, 0.19355662), (0.6982513, 0.21095623, 0.6840633), (0.6976012, 0.66687596, 0.26197138), (0.69797885, 0.27814674, 0.6598939), (0.69768876, 0.63740396, 0.3270269), (0.69796914, 0.3424381, 0.62894773), (0.6977626, 0.6016216, 0.38881713), (0.6979487, 0.40333942, 0.5917642), (0.6978258, 0.5598821, 0.44673392), (0.69791836, 0.4602483, 0.548709), (0.6978777, 0.5126016, 0.5002063), (0.0013648709, -0.5282454, -0.84909064), (-0.03879185, -0.47853675, -0.8772102), (0.0452806, -0.57296103, -0.8183308), (-0.074573345, -0.4243644, -0.90241545), (-0.10530507, -0.366185, -0.9245644), (0.092559285, -0.612249, -0.7852286), (-0.13167068, -0.30397832, -0.9435359), (0.14273986, -0.64573836, -0.75009817), (-0.15322356, -0.23943213, -0.9587465), (0.19535048, -0.6731206, -0.7132649), (0.72313243, -0.6665997, -0.18089859), (-0.16952771, -0.17268218, -0.9702789), (-0.18031159, -0.10438284, -0.9780552), (-0.1856419, -0.034969896, -0.981995), (-0.18553452, 0.034796227, -0.98202145), (0.886609, 0.44885442, -0.111598074), (-0.18001491, 0.10421025, -0.97812825), (-0.16938588, 0.17304759, -0.9702386), (-0.15333445, 0.23923005, -0.9587792), (-0.13163291, 0.30416048, -0.94348246), (-0.10544929, 0.3661662, -0.9245554), (-0.07457177, 0.42435834, -0.90241843), (-0.038798973, 0.47854084, -0.8772077), (0.0013667014, 0.52824897, -0.84908843), (0.0452899, 0.5729537, -0.8183354), (0.092565134, 0.61224234, -0.7852331), (0.14274181, 0.6457354, -0.75010043), (0.19534507, 0.67312765, -0.71325976), (0.7231324, 0.66660005, -0.18089755), (0.88661134, -0.44884998, -0.111597456), (0.6289949, -0.65142673, -0.42427427), (0.6232877, -0.6542905, -0.42827138), (0.6289928, 0.6514305, -0.42427152), (0.6232884, 0.65428793, -0.42827427), (0.5625073, -0.67568177, -0.47648683), (0.85982966, -0.49632132, -0.11982552), (0.18470939, -0.48901013, 0.8524972), (-0.23453745, -0.6620376, 0.71182746), (0.5910271, -0.6650207, -0.45654622), (0.6068541, -0.77866805, 0.15938695), (-0.18307355, -0.6377464, 0.74817353), (-0.13426366, -0.60779154, 0.7826638), (-0.08755758, -0.5722884, 0.8153647), (-0.043878943, -0.5314502, 0.84595233), (-0.0036246907, -0.48566648, 0.8741367), (0.032833476, -0.4353508, 0.89966196), (0.065147005, -0.38098454, 0.9222834), (0.09301734, -0.32307613, 0.94179064), (0.11617833, -0.26215014, 0.9580083), (0.13442087, -0.19877614, 0.9707827), (0.14758633, -0.13355587, 0.97999036), (0.15552491, -0.06709557, 0.9855507), (0.15818207, -0.0000012189395, 0.98740995), (0.15553075, 0.06709336, 0.9855499), (0.14759777, 0.133555, 0.97998875), (0.13443798, 0.19877736, 0.9707801), (0.11620069, 0.26215395, 0.95800453), (0.093044855, 0.32308322, 0.94178545), (0.065178245, 0.38099605, 0.92227644), (0.03286939, 0.43536723, 0.8996527), (-0.0035858098, 0.48568735, 0.87412524), (-0.04383772, 0.53147674, 0.8459378), (-0.08752193, 0.57231903, 0.8153471), (-0.1342416, 0.60782087, 0.78264487), (-0.23453666, 0.6620377, 0.7118277), (0.6068543, 0.7786677, 0.15938787), (-0.18307416, 0.63776284, 0.74815935), (0.591028, 0.66501975, -0.45654643), (0.5625072, 0.675682, -0.47648653), (0.18470968, 0.4890094, 0.8524976), (0.8598299, 0.49632084, -0.11982542), (0.30151135, 0.30151135, 0.90453404), (-0.30151135, 0.30151135, 0.90453404), (0.7179874, 0.69605607, 7.64323e-9), (0.71441865, 0.69605577, 0.07150078), (0.7037451, 0.696061, 0.14227371), (0.6860885, 0.6960617, 0.21161449), (0.6616145, 0.6960496, 0.27889293), (0.6305405, 0.6960612, 0.3433912), (0.5932296, 0.6960618, 0.4044461), (0.5500171, 0.6960533, 0.4615094), (0.5013217, 0.69605947, 0.51398236), (0.44765982, 0.6960579, 0.5613413), (0.38954064, 0.6960562, 0.6031284), (0.3275473, 0.6960578, 0.63891804), (0.2623062, 0.69605863, 0.6683546), (0.19446255, 0.69605905, 0.69114846), (0.12467978, 0.69605637, 0.7070788), (0.053653862, 0.69605803, 0.71597797), (-0.017900378, 0.6960578, 0.7177626), (-0.089276254, 0.69605815, 0.7124133), (-0.15976478, 0.69605786, 0.6999848), (-0.22866762, 0.69605756, 0.68059903), (-0.29530606, 0.69605535, 0.6544473), (-0.35899898, 0.69606, 0.6217879), (-0.4191132, 0.69606006, 0.58296186), (-0.47507352, 0.6960569, 0.53834003), (-0.52633053, 0.69605273, 0.4883511), (-0.57232237, 0.6960661, 0.43351945), (-0.6126461, 0.6960537, 0.37439826), (-0.6468932, 0.69605297, 0.31151158), (-0.6746882, 0.69606173, 0.24554813), (-0.69578147, 0.69605964, 0.1771697), (-0.70996225, 0.6960599, 0.10702458), (-0.71709585, 0.6960545, 0.035799604), (-0.71709585, 0.6960545, -0.035799585), (-0.70996225, 0.6960599, -0.107024595), (-0.69578147, 0.69605964, -0.17716977), (-0.67468816, 0.6960618, -0.24554804), (-0.64689326, 0.6960529, -0.31151152), (-0.6126461, 0.6960537, -0.37439826), (-0.57232237, 0.6960661, -0.4335195), (-0.5263305, 0.6960528, -0.48835108), (-0.4750737, 0.6960569, -0.53833985), (-0.41911322, 0.69605994, -0.582962), (-0.35899895, 0.6960601, -0.6217878), (-0.2953062, 0.6960553, -0.6544473), (-0.22866754, 0.69605756, -0.68059903), (-0.15976444, 0.69605774, -0.69998497), (-0.08927616, 0.6960584, -0.71241313), (-0.017900534, 0.6960577, -0.7177627), (0.053653933, 0.6960581, -0.7159779), (0.12467979, 0.6960563, -0.7070789), (0.19446246, 0.6960591, -0.6911484), (0.2623064, 0.6960585, -0.66835463), (0.32754713, 0.696058, -0.6389179), (0.3895405, 0.69605607, -0.6031287), (0.4476599, 0.696058, -0.56134117), (0.50132173, 0.6960594, -0.5139823), (0.5500171, 0.6960534, -0.46150935), (0.59322965, 0.69606173, -0.40444607), (0.6305405, 0.6960612, -0.34339115), (0.6616144, 0.69604963, -0.278893), (0.6860885, 0.6960617, -0.21161453), (0.7037451, 0.6960611, -0.1422737), (0.71441865, 0.69605577, -0.07150079), (0.7179874, 0.69605607, 7.64323e-9), (0.7144149, 0.6960617, 0.0714809), (0.7037546, 0.6960552, 0.14225583), (0.6860885, 0.6960617, 0.21161449), (0.6616145, 0.6960496, 0.27889293), (0.6305442, 0.69606626, 0.34337413), (0.5932381, 0.69605196, 0.40445057), (0.5499975, 0.69605374, 0.46153218), (0.5013084, 0.6960638, 0.5139893), (0.44766667, 0.69606143, 0.5613315), (0.3895454, 0.69604975, 0.6031328), (0.32754338, 0.6960632, 0.63891417), (0.26231974, 0.6960581, 0.6683498), (0.19446136, 0.69605446, 0.69115335), (0.12467074, 0.696059, 0.7070778), (0.053653862, 0.69605803, 0.71597797), (-0.017900378, 0.6960578, 0.7177626), (-0.089276254, 0.69605815, 0.7124133), (-0.15977584, 0.69605464, 0.69998544), (-0.22866923, 0.6960629, 0.68059295), (-0.2953004, 0.6960532, 0.65445215), (-0.3589882, 0.6960632, 0.6217905), (-0.41911843, 0.6960531, 0.5829664), (-0.4750803, 0.6960606, 0.5383292), (-0.52633053, 0.69605273, 0.4883511), (-0.57232237, 0.6960661, 0.43351945), (-0.6126594, 0.69604844, 0.3743862), (-0.6468835, 0.6960637, 0.31150782), (-0.674687, 0.69605625, 0.24556695), (-0.6957712, 0.6960655, 0.17718694), (-0.709965, 0.69605404, 0.10704444), (-0.71709585, 0.6960545, 0.035799604), (-0.71709585, 0.6960545, -0.035799585), (-0.709965, 0.69605404, -0.107044466), (-0.6957712, 0.6960655, -0.17718701), (-0.67468697, 0.6960563, -0.24556686), (-0.64688355, 0.69606364, -0.31150776), (-0.6126594, 0.69604844, -0.3743862), (-0.57232237, 0.6960661, -0.4335195), (-0.5263305, 0.6960528, -0.48835108), (-0.4750805, 0.6960606, -0.53832906), (-0.41911843, 0.696053, -0.5829665), (-0.35898817, 0.69606334, -0.6217904), (-0.29530054, 0.6960531, -0.6544522), (-0.22866915, 0.696063, -0.68059295), (-0.1597755, 0.6960545, -0.6999856), (-0.08927616, 0.6960584, -0.71241313), (-0.017900534, 0.6960577, -0.7177627), (0.053653933, 0.6960581, -0.7159779), (0.124670744, 0.696059, -0.70707786), (0.19446127, 0.6960545, -0.6911533), (0.26231992, 0.696058, -0.66834986), (0.32754317, 0.69606346, -0.63891405), (0.38954526, 0.6960496, -0.603133), (0.44766676, 0.69606143, -0.5613314), (0.50130844, 0.6960638, -0.5139893), (0.54999757, 0.69605374, -0.46153212), (0.5932382, 0.6960519, -0.4044505), (0.6305442, 0.69606626, -0.34337407), (0.6616144, 0.69604963, -0.278893), (0.6860885, 0.6960617, -0.21161453), (0.70375454, 0.6960552, -0.14225581), (0.7144149, 0.6960617, -0.071480915), (0.58001786, 0.36256507, 0.72946954), (0.7190126, -0.17310919, 0.6730929), (0.7242565, -0.04339478, 0.6881638), (0.7163034, 0.03482785, 0.6969192), (0.71933895, -0.0981505, 0.68769026), (0.7165675, 0.104141414, 0.6896996), (0.7171213, 0.17241405, 0.67528546), (0.57945204, -0.36179638, 0.7303004), (0.5800179, 0.36256525, -0.7294694), (0.7185002, -0.1716264, -0.6740192), (0.71850014, -0.10366287, -0.6877583), (0.71850014, -0.03466913, -0.6946622), (0.71850014, 0.034669105, -0.6946622), (0.7185002, 0.10366284, -0.6877583), (0.7185002, 0.17162648, -0.67401916), (0.5800179, -0.36256516, -0.7294695), (0.30877748, -0.011075483, -0.95106983), (0.90453404, -4.3022084e-9, 0.42640144), (0.90453404, 0.42640144, 5.6160863e-9), (0.71736664, -0.5156089, -0.46854302), (0.7175204, -0.4677406, -0.5161232), (0.7172276, -0.5586529, -0.41652313), (0.71768945, -0.41550493, -0.5588179), (0.7171024, -0.59646124, -0.36055252), (0.71787447, -0.35939986, -0.5962281), (0.7169906, -0.628672, -0.30115786), (0.71807635, -0.29995942, -0.6280054), (0.30847284, -0.9512093, -0.0067372746), (-0.5773503, -3.2405146e-7, -0.81649655), (-0.57735026, -0.81649655, 1.9118197e-8), (0.5800179, -0.7294694, 0.36256528), (0.71838295, -0.67385423, -0.17276105), (0.7174505, -0.68882084, -0.103878126), (0.7174505, -0.6957409, -0.034777522), (0.71745044, -0.6957463, 0.034668703), (0.7174505, -0.68883705, 0.1037704), (0.7178046, -0.67454946, 0.17245182), (0.5800179, -0.7294694, -0.3625653), (0.30666983, -0.9517315, 0.012678027), (0.71680427, -0.62925196, 0.3003892), (0.7167289, -0.597263, 0.3599675), (0.904534, 3.3113714e-8, -0.42640156), (0.7166644, -0.55963564, 0.41617322), (0.71661067, -0.51672345, 0.46847197), (0.71656704, -0.46893153, 0.5163671), (0.9045341, 0.42640132, 3.3113697e-8), (0.7165335, -0.41671035, 0.5594035), (0.7165098, -0.3605536, 0.5971723), (0.7164956, -0.30099297, 0.62931496), (0.3080146, -0.0025057255, 0.95137835), (-0.57735, -0.81649673, -0.000002002629), (-0.5773497, 0.0000040998307, 0.81649697), (0.30687377, 0.014346492, 0.9516421), (0.90453404, -0.42640144, 0), (0.71650994, 0.36055338, 0.59717226), (0.7165335, 0.41671044, 0.5594034), (0.71656716, 0.46893153, 0.51636684), (0.90453404, 2.1310518e-17, -0.42640144), (0.7166107, 0.5167235, 0.46847188), (0.7166643, 0.5596356, 0.41617334), (0.71672887, 0.597263, 0.35996762), (0.71649545, 0.30099297, 0.6293151), (0.3066693, 0.9517317, 0.012677903), (0.7168046, 0.62925154, 0.3003892), (-0.5773495, -0.0000061024616, 0.81649715), (-0.5773495, 0.81649715, -0.0000061024616), (0.58001786, 0.72946954, -0.36256513), (0.7183831, 0.6738541, -0.17276108), (0.58001786, 0.72946954, 0.36256507), (0.7174503, 0.688821, -0.103878126), (0.71745056, 0.69574076, -0.034777794), (0.71745056, 0.6957462, 0.034668993), (0.7174504, 0.6888372, 0.103770405), (0.71780473, 0.6745493, 0.1724518), (0.30847248, 0.9512094, -0.0067373575), (0.30877748, 0.011075615, -0.95106983), (0.71807617, 0.29995924, -0.6280056), (0.71787465, 0.35939983, -0.59622794), (0.904534, -0.42640153, 3.87298e-8), (0.7176895, 0.4155049, -0.5588179), (0.7175204, 0.46774068, -0.5161231), (0.9045341, 3.7415905e-8, 0.42640135), (0.7173666, 0.5156091, -0.46854293), (0.71722746, 0.55865294, -0.41652334), (0.7171022, 0.5964613, -0.36055282), (0.71699095, 0.62867177, -0.3011575), (-0.5773497, 0.81649697, 0.0000040807126), (-0.5773501, -0.0000016403409, -0.81649673), (0.0010906075, 0.086748555, 0.99622965), (-0.00041264665, -0.010307008, 0.9999468), (2.708671e-8, 0.17364833, 0.9848077), (-0.0010907276, 0.25921413, 0.96581924), (0.7060004, 0.27994475, -0.650534), (0.2141406, 0.6525685, -0.7268412), (0.16314131, 0.6260195, -0.7625513), (0.1144931, 0.5935462, -0.7966142), (0.06866624, 0.5554569, -0.8287054), (0.026082272, 0.51211685, -0.8585197), (-0.012849154, 0.46392646, -0.8857805), (-0.047797382, 0.4114601, -0.9101736), (-0.7255884, 0.54713595, -0.41732928), (-0.07859445, 0.35517502, -0.93149), (-0.935619, 0.22752681, -0.26990482), (-0.10483118, 0.2952885, -0.94963944), (-0.94185567, 0.19102873, -0.27643436), (-0.36769527, 0.8576177, -0.35957217), (-0.12587915, 0.23247474, -0.96442205), (-0.94656366, 0.15735342, -0.28152648), (0.37890625, 0.620612, -0.6864916), (-0.14177318, 0.16777705, -0.97557735), (-0.9500513, 0.1263321, -0.28538173), (0.35962766, 0.55380875, -0.7509752), (-0.95265037, 0.09633882, -0.28840277), (-0.15257339, 0.10124749, -0.9830922), (0.34408027, 0.47777915, -0.808292), (-0.95431507, 0.06866192, -0.29080626), (-0.9553583, 0.043068115, -0.29229373), (-0.15792823, 0.033848748, -0.9868703), (0.3328825, 0.40093118, -0.853489), (-0.9560026, 0.017615302, -0.29282883), (0.32269865, 0.31416973, -0.89283985), (-0.9561089, -0.00738393, -0.29291835), (-0.1578987, -0.033875354, -0.9868741), (0.31560314, 0.22731124, -0.9212623), (-0.9556902, -0.03289319, -0.2925308), (0.3117079, 0.14580074, -0.9389251), (-0.95477206, -0.057836454, -0.29165944), (-0.1524777, -0.101272926, -0.98310447), (0.309301, 0.058316085, -0.94917446), (-0.95327985, -0.08344559, -0.2903349), (0.30921853, -0.023499217, -0.95070064), (-0.9513511, -0.108326934, -0.28843778), (-0.14173727, -0.16769943, -0.97559595), (0.3107043, -0.112975694, -0.9437687), (-0.9487666, -0.13405463, -0.28613156), (0.31366828, -0.19106881, -0.93011016), (-0.12581801, -0.23252527, -0.9644179), (-0.94583464, -0.15885091, -0.28313115), (0.31910023, -0.2749126, -0.90697193), (-0.94214356, -0.18462479, -0.2797841), (0.32475626, -0.3441953, -0.8809444), (-0.10485137, -0.295201, -0.9496644), (-0.9381871, -0.20935714, -0.2756348), (0.33341175, -0.4162171, -0.8459314), (-0.93332124, -0.23446277, -0.2719166), (-0.07862651, -0.35522488, -0.9314683), (-0.9291311, -0.25457558, -0.26815417), (0.3416331, -0.47477943, -0.8110927), (-0.7204597, -0.554542, -0.41643846), (0.35286492, -0.5322202, -0.76956356), (-0.047797527, -0.4114602, -0.91017354), (0.36344194, -0.5792088, -0.72967607), (0.3748866, -0.6192074, -0.68995816), (0.38280186, -0.6464514, -0.6599722), (-0.36811677, -0.85859805, -0.3567904), (-0.012848821, -0.4639264, -0.8857806), (0.026082357, -0.5121172, -0.85851943), (0.068665795, -0.5554567, -0.82870555), (0.11449342, -0.5935459, -0.7966144), (0.21414071, -0.6525682, -0.72684145), (0.16314101, -0.6260198, -0.7625511), (0.70600057, -0.27994487, -0.6505337), (0.010529699, -0.5388428, -0.8423405), (-0.03153875, -0.4888529, -0.87179595), (-0.06931093, -0.43399075, -0.8982472), (0.056468885, -0.5834627, -0.8101744), (-0.10241964, -0.37480786, -0.92142785), (0.10582446, -0.62227255, -0.7756146), (-0.13052563, -0.31188923, -0.9411101), (0.1581004, -0.65488166, -0.739009), (0.21278158, -0.6809632, -0.70072323), (-0.15336019, -0.24586432, -0.95709527), (0.30689055, -0.72846234, -0.6125037), (0.8040924, -0.57735026, -0.141782), (-0.17068087, -0.17738591, -0.9692277), (-0.18233131, -0.10714393, -0.97738194), (-0.18818316, -0.035834257, -0.98148), (-0.18818271, 0.03583369, -0.9814801), (-0.18233076, 0.10714442, -0.977382), (-0.17068122, 0.17738654, -0.9692275), (-0.15336077, 0.24586396, -0.95709527), (-0.13052563, 0.3118893, -0.9411101), (-0.10241954, 0.3748076, -0.92142797), (-0.069310956, 0.43399152, -0.8982468), (-0.031539395, 0.4888528, -0.87179595), (0.010529649, 0.53884256, -0.8423407), (0.056468647, 0.5834628, -0.81017435), (0.10582458, 0.62227243, -0.77561474), (0.15810053, 0.65488183, -0.73900884), (0.21278183, 0.68096316, -0.70072323), (0.30689055, 0.72846234, -0.6125037), (0.8040924, 0.57735026, -0.141782), (0.14178199, -0.57735026, 0.80409235), (-0.83000755, -0.48885113, 0.26853684), (-0.7879408, -0.5388423, 0.29799026), (-0.7420005, -0.5834639, 0.33015925), (-0.86778075, -0.43399438, 0.24208555), (-0.6926465, -0.622272, 0.36471683), (-0.9008883, -0.37480783, 0.21890481), (-0.64036757, -0.65488124, 0.40132272), (-0.92899776, -0.3118879, 0.19922118), (-0.5856867, -0.6809647, 0.43961135), (-0.9518272, -0.24586362, 0.18323772), (-0.47060272, -0.728463, 0.4978702), (-0.96915174, -0.17739046, 0.17110674), (-0.98079985, -0.10714164, 0.16294871), (-0.9866521, -0.03582959, 0.15885185), (-0.986652, 0.035829023, 0.15885231), (-0.98079973, 0.10714213, 0.16294923), (-0.9691517, 0.17739108, 0.17110635), (-0.9518274, 0.24586326, 0.18323717), (-0.92899776, 0.31188795, 0.19922116), (-0.9008884, 0.37480757, 0.21890494), (-0.8677804, 0.4339952, 0.2420854), (-0.8300078, 0.48885104, 0.26853624), (-0.787941, 0.5388421, 0.2979903), (-0.7420006, 0.58346397, 0.330159), (-0.69264656, 0.6222719, 0.36471698), (-0.6403674, 0.6548814, 0.40132278), (-0.5856866, 0.68096465, 0.43961158), (-0.47060272, 0.728463, 0.49787024), (0.14178199, 0.57735026, 0.80409235), (0.57735026, -0.81649655, -7.1101534e-9), (0.57735026, -8.333828e-9, 0.81649655), (0.57735026, 0.8164966, -3.7580343e-9), (0.57735026, 4.811437e-9, -0.81649655), (0.5773502, 5.4758342e-8, 0.8164966), (0.57735026, 0.8164966, -1.008192e-7), (0.57735026, 1.3137321e-7, -0.81649655), (0.57735026, -0.8164966, -3.2855297e-7), (0.57735014, 0.8164967, -3.8331132e-7), (0.57735026, -2.3219243e-7, -0.8164966), (0.57735026, -0.8164966, -2.3219243e-7), (0.57735014, -3.8331132e-7, 0.8164967), (0.57735026, -3.2371423e-7, -0.8164966), (0.57735026, -0.81649655, 1.2761518e-7), (0.57735026, -9.248537e-8, 0.8164966), (0.5773502, 0.8164966, 3.7997996e-8), (0.30151135, 0.30151135, 0.90453404), (-0.30151135, 0.30151135, 0.90453404), (-0.30151135, -0.30151135, 0.90453404), (0.30151135, -0.30151135, 0.90453404), (0.57735026, 0.57735026, 0.57735026), (0.57735026, -0.57735026, 0.57735026), (-0.57735026, 0.57735026, 0.57735026), (-0.57735026, -0.57735026, 0.57735026), (0.57735026, -0.57735026, -0.57735026), (0.57735026, 0.57735026, -0.57735026), (-0.57735026, -0.57735026, -0.57735026), (-0.57735026, 0.57735026, -0.57735026)] (
                interpolation = "vertex"
            )
            point3f[] points = [(-154.8775, 22.156385, 6.4425297), (-171.35, 22.397028, 7.2226334), (-154.8775, 22.397028, 7.2226334), (-171.35, 22.112995, 6.3228707), (-154.8775, 21.851, 5.685424), (-171.35, 21.742891, 5.45496), (-49.2425, 22.156385, 6.4425297), (-49.2425, 22.397028, 7.2226334), (-27.78, 22.397028, 7.2226334), (-154.8775, 21.48303, 4.956679), (-171.35, 21.290213, 4.6271133), (-27.78, 22.112995, 6.3228707), (-49.2425, 21.851, 5.685424), (-154.8775, 21.055086, 4.2614565), (-171.35, 20.759249, 3.847163), (-27.78, 21.742891, 5.45496), (-49.2425, 21.48303, 4.956679), (-154.8775, 20.570198, 3.6046815), (-171.35, 20.155018, 3.122489), (-27.78, 21.290213, 4.6271133), (-49.2425, 21.055086, 4.2614565), (-154.8775, 20.0318, 2.9910057), (-171.35, 19.483238, 2.459948), (-27.78, 20.759249, 3.847163), (-49.2425, 20.570198, 3.6046815), (-49.2425, 20.0318, 2.9910057), (-27.78, 20.155018, 3.122489), (-27.78, 19.483238, 2.459948), (-27.78, 18.750269, 1.8658086), (-171.35, 18.750269, 1.8658086), (-27.78, 17.963041, 1.3456924), (-171.35, 17.963041, 1.3456924), (-27.78, 17.129007, 0.90452045), (-171.35, 17.129007, 0.90452045), (-27.78, 16.256056, 0.54646707), (-171.35, 16.256056, 0.54646707), (-27.78, 15.352447, 0.27491996), (-171.35, 15.352447, 0.27491996), (-27.78, 14.42673, 0.092448466), (-171.35, 14.42673, 0.092448466), (-27.78, 13.487664, 0.00077904604), (-171.35, 13.487664, 0.00077904604), (-27.78, 12.544135, 0.00077904604), (-171.35, 12.544135, 0.00077904604), (-27.78, 11.60507, 0.092448466), (-171.35, 11.60507, 0.092448466), (-27.78, 10.679354, 0.27491996), (-171.35, 10.679354, 0.27491996), (-27.78, 9.775744, 0.54646707), (-171.35, 9.775744, 0.54646707), (-27.78, 8.902793, 0.90452045), (-171.35, 8.902793, 0.90452045), (-27.78, 8.068758, 1.3456924), (-171.35, 8.068758, 1.3456924), (-27.78, 7.2815313, 1.8658086), (-171.35, 7.2815313, 1.8658086), (-27.78, 6.548561, 2.459948), (-171.35, 6.548561, 2.459948), (-27.78, 5.876783, 3.122489), (-171.35, 5.876783, 3.122489), (-27.78, 5.272552, 3.847163), (-171.35, 5.272552, 3.847163), (-27.78, 4.7415867, 4.6271133), (-171.35, 4.7415867, 4.6271133), (-27.78, 4.2889094, 5.45496), (-171.35, 4.2889094, 5.45496), (-27.78, 3.9188042, 6.3228707), (-171.35, 3.9188042, 6.3228707), (-27.78, 3.6347723, 7.2226334), (-171.35, 3.6347723, 7.2226334), (-27.78, 6.6987495, 7.2226334), (-27.77, 6.6985183, 7.2226334), (-27.77, 6.7864895, 7.2226334), (-171.35, 6.7864895, 7.2226334), (-171.35, 6.6045465, 2.6789842), (-171.35, 5.994564, 3.2900167), (-171.35, 7.267454, 2.125878), (-171.35, 5.442594, 3.9538815), (-171.35, 7.977835, 1.63524), (-171.35, 4.9531827, 4.6651006), (-171.35, 8.729869, 1.2110974), (-171.35, 4.530351, 5.4178305), (-171.35, 9.517278, 0.85699457), (-171.35, 4.1775923, 6.205867), (-171.35, 10.333561, 0.57584643), (-171.35, 3.8978472, 7.0226345), (-171.35, 11.172013, 0.36996198), (-171.35, 12.025727, 0.24104433), (-171.35, 12.887593, 0.19016762), (-171.35, 8.22905, 5.0014367), (-171.35, 8.329644, 4.831163), (-171.35, 7.982776, 5.191506), (-171.35, 8.718299, 4.5492), (-171.35, 8.702252, 4.497486), (-171.35, 7.787133, 5.500028), (-171.35, 7.6635456, 5.57654), (-171.35, 9.098544, 4.1923184), (-171.35, 9.250045, 4.14779), (-171.35, 9.516323, 3.9173462), (-171.35, 7.3969207, 6.040044), (-171.35, 7.3736987, 5.984161), (-171.35, 7.1148252, 6.412135), (-171.35, 9.819028, 3.8011756), (-171.35, 9.953342, 3.6740506), (-171.35, 7.0622697, 6.6161447), (-171.35, 6.957206, 6.7136126), (-171.35, 6.8149815, 7.0226345), (-171.35, 10.419622, 3.5127847), (-171.35, 10.407177, 3.463784), (-171.35, 13.750472, 0.2177435), (-171.35, 10.875324, 3.2877047), (-171.35, 11.04589, 3.2854683), (-171.35, 11.355221, 3.1467755), (-171.35, 11.691637, 3.121475), (-171.35, 11.844241, 3.0417666), (-171.35, 14.607325, 0.32354608), (-171.35, 12.350478, 3.0224257), (-171.35, 12.339706, 2.973256), (-171.35, 12.83888, 2.9416227), (-171.35, 15.451012, 0.5066963), (-171.35, 13.0159, 2.9893), (-171.35, 13.338997, 2.9470384), (-171.35, 13.681321, 3.0224257), (-171.35, 13.837358, 2.9894724), (-171.35, 16.274574, 0.7656785), (-171.35, 14.340163, 3.121475), (-171.35, 14.331205, 3.0686917), (-171.35, 14.817823, 3.1842592), (-171.35, 17.071241, 1.0983638), (-171.35, 14.98591, 3.2854683), (-171.35, 15.294548, 3.3355415), (-171.35, 15.612178, 3.5127847), (-171.35, 15.758771, 3.5217116), (-171.35, 17.834433, 1.50201), (-171.35, 16.212772, 3.8011756), (-171.35, 16.207935, 3.7417462), (-171.35, 18.557783, 1.9732438), (-171.35, 16.668472, 4.012927), (-171.35, 16.781755, 4.14779), (-171.35, 17.210648, 4.400956), (-171.35, 19.23534, 2.5081756), (-171.35, 17.313501, 4.5492), (-171.35, 17.711899, 4.8405805), (-171.35, 17.80275, 5.0014367), (-171.35, 19.861542, 3.1024053), (-171.35, 18.167341, 5.3275175), (-171.35, 18.244667, 5.500028), (-171.35, 20.410772, 3.7255883), (-171.35, 18.572521, 5.85701), (-171.35, 18.63488, 6.040044), (-171.35, 20.885927, 4.3683367), (-171.35, 18.923489, 6.423892), (-171.35, 18.96953, 6.6161447), (-171.35, 19.216818, 7.0226345), (-171.35, 21.305368, 5.048749), (-171.35, 19.24531, 7.2226334), (-171.35, 21.666124, 5.76201), (-171.35, 21.92237, 6.3840375), (-171.35, 22.133953, 7.0226345), (-27.77, 19.24531, 7.2226334), (-27.77, 19.333282, 7.2226334), (-27.78, 19.33305, 7.2226334), (-49.2425, 20.0318, 7.2226334), (-53.33, 20.0218, 7.2226334), (-53.33, 20.0318, 7.2226334), (-75.47, 20.0318, 7.2226334), (-62.23, 20.0218, 7.2226334), (-62.23, 20.0318, 7.2226334), (-75.47, 20.0218, 7.2226334), (-97.61, 20.0318, 7.2226334), (-84.37, 20.0218, 7.2226334), (-84.37, 20.0318, 7.2226334), (-97.61, 20.0218, 7.2226334), (-119.75, 20.0218, 7.2226334), (-106.51, 20.0218, 7.2226334), (-106.51, 20.0318, 7.2226334), (-119.75, 20.0318, 7.2226334), (-141.89, 20.0318, 7.2226334), (-128.65, 20.0218, 7.2226334), (-128.65, 20.0318, 7.2226334), (-141.89, 20.0218, 7.2226334), (-154.8775, 20.0318, 7.2226334), (-150.79, 20.0218, 7.2226334), (-150.79, 20.0318, 7.2226334), (-154.8775, 30.0318, -5.9307), (-154.8775, 20.0318, -5.9307), (-154.8775, 20.0318, 17), (-154.8775, 30.0318, 17), (-49.2425, 20.0318, -5.9307), (-49.2425, 30.0318, -5.9307), (-49.2425, 20.0318, 17), (-49.2425, 30.0318, 17), (-27.78, 0.411755, -2.861207), (-27.78, -0.7993827, -1.5492425), (-27.78, 1.7469153, -4.0467243), (-27.78, -1.8745804, -0.123740874), (-27.78, 3.1929605, -5.09413), (-27.78, -2.8032582, 1.4012715), (-27.78, 4.735662, -5.993117), (-27.78, -3.5762782, 3.0107884), (-27.78, 6.3598394, -6.73484), (-27.78, -4.1860337, 4.688973), (-27.78, 8.049511, -7.312), (-27.78, -4.626526, 6.4193115), (-27.78, -4.893419, 8.184778), (-27.78, -4.9840875, 9.968001), (-27.78, -4.8976393, 11.751434), (-27.78, -4.634925, 13.517528), (-27.78, 17.982288, -7.312), (-27.78, 6.398529, 8.1739235), (-27.78, 6.5311756, 7.692754), (-27.78, 6.2799697, 8.808042), (-27.78, 6.222035, 9.450519), (-27.78, 6.2252355, 10.095496), (-27.78, 19.67196, -6.73484), (-27.78, 6.2895484, 10.737396), (-27.78, 6.4144, 11.370312), (-27.78, -4.1985292, 15.248903), (-27.78, 21.296139, -5.993117), (-27.78, 6.59865, 11.9885), (-27.78, -3.5927465, 16.928526), (-27.78, 22.838839, -5.09413), (-27.78, 6.8406363, 12.586425), (-27.78, -2.8235376, 18.539867), (-27.78, 7.1381993, 13.15875), (-27.78, -1.8984712, 20.067074), (-27.78, 24.284885, -4.0467243), (-27.78, 7.4886827, 13.700344), (-27.78, -0.82665014, 21.495115), (-27.78, 7.8889194, 14.206298), (-27.78, 25.620045, -2.861207), (-27.78, 0.38137937, 22.809942), (-27.78, 8.33521, 14.671961), (-27.78, 26.831182, -1.5492425), (-27.78, 1.7137305, 23.998617), (-27.78, 8.823677, 15.093295), (-27.78, 27.90638, -0.123740874), (-27.78, 3.1572928, 25.049442), (-27.78, 9.909089, 15.788079), (-27.78, 9.349905, 15.466471), (-27.78, 19.543053, 7.8323975), (-27.78, 19.694353, 8.459357), (-27.78, 19.78558, 9.097864), (-27.78, 19.815899, 9.742052), (-27.78, 19.785057, 10.386217), (-27.78, 28.835058, 1.4012715), (-27.78, 4.697862, 25.952078), (-27.78, 10.496197, 16.05524), (-27.78, 19.693316, 11.02465), (-27.78, 29.608078, 3.0107884), (-27.78, 6.32028, 26.697641), (-27.78, 11.105984, 16.265572), (-27.78, 30.217834, 4.688973), (-27.78, 30.658325, 6.4193115), (-27.78, 11.5159, 26.7893), (-27.78, 8.008581, 27.2788), (-27.78, 9.746154, 27.68983), (-27.78, 13.0159, 16.5393), (-27.78, 12.371594, 16.508707), (-27.78, 11.733001, 16.417187), (-27.78, 30.925219, 8.184778), (-27.78, 11.5159, 27.926691), (-27.78, 31.015888, 9.968001), (-27.78, 14.5159, 26.7893), (-27.78, 15.264109, 16.156897), (-27.78, 14.64602, 16.34102), (-27.78, 14.013219, 16.465767), (-27.78, 13.515874, 16.520895), (-27.78, 30.92944, 11.751434), (-27.78, 16.285646, 27.68983), (-27.78, 14.5159, 27.926691), (-27.78, 30.666725, 13.517528), (-27.78, 19.541506, 11.651486), (-27.78, 18.023218, 27.2788), (-27.78, 30.23033, 15.248903), (-27.78, 19.33101, 12.26108), (-27.78, 19.71152, 26.697641), (-27.78, 15.86195, 15.915059), (-27.78, 29.624546, 16.928526), (-27.78, 19.063715, 12.847985), (-27.78, 21.333939, 25.952078), (-27.78, 16.43421, 15.617663), (-27.78, 28.855337, 18.539867), (-27.78, 18.742004, 13.406961), (-27.78, 22.874508, 25.049442), (-27.78, 16.975761, 15.267364), (-27.78, 27.930271, 20.067074), (-27.78, 18.368755, 13.932979), (-27.78, 24.31807, 23.998617), (-27.78, 17.481699, 14.867325), (-27.78, 26.85845, 21.495115), (-27.78, 17.947376, 14.421238), (-27.78, 25.650421, 22.809942), (-27.77, 18.96953, 6.6161447), (-27.77, 18.63488, 6.040044), (-27.77, 18.244667, 5.500028), (-27.77, 17.80275, 5.0014367), (-27.77, 17.313501, 4.5492), (-27.77, 16.781755, 4.14779), (-27.77, 16.212772, 3.8011756), (-27.77, 15.612178, 3.5127847), (-27.77, 14.98591, 3.2854683), (-27.77, 14.340163, 3.121475), (-27.77, 13.681321, 3.0224257), (-27.77, 13.0159, 2.9893), (-27.77, 12.350478, 3.0224257), (-27.77, 11.691637, 3.121475), (-27.77, 11.04589, 3.2854683), (-27.77, 10.419622, 3.5127847), (-27.77, 9.819028, 3.8011756), (-27.77, 9.250045, 4.14779), (-27.77, 8.718299, 4.5492), (-27.77, 8.22905, 5.0014367), (-27.77, 7.787133, 5.500028), (-27.77, 7.3969207, 6.040044), (-27.77, 7.0622697, 6.6161447), (-27.77, 8.165501, 4.9733477), (-27.77, 8.662328, 4.51564), (-27.77, 7.716549, 5.478073), (-27.77, 9.2021, 4.1094923), (-27.77, 7.3198857, 6.024849), (-27.77, 9.779634, 3.758828), (-27.77, 6.979416, 6.6082993), (-27.77, 10.389254, 3.4671476), (-27.77, 11.024776, 3.237426), (-27.77, 11.679889, 3.0719283), (-27.77, 12.348159, 2.9722626), (-27.77, 13.023056, 2.9394038), (-27.77, 13.697957, 2.9736905), (-27.77, 14.366155, 3.0747979), (-27.77, 15.020861, 3.2416794), (-27.77, 15.655802, 3.4727147), (-27.77, 16.264809, 3.7656863), (-27.77, 16.841696, 4.117636), (-27.77, 17.380747, 4.525056), (-27.77, 17.876682, 4.9839363), (-27.77, 18.324656, 5.489794), (-27.77, 18.720259, 6.0376735), (-27.77, 19.055935, 6.615153), (-22.78, 13.0159, 16.9893), (-22.78, 13.561174, 16.96803), (-22.78, 14.103218, 16.904337), (-22.78, 14.739618, 16.773752), (-22.78, 15.361127, 16.584747), (-22.78, 15.962414, 16.33895), (-22.78, 17.083982, 15.685853), (-22.78, 16.538345, 16.038464), (-22.78, 17.594587, 15.284167), (-22.78, 18.065672, 14.836959), (-22.78, 18.49332, 14.347954), (-22.78, 18.873823, 13.821367), (-22.78, 19.203848, 13.2618065), (-22.78, 19.480562, 12.674099), (-22.78, 19.701605, 12.0632715), (-22.78, 19.86508, 11.434544), (-22.78, 19.96957, 10.793328), (-22.78, 20.014162, 10.145236), (-22.78, 19.998487, 9.495877), (-22.78, 19.92267, 8.850648), (-22.78, 19.787363, 8.215238), (-22.78, 19.593746, 7.5951543), (-22.78, 19.34349, 6.9957085), (-22.78, 19.038734, 6.4220214), (-22.78, 18.682077, 5.879017), (-22.78, 18.276613, 5.371411), (-22.78, 17.825924, 4.903666), (-22.78, 17.333752, 4.479658), (-22.78, 16.804361, 4.1030817), (-22.78, 16.242374, 3.7772257), (-22.78, 15.652634, 3.5048854), (-22.78, 15.040183, 3.288384), (-22.78, 13.7682905, 3.0298526), (-22.78, 14.410258, 3.1295795), (-22.78, 13.119912, 2.9900727), (-22.78, 12.470668, 3.0105665), (-22.78, 11.8260145, 3.0911717), (-22.78, 11.191633, 3.23119), (-22.78, 10.573009, 3.4294004), (-22.78, 9.975436, 3.6840973), (-22.78, 9.40402, 3.9931073), (-22.78, 8.863673, 4.3537865), (-22.78, 8.3590975, 4.763002), (-22.78, 7.8947153, 5.2171445), (-22.78, 7.4743614, 5.712461), (-22.78, 7.1017265, 6.24463), (-22.78, 6.780054, 6.809013), (-22.78, 6.5120983, 7.4007554), (-22.78, 6.300146, 8.0148), (-22.78, 6.1460195, 8.645893), (-22.78, 6.05106, 9.288583), (-22.78, 6.0160937, 9.937212), (-22.78, 6.0414057, 10.586317), (-22.78, 6.1267953, 11.230363), (-22.78, 6.271519, 11.863687), (-22.78, 6.4743166, 12.480823), (-22.78, 6.733445, 13.076492), (-22.78, 7.046694, 13.645607), (-22.78, 7.4113817, 14.183269), (-22.78, 7.824333, 14.684791), (-22.78, 8.281914, 15.145788), (-22.78, 8.780353, 15.562463), (-22.78, 9.315286, 15.931139), (-22.78, 9.8820505, 16.248611), (-22.78, 10.475776, 16.512165), (-22.78, 11.091388, 16.71955), (-22.78, 11.72362, 16.86898), (-22.78, 12.367012, 16.95916), (-175.0366, 4.1775923, 6.38382), (-174.95816, 3.8978472, 7.1968107), (-178.53304, 3.8978472, 7.7158213), (-178.689, 4.1775923, 6.914085), (-175.1123, 4.530351, 5.5994277), (-199.97676, 22.133953, 20.220675), (-202.48436, 22.020664, 22.869576), (-202.189, 22.133953, 23.076397), (-174.95816, 22.133953, 7.1968107), (-200.5214, 21.89312, 19.75531), (-202.7758, 21.89312, 22.6655), (-201.04785, 21.59729, 19.30548), (-203.34305, 21.59729, 22.26832), (-201.55484, 21.24755, 18.872286), (-203.8893, 21.24755, 21.88583), (-201.99474, 20.885927, 18.496418), (-204.41115, 20.846088, 21.520426), (-202.4834, 20.410772, 18.078882), (-204.90532, 20.39543, 21.174406), (-202.95717, 19.861568, 17.674074), (-205.40022, 19.861568, 20.827862), (-197.9987, 21.89312, 17.074604), (-197.50114, 22.133953, 17.59), (-194.78493, 22.133953, 15.20857), (-198.47964, 21.59729, 16.57641), (-203.40894, 19.23537, 17.288055), (-205.887, 19.23537, 20.487024), (-198.94281, 21.24755, 16.096643), (-203.81563, 18.557816, 16.940557), (-206.3252, 18.557816, 20.180199), (-199.34468, 20.885927, 15.680365), (-204.1739, 17.834457, 16.634434), (-206.71121, 17.834457, 19.909904), (-199.79109, 20.410772, 15.217938), (-204.48079, 17.071262, 16.372217), (-207.04185, 17.071262, 19.67838), (-200.22389, 19.861568, 14.76961), (-195.23082, 21.89312, 14.6478815), (-204.73372, 16.274593, 16.1561), (-207.31438, 16.274593, 19.487558), (-195.66182, 21.59729, 14.105908), (-200.63663, 19.23537, 14.34209), (-204.93062, 15.451027, 15.987861), (-207.52654, 15.451027, 19.33901), (-196.07689, 21.24755, 13.58398), (-201.00815, 18.557816, 13.9572315), (-196.43704, 20.885927, 13.131119), (-205.06987, 14.607334, 15.868883), (-207.67656, 14.607334, 19.23396), (-201.33545, 17.834457, 13.618195), (-196.83711, 20.410772, 12.628057), (-205.1503, 13.750473, 15.800152), (-207.76323, 13.750475, 19.173271), (-201.61581, 17.071262, 13.327787), (-197.22498, 19.861568, 12.140329), (-192.2432, 21.89312, 12.497463), (-191.85306, 22.133953, 13.098286), (-205.17126, 12.887589, 15.782239), (-207.74414, 12.025727, 19.186636), (-207.78581, 12.887593, 19.157455), (-201.84688, 16.274593, 13.088435), (-192.6203, 21.59729, 11.916694), (-197.59485, 19.23537, 11.67524), (-205.13258, 12.025727, 15.815289), (-207.63853, 11.172013, 19.26058), (-202.02675, 15.451027, 12.902108), (-192.98347, 21.24755, 11.357405), (-197.92781, 18.557816, 11.25656), (-205.03458, 11.172013, 15.8990345), (-207.4699, 10.333561, 19.378672), (-193.29857, 20.885927, 10.872128), (-202.15396, 14.607334, 12.770339), (-198.22112, 17.834457, 10.887731), (-204.87805, 10.333561, 16.03278), (-207.2396, 9.517278, 19.53993), (-193.6486, 20.410772, 10.333055), (-202.22745, 13.750473, 12.694219), (-198.47237, 17.071262, 10.571803), (-204.6643, 9.517278, 16.215416), (-206.94952, 8.729869, 19.743036), (-193.98798, 19.861568, 9.810416), (-189.06331, 21.89312, 10.6431265), (-188.73253, 22.133953, 11.278559), (-202.2466, 12.887589, 12.674378), (-198.67944, 16.274593, 10.311417), (-204.39508, 8.729869, 16.445444), (-206.60208, 7.977835, 19.986315), (-189.38306, 21.59729, 10.028904), (-194.3116, 19.23537, 9.312034), (-202.21126, 12.025727, 12.710981), (-198.84064, 15.451027, 10.108716), (-204.07263, 7.977834, 16.720972), (-206.20018, 7.267454, 20.267733), (-189.69098, 21.24755, 9.437398), (-194.60292, 18.557816, 8.863385), (-202.12172, 11.172013, 12.803732), (-189.95815, 20.885927, 8.924168), (-198.95465, 14.607334, 9.965366), (-203.6996, 7.267452, 17.039696), (-205.7471, 6.6045465, 20.584982), (-194.85956, 17.834457, 8.468153), (-201.97873, 10.333561, 12.951856), (-190.25494, 20.410772, 8.354043), (-199.0205, 13.750473, 9.882557), (-203.2791, 6.604547, 17.398996), (-205.24657, 5.994564, 20.935455), (-195.07938, 17.071262, 8.129611), (-201.78346, 9.517278, 13.154127), (-190.54268, 19.861568, 7.8012986), (-185.72043, 21.89312, 9.101928), (-185.45204, 22.133953, 9.766124), (-199.03766, 12.887589, 9.860973), (-202.81454, 5.994564, 17.79593), (-204.70276, 5.442594, 21.316233), (-195.26056, 16.274593, 7.850586), (-201.53752, 8.729869, 13.408887), (-185.97986, 21.59729, 8.4599), (-190.81706, 19.23537, 7.2742085), (-199.006, 12.025727, 9.900793), (-202.30983, 5.442594, 18.227182), (-204.12016, 4.9531827, 21.72417), (-195.4016, 15.451027, 7.633375), (-201.24294, 7.977834, 13.714037), (-186.2297, 21.24755, 7.8416176), (-191.06407, 18.557816, 6.799716), (-198.92575, 11.172013, 10.001694), (-201.76912, 4.9531827, 18.689198), (-203.50357, 4.530351, 22.155918), (-186.44649, 20.885927, 7.305155), (-195.50134, 14.607334, 7.4797654), (-200.90216, 7.267452, 14.067028), (-191.28166, 17.834457, 6.3817177), (-198.7976, 10.333561, 10.162834), (-201.19684, 4.530351, 19.178179), (-202.85805, 4.1775923, 22.607918), (-186.68729, 20.410772, 6.7092214), (-195.55896, 13.750473, 7.3910275), (-200.518, 6.604547, 14.464958), (-191.46805, 17.071262, 6.0236745), (-198.6226, 9.517278, 10.382882), (-200.59772, 4.1775923, 19.690094), (-199.97676, 3.8978472, 20.220675), (-202.189, 3.8978472, 23.076397), (-197.50114, 3.8978472, 17.59), (-186.92076, 19.861568, 6.131456), (-182.24529, 21.89312, 7.888041), (-182.04175, 22.133953, 8.574893), (-195.57399, 12.887589, 7.3679), (-200.09361, 5.994564, 14.904566), (-191.62167, 16.274593, 5.7285767), (-198.4022, 8.729869, 10.660029), (-182.44202, 21.59729, 7.2241135), (-187.14339, 19.23537, 5.5805054), (-195.54628, 12.025727, 7.4105697), (-199.63254, 5.442594, 15.382184), (-191.74126, 15.451027, 5.498854), (-198.1382, 7.977834, 10.991995), (-182.63148, 21.24755, 6.5847416), (-187.34381, 18.557816, 5.0845337), (-195.47607, 11.172013, 7.518693), (-199.13857, 4.9531827, 15.893871), (-182.79588, 20.885927, 6.02998), (-191.82582, 14.607334, 5.336396), (-197.83281, 7.267452, 11.376006), (-187.52037, 17.834457, 4.6476135), (-195.36394, 10.333561, 7.691368), (-198.61575, 4.530351, 16.435423), (-182.9785, 20.410772, 5.413719), (-191.87468, 13.750473, 5.2425466), (-197.48854, 6.604547, 11.808906), (-187.6716, 17.071262, 4.2733626), (-195.21083, 9.517278, 7.927167), (-198.06844, 4.1775923, 17.002377), (-183.15555, 19.861568, 4.816246), (-178.66983, 21.89312, 7.012631), (-178.53304, 22.133953, 7.7158213), (-191.88742, 12.887589, 5.2180867), (-197.10822, 5.994564, 12.287146), (-187.79623, 16.274593, 3.964906), (-195.01799, 8.729869, 8.224153), (-178.80206, 21.59729, 6.33291), (-183.32437, 19.23537, 4.2465024), (-191.86392, 12.025727, 5.2632146), (-196.695, 5.442594, 12.806735), (-187.89326, 15.451027, 3.7247846), (-194.787, 7.977834, 8.579882), (-178.92941, 21.24755, 5.6783295), (-183.47636, 18.557816, 3.7336133), (-191.8044, 11.172013, 5.377566), (-196.25232, 4.9531827, 13.363388), (-179.0399, 20.885927, 5.110371), (-187.96188, 14.607334, 3.5549722), (-194.5198, 7.267452, 8.991381), (-183.61024, 17.834457, 3.2817895), (-191.70932, 10.333561, 5.560188), (-195.7838, 4.530351, 13.952531), (-179.16264, 20.410772, 4.479451), (-188.00153, 13.750473, 3.4568746), (-194.21858, 6.604547, 9.455268), (-183.72493, 17.071262, 2.894773), (-191.57951, 9.517278, 5.8095694), (-195.2933, 4.1775923, 14.569306), (-194.78493, 3.8978472, 15.20857), (-179.28165, 19.861568, 3.8677654), (-175.02696, 21.89312, 6.4837494), (-188.01186, 12.887589, 3.431307), (-193.88582, 5.994564, 9.967741), (-183.81946, 16.274593, 2.5757952), (-191.416, 8.729869, 6.1236625), (-175.09348, 21.59729, 5.794487), (-179.39513, 19.23537, 3.2844694), (-187.9928, 12.025727, 3.478478), (-193.52429, 5.442594, 10.524525), (-183.89304, 15.451027, 2.3274832), (-191.22015, 7.977834, 6.4998817), (-175.15753, 21.24755, 5.1307178), (-179.49728, 18.557816, 2.7593799), (-187.9445, 11.172013, 3.598006), (-193.13696, 4.9531827, 11.121023), (-175.21312, 20.885927, 4.554787), (-183.94507, 14.607334, 2.1518784), (-190.9936, 7.267452, 6.9350843), (-179.58728, 17.834457, 2.2968085), (-187.86736, 10.333561, 3.7888944), (-192.72702, 4.530351, 11.752337), (-175.27486, 20.410772, 3.9150107), (-183.97513, 13.750473, 2.0504346), (-190.7382, 6.604547, 7.425693), (-179.66435, 17.071262, 1.9005857), (-187.76202, 9.517278, 4.049565), (-192.29787, 4.1775923, 12.413263), (-191.85306, 3.8978472, 13.098286), (-175.33472, 19.861568, 3.2947383), (-183.98297, 12.887589, 2.023995), (-190.45605, 5.994564, 7.967686), (-179.72789, 16.274593, 1.57402), (-187.62936, 8.729869, 4.3778763), (-175.3918, 19.23537, 2.7032542), (-183.9685, 12.025727, 2.072775), (-190.14952, 5.442594, 8.556541), (-179.77734, 15.451027, 1.3198014), (-187.47046, 7.977834, 4.7711263), (-175.44318, 18.557816, 2.1707938), (-183.93188, 11.172013, 2.19638), (-189.82112, 4.9531827, 9.187401), (-179.81232, 14.607334, 1.1400194), (-187.28664, 7.267452, 5.2260294), (-175.48845, 17.834457, 1.701729), (-183.87338, 10.333561, 2.3937798), (-189.47354, 4.530351, 9.855081), (-179.83252, 13.750473, 1.0361625), (-187.0794, 6.604547, 5.7388473), (-175.52722, 17.071262, 1.2999444), (-183.79352, 9.517278, 2.6633418), (-189.10966, 4.1775923, 10.554077), (-188.73253, 3.8978472, 11.278559), (-185.45204, 3.8978472, 9.766124), (-179.8378, 12.887589, 1.009094), (-186.85048, 5.994564, 6.305375), (-175.55917, 16.274593, 0.9687947), (-183.6929, 8.729869, 3.0028517), (-179.82808, 12.025727, 1.0590343), (-186.60176, 5.442594, 6.920887), (-175.58406, 15.451027, 0.7110075), (-183.5724, 7.977834, 3.4095156), (-179.80345, 11.172013, 1.1855795), (-186.3353, 4.9531827, 7.5803037), (-175.60165, 14.607334, 0.52870184), (-183.433, 7.267452, 3.8799357), (-179.76414, 10.333561, 1.387675), (-186.05328, 4.530351, 8.278208), (-175.61182, 13.750473, 0.423387), (-183.27585, 6.604547, 4.4102454), (-179.71045, 9.517278, 1.6636491), (-185.75804, 4.1775923, 9.008846), (-182.04175, 3.8978472, 8.574893), (-175.61446, 12.887589, 0.39593858), (-183.10225, 5.994564, 4.9960976), (-179.64284, 8.729869, 2.0112355), (-175.60957, 12.025727, 0.44657987), (-182.91364, 5.442594, 5.6326046), (-179.56183, 7.977834, 2.4275727), (-175.59718, 11.172013, 0.5749015), (-182.71156, 4.9531827, 6.314514), (-179.46814, 7.267452, 2.9091828), (-175.57741, 10.333561, 0.77983385), (-182.4977, 4.530351, 7.036224), (-179.36252, 6.604547, 3.4521074), (-175.5504, 9.517278, 1.0596819), (-182.2738, 4.1775923, 7.791785), (-179.24583, 5.994564, 4.0518956), (-175.51639, 8.729869, 1.4121473), (-179.11905, 5.442594, 4.703543), (-175.47565, 7.977834, 1.834329), (-178.98323, 4.9531827, 5.401674), (-175.42853, 7.267452, 2.3226995), (-178.8395, 4.530351, 6.140551), (-175.3754, 6.604547, 2.8732455), (-175.3167, 5.994564, 3.4814532), (-175.25293, 5.442594, 4.142248), (-175.18462, 4.9531827, 4.8501787), (-199.9826, 19.216818, 20.227518), (-202.189, 19.21682, 23.076397), (-197.5069, 19.216818, 17.595556), (-194.7904, 19.216818, 15.212927), (-191.8581, 19.216818, 13.101554), (-188.73697, 19.216818, 11.280868), (-185.45575, 19.216818, 9.767623), (-182.04462, 19.216818, 8.575746), (-178.53499, 19.216818, 7.716203), (-174.95915, 19.216818, 7.196907), (-202.19473, 19.216818, 23.084587), (-202.68518, 18.923492, 22.741167), (-199.9826, 6.8149815, 20.227518), (-202.58243, 7.0406914, 22.813114), (-202.19473, 6.8149815, 23.084587), (-174.95915, 6.8149815, 7.196907), (-200.4379, 18.923492, 19.838682), (-200.86897, 18.57253, 19.470537), (-203.14954, 18.57253, 22.41602), (-201.2716, 18.167356, 19.126673), (-203.58327, 18.167356, 22.112318), (-201.64188, 17.711922, 18.810446), (-203.98215, 17.711922, 21.833025), (-204.34227, 17.210672, 21.580866), (-201.97618, 17.210672, 18.524939), (-202.27124, 16.668497, 18.27294), (-204.66013, 16.668497, 21.3583), (-197.92284, 18.923492, 17.164885), (-202.47748, 16.207935, 18.096817), (-204.93262, 16.090685, 21.167498), (-202.64479, 15.758771, 17.95392), (-205.15709, 15.482876, 21.010324), (-198.31665, 18.57253, 16.75713), (-202.78636, 15.294548, 17.833015), (-205.33134, 14.850997, 20.88831), (-198.68448, 18.167356, 16.376266), (-202.9014, 14.817823, 17.73477), (-199.02275, 17.711922, 16.026016), (-202.98927, 14.331205, 17.659716), (-205.45367, 14.201214, 20.802645), (-203.04951, 13.837358, 17.608269), (-205.52292, 13.539867, 20.754166), (-199.32816, 17.210672, 15.70979), (-203.08179, 13.338998, 17.580711), (-205.53836, 12.873408, 20.743347), (-199.59773, 16.668497, 15.430677), (-203.0859, 12.838878, 17.577194), (-195.16316, 18.923492, 14.744382), (-199.78613, 16.207935, 15.235604), (-203.06184, 12.339707, 17.597738), (-205.49988, 12.20834, 20.770292), (-199.93898, 15.758771, 15.0773325), (-195.51608, 18.57253, 14.300768), (-203.00975, 11.844241, 17.642231), (-205.40784, 11.551149, 20.83474), (-200.06831, 15.294548, 14.94342), (-195.84573, 18.167356, 13.886413), (-202.9299, 11.355221, 17.710426), (-205.26314, 10.908251, 20.936058), (-200.17342, 14.817823, 14.834602), (-202.82274, 10.875324, 17.80195), (-196.14888, 17.711922, 13.50536), (-200.2537, 14.331205, 14.751474), (-202.68884, 10.407177, 17.9163), (-205.0672, 10.285914, 21.073263), (-200.30873, 13.837358, 14.694491), (-196.42258, 17.210672, 13.161325), (-202.52895, 9.953342, 18.052853), (-204.82191, 9.690212, 21.245014), (-200.33821, 13.338998, 14.663969), (-196.66417, 16.668497, 12.857668), (-202.34395, 9.516324, 18.210855), (-204.52968, 9.126957, 21.449635), (-200.34196, 12.838878, 14.660073), (-192.18423, 18.923492, 12.599447), (-196.83301, 16.207935, 12.645439), (-202.13484, 9.098542, 18.389431), (-200.31999, 12.339707, 14.682827), (-196.96999, 15.758771, 12.473249), (-201.90279, 8.702252, 18.587616), (-204.19336, 8.601644, 21.68513), (-192.49303, 18.57253, 12.124058), (-200.2724, 11.844241, 14.732107), (-197.08589, 15.294548, 12.32756), (-201.64905, 8.329644, 18.804314), (-203.81622, 8.119398, 21.9492), (-192.78146, 18.167356, 11.680022), (-200.19945, 11.355221, 14.80764), (-197.18008, 14.817823, 12.209173), (-201.37505, 7.982776, 19.038332), (-203.40196, 7.684923, 22.23927), (-200.10155, 10.875324, 14.909011), (-193.0467, 17.711922, 11.271675), (-197.25203, 14.331205, 12.118735), (-201.08224, 7.6635456, 19.288383), (-199.97923, 10.407177, 15.0356655), (-197.30135, 13.837358, 12.056742), (-200.7723, 7.3736987, 19.553104), (-202.9546, 7.3024597, 22.55251), (-193.28618, 17.210672, 10.902998), (-199.83316, 9.953342, 15.186911), (-197.32777, 13.338998, 12.023535), (-200.44684, 7.1148252, 19.831041), (-193.49756, 16.668497, 10.577589), (-199.66414, 9.516324, 15.361914), (-197.33115, 12.838878, 12.019297), (-189.0135, 18.923492, 10.74982), (-193.64528, 16.207935, 10.350159), (-199.47311, 9.098542, 15.559703), (-197.31145, 12.339707, 12.044051), (-193.76514, 15.758771, 10.165635), (-199.26111, 8.702252, 15.77921), (-189.27533, 18.57253, 10.247029), (-197.2688, 11.844241, 12.097665), (-193.86656, 15.294548, 10.009511), (-199.02931, 8.329644, 16.019224), (-189.51988, 18.167356, 9.777401), (-197.20341, 11.355221, 12.17984), (-193.94896, 14.817823, 9.882644), (-198.77898, 7.982776, 16.278421), (-197.11568, 10.875324, 12.290126), (-189.74477, 17.711922, 9.345516), (-194.01192, 14.331205, 9.7857275), (-198.5115, 7.6635456, 16.555376), (-197.00606, 10.407177, 12.427918), (-194.05507, 13.837358, 9.719293), (-198.22833, 7.3736987, 16.84858), (-189.94781, 17.210672, 8.955589), (-196.87515, 9.953342, 12.5924635), (-194.07819, 13.338998, 9.683707), (-197.93102, 7.1148252, 17.156424), (-197.5069, 6.8149815, 17.595556), (-190.12704, 16.668497, 8.6114235), (-196.72368, 9.516324, 12.782857), (-194.08113, 12.838878, 9.679166), (-185.68013, 18.923492, 9.212522), (-190.2523, 16.207935, 8.370885), (-196.55249, 9.098542, 12.998039), (-194.0639, 12.339707, 9.705693), (-190.35393, 15.758771, 8.175726), (-196.3625, 8.702252, 13.236851), (-185.89256, 18.57253, 8.686956), (-194.02658, 11.844241, 9.763147), (-190.43991, 15.294548, 8.010602), (-196.15475, 8.329644, 13.497972), (-186.09099, 18.167356, 8.196055), (-193.96938, 11.355221, 9.85121), (-190.50978, 14.817823, 7.8764224), (-195.93042, 7.982776, 13.779962), (-193.89261, 10.875324, 9.969395), (-186.27347, 17.711922, 7.744609), (-190.56316, 14.331205, 7.77392), (-195.6907, 7.6635456, 14.081273), (-193.79669, 10.407177, 10.117057), (-190.59975, 13.837358, 7.703656), (-195.43694, 7.3736987, 14.400261), (-186.43822, 17.210672, 7.33702), (-193.68216, 9.953342, 10.293388), (-190.61935, 13.338998, 7.6660194), (-195.17049, 7.1148252, 14.735175), (-194.7904, 6.8149815, 15.212927), (-186.58363, 16.668497, 6.977266), (-193.54964, 9.516324, 10.497419), (-190.62184, 12.838878, 7.6612163), (-182.21478, 18.923492, 8.0016985), (-186.68527, 16.207935, 6.7258315), (-193.39984, 9.098542, 10.728016), (-190.60724, 12.339707, 7.6892734), (-186.76773, 15.758771, 6.5218325), (-193.23361, 8.702252, 10.9839325), (-182.37589, 18.57253, 7.4581957), (-190.57559, 11.844241, 7.7500386), (-186.8375, 15.294548, 6.34923), (-193.05185, 8.329644, 11.263758), (-182.52635, 18.167356, 6.9505405), (-190.5271, 11.355221, 7.8431764), (-186.8942, 14.817823, 6.2089725), (-192.85556, 7.982776, 11.565947), (-190.462, 10.875324, 7.9681735), (-182.66475, 17.711922, 6.483686), (-186.9375, 14.331205, 6.1018267), (-192.64581, 7.6635456, 11.888841), (-190.38068, 10.407177, 8.124347), (-186.9672, 13.837358, 6.028381), (-192.42378, 7.3736987, 12.230677), (-182.78969, 17.210672, 6.062186), (-190.28357, 9.953342, 8.3108425), (-186.9831, 13.338998, 5.9890394), (-192.19064, 7.1148252, 12.5895815), (-191.8581, 6.8149815, 13.101554), (-182.89996, 16.668497, 5.6901536), (-190.17119, 9.516324, 8.526633), (-186.98512, 12.838878, 5.9840183), (-178.64935, 18.923492, 7.1284933), (-182.97704, 16.207935, 5.4301376), (-190.04419, 9.098542, 8.770521), (-186.97327, 12.339707, 6.013346), (-183.03957, 15.758771, 5.2191763), (-189.90324, 8.702252, 9.041188), (-178.75764, 18.57253, 6.572055), (-186.94759, 11.844241, 6.0768642), (-183.09247, 15.294548, 5.0406823), (-189.74913, 8.329644, 9.337143), (-178.85878, 18.167356, 6.052317), (-186.90823, 11.355221, 6.17422), (-183.13547, 14.817823, 4.895638), (-189.5827, 7.982776, 9.656749), (-186.85542, 10.875324, 6.304879), (-178.9518, 17.711922, 5.5743504), (-183.1683, 14.331205, 4.784836), (-189.40486, 7.6635456, 9.998255), (-186.78944, 10.407177, 6.4681263), (-183.19083, 13.837358, 4.708883), (-189.2166, 7.3736987, 10.359794), (-179.03578, 17.210672, 5.1428185), (-186.71065, 9.953342, 6.6630697), (-183.20288, 13.338998, 4.6681986), (-189.01894, 7.1148252, 10.739386), (-188.73697, 6.8149815, 11.280868), (-179.1099, 16.668497, 4.761931), (-186.61946, 9.516324, 6.8886347), (-183.20442, 12.838878, 4.6630063), (-175.01668, 18.923492, 6.600942), (-179.1617, 16.207935, 4.495727), (-186.51642, 9.098542, 7.143569), (-183.19543, 12.339707, 4.693335), (-179.20374, 15.758771, 4.279744), (-186.40205, 8.702252, 7.426497), (-175.07115, 18.57253, 6.0366883), (-183.17596, 11.844241, 4.759021), (-179.23929, 15.294548, 4.097002), (-186.27701, 8.329644, 7.7358565), (-175.12202, 18.167356, 5.5096507), (-183.14612, 11.355221, 4.8596997), (-179.26819, 14.817823, 3.9485054), (-186.14197, 7.982776, 8.06994), (-183.10606, 10.875324, 4.994818), (-175.16881, 17.711922, 5.024971), (-179.29027, 14.331205, 3.8350658), (-185.99768, 7.6635456, 8.426914), (-183.05603, 10.407177, 5.163637), (-179.30539, 13.837358, 3.7573054), (-185.84491, 7.3736987, 8.804829), (-175.21104, 17.210672, 4.587378), (-182.99626, 9.953342, 5.365234), (-179.3135, 13.338998, 3.7156527), (-185.68452, 7.1148252, 9.201614), (-185.45575, 6.8149815, 9.767623), (-175.24834, 16.668497, 4.2011414), (-182.92712, 9.516324, 5.5984974), (-179.31453, 12.838878, 3.710337), (-175.27438, 16.207935, 3.931198), (-182.84898, 9.098542, 5.8621325), (-179.30849, 12.339707, 3.7413876), (-175.29553, 15.758771, 3.7121818), (-182.76225, 8.702252, 6.1547165), (-179.29541, 11.844241, 3.8086367), (-175.31342, 15.294548, 3.526873), (-182.66742, 8.329644, 6.4746346), (-179.27534, 11.355221, 3.911712), (-175.32796, 14.817823, 3.3762906), (-182.56502, 7.982776, 6.82012), (-179.24843, 10.875324, 4.0500464), (-175.33905, 14.331205, 3.261258), (-182.4556, 7.6635456, 7.1892776), (-179.2148, 10.407177, 4.222883), (-175.34666, 13.837358, 3.1824052), (-182.33975, 7.3736987, 7.580091), (-179.17464, 9.953342, 4.429278), (-175.35075, 13.338998, 3.1401675), (-182.21812, 7.1148252, 7.9904184), (-182.04462, 6.8149815, 8.575746), (-179.12816, 9.516324, 4.668093), (-175.35127, 12.838878, 3.1347768), (-179.07564, 9.098542, 4.9380035), (-175.34822, 12.339707, 3.1662638), (-179.01733, 8.702252, 5.2375517), (-175.34164, 11.844241, 3.2344575), (-178.9536, 8.329644, 5.565084), (-175.33156, 11.355221, 3.3389804), (-178.88477, 7.982776, 5.918792), (-175.31801, 10.875324, 3.4792576), (-178.81122, 7.6635456, 6.2967362), (-175.3011, 10.407177, 3.6545222), (-178.73335, 7.3736987, 6.6968513), (-175.2809, 9.953342, 3.8638158), (-178.65161, 7.1148252, 7.1169453), (-178.53499, 6.8149815, 7.716203), (-175.25752, 9.516324, 4.1059856), (-175.2311, 9.098542, 4.379687), (-175.20177, 8.702252, 4.6834416), (-175.16971, 8.329644, 5.0155745), (-175.13509, 7.982776, 5.3742504), (-175.0981, 7.6635456, 5.757503), (-175.05893, 7.3736987, 6.163238), (-175.0178, 7.1148252, 6.589232), (-202.189, 6.814981, 23.076397), (-53.33, 20.0318, 15.6393), (-62.23, 20.0318, 15.6393), (-75.47, 20.0318, 15.6393), (-97.61, 20.0318, 15.6393), (-84.37, 20.0318, 15.6393), (-119.75, 20.0318, 15.6393), (-106.51, 20.0318, 15.6393), (-141.89, 20.0318, 15.6393), (-128.65, 20.0318, 15.6393), (-150.79, 20.0318, 15.6393), (-150.79, 20.0218, 3.0393), (-150.79, 30.0318, 3.0393), (-150.79, 30.0318, 15.6393), (-141.89, 20.0218, 3.0393), (-141.89, 30.0318, 3.0393), (-141.89, 30.0318, 15.6393), (-128.65, 20.0218, 3.0393), (-128.65, 30.0318, 3.0393), (-128.65, 30.0318, 15.6393), (-119.75, 20.0218, 3.0393), (-119.75, 25.0318, 4.3693), (-119.75, 25.0318, 3.0393), (-119.75, 30.0318, 15.6393), (-119.75, 30.0318, 4.3693), (-106.51, 20.0218, 3.0393), (-106.51, 25.0318, 4.3693), (-106.51, 25.0318, 3.0393), (-106.51, 30.0318, 15.6393), (-106.51, 30.0318, 4.3693), (-97.61, 20.0218, 3.0393), (-97.61, 25.0318, 4.3693), (-97.61, 25.0318, 3.0393), (-97.61, 30.0318, 15.6393), (-97.61, 30.0318, 4.3693), (-84.37, 20.0218, 3.0393), (-84.37, 25.0318, 4.3693), (-84.37, 25.0318, 3.0393), (-84.37, 30.0318, 15.6393), (-84.37, 30.0318, 4.3693), (-75.47, 20.0218, 3.0393), (-75.47, 30.0318, 3.0393), (-75.47, 30.0318, 15.6393), (-62.23, 20.0218, 3.0393), (-62.23, 30.0318, 3.0393), (-62.23, 30.0318, 15.6393), (-53.33, 20.0218, 3.0393), (-53.33, 30.0318, 3.0393), (-53.33, 30.0318, 15.6393), (-81.17, 25.0318, -5.9307), (-81.17, 30.0318, -5.9307), (-122.95, 30.0318, -5.9307), (-122.95, 25.0318, -5.9307), (-68.31614, 30.0318, -1.9803936), (-68.216225, 30.0318, -1.8829418), (-68.12652, 30.0318, -1.7760261), (-68.42526, 30.0318, -2.067413), (-68.04789, 30.0318, -1.6607093), (-68.5425, 30.0318, -2.1431355), (-67.98114, 30.0318, -1.5381372), (-68.666695, 30.0318, -2.206808), (-67.92693, 30.0318, -1.4095283), (-68.796616, 30.0318, -2.2577982), (-67.885796, 30.0318, -1.2761604), (-68.93097, 30.0318, -2.295599), (-67.85814, 30.0318, -1.1393591), (-69.06842, 30.0318, -2.319835), (-67.84424, 30.0318, -1.0004842), (-67.84424, 30.0318, -0.8609158), (-67.85814, 30.0318, -0.72204083), (-67.885796, 30.0318, -0.58523965), (-67.92693, 30.0318, -0.4518718), (-67.98114, 30.0318, -0.32326275), (-68.04789, 30.0318, -0.20069072), (-68.12652, 30.0318, -0.08537383), (-68.216225, 30.0318, 0.021541832), (-68.31614, 30.0318, 0.118993685), (-68.42526, 30.0318, 0.2060132), (-68.5425, 30.0318, 0.28173557), (-68.666695, 30.0318, 0.3454082), (-68.796616, 30.0318, 0.39639828), (-68.93097, 30.0318, 0.43419906), (-69.06842, 30.0318, 0.45843488), (-69.207596, 30.0318, 0.46886486), (-69.207596, 30.0318, -2.3302648), (-69.34712, 30.0318, -2.3267853), (-69.48561, 30.0318, -2.3094308), (-69.62167, 30.0318, -2.278374), (-69.753975, 30.0318, -2.2339232), (-69.881195, 30.0318, -2.1765206), (-70.00207, 30.0318, -2.1067362), (-70.11539, 30.0318, -2.025264), (-70.22003, 30.0318, -1.9329135), (-70.314964, 30.0318, -1.8306026), (-70.39923, 30.0318, -1.7193481), (-70.47201, 30.0318, -1.6002556), (-70.53257, 30.0318, -1.4745088), (-70.5803, 30.0318, -1.3433572), (-70.635544, 30.0318, -0.791305), (-70.6425, 30.0318, -0.9307), (-70.61474, 30.0318, -0.6532954), (-70.5803, 30.0318, -0.51804274), (-70.53257, 30.0318, -0.38689128), (-70.47201, 30.0318, -0.26114443), (-70.39923, 30.0318, -0.14205192), (-70.314964, 30.0318, -0.030797346), (-70.22003, 30.0318, 0.071513586), (-70.11539, 30.0318, 0.16386408), (-70.00207, 30.0318, 0.2453363), (-69.881195, 30.0318, 0.31512052), (-69.753975, 30.0318, 0.37252325), (-69.62167, 30.0318, 0.41697395), (-69.48561, 30.0318, 0.44803086), (-69.34712, 30.0318, 0.46538532), (-70.61474, 30.0318, -1.2081046), (-70.635544, 30.0318, -1.070095), (-81.17, 30.0318, 3.0393), (-122.95, 30.0318, 3.0393), (-133.95114, 30.0318, -1.9803936), (-133.85123, 30.0318, -1.8829418), (-133.76152, 30.0318, -1.7760261), (-134.06026, 30.0318, -2.067413), (-133.68289, 30.0318, -1.6607093), (-134.1775, 30.0318, -2.1431355), (-133.61615, 30.0318, -1.5381372), (-134.3017, 30.0318, -2.206808), (-133.56194, 30.0318, -1.4095283), (-134.43163, 30.0318, -2.2577982), (-133.5208, 30.0318, -1.2761604), (-134.56596, 30.0318, -2.295599), (-133.49313, 30.0318, -1.1393591), (-134.70341, 30.0318, -2.319835), (-133.47923, 30.0318, -1.0004842), (-134.84259, 30.0318, -2.3302648), (-133.47923, 30.0318, -0.8609158), (-134.98212, 30.0318, -2.3267853), (-133.49313, 30.0318, -0.72204083), (-133.5208, 30.0318, -0.58523965), (-133.56194, 30.0318, -0.4518718), (-133.61615, 30.0318, -0.32326275), (-133.68289, 30.0318, -0.20069072), (-133.76152, 30.0318, -0.08537383), (-133.85123, 30.0318, 0.021541832), (-133.95114, 30.0318, 0.118993685), (-134.06026, 30.0318, 0.2060132), (-134.1775, 30.0318, 0.28173557), (-134.3017, 30.0318, 0.3454082), (-134.43163, 30.0318, 0.39639828), (-134.56596, 30.0318, 0.43419906), (-134.70341, 30.0318, 0.45843488), (-134.84259, 30.0318, 0.46886486), (-134.98212, 30.0318, 0.46538532), (-135.1206, 30.0318, 0.44803086), (-135.25668, 30.0318, 0.41697395), (-136.16757, 30.0318, -1.4745088), (-136.10701, 30.0318, -1.6002556), (-136.2153, 30.0318, -1.3433572), (-136.24974, 30.0318, -1.2081046), (-136.27054, 30.0318, -1.070095), (-136.2775, 30.0318, -0.9307), (-136.27054, 30.0318, -0.791305), (-136.24974, 30.0318, -0.6532954), (-136.2153, 30.0318, -0.51804274), (-136.16757, 30.0318, -0.38689128), (-136.10701, 30.0318, -0.26114443), (-136.03424, 30.0318, -0.14205192), (-135.94997, 30.0318, -0.030797346), (-135.85503, 30.0318, 0.071513586), (-135.75038, 30.0318, 0.16386408), (-135.63707, 30.0318, 0.2453363), (-135.51619, 30.0318, 0.31512052), (-135.38898, 30.0318, 0.37252325), (-135.1206, 30.0318, -2.3094308), (-135.25668, 30.0318, -2.278374), (-135.38898, 30.0318, -2.2339232), (-135.51619, 30.0318, -2.1765206), (-135.63707, 30.0318, -2.1067362), (-135.75038, 30.0318, -2.025264), (-135.85503, 30.0318, -1.9329135), (-135.94997, 30.0318, -1.8306026), (-136.03424, 30.0318, -1.7193481), (-25.78, 14.5159, 26.7893), (-25.78, 14.5159, 27.926691), (-25.78, 11.5159, 26.7893), (-25.78, 11.5159, 27.926691), (-25.78, 7.6499, -7.192261), (-25.78, 8.049511, -7.312), (-25.78, 7.253171, -7.063294), (-25.78, 6.8595376, -6.925167), (-24.28, 5.461426, -6.34869), (-24.28, 6.8595376, -6.925167), (-24.28, 4.1166396, -5.656887), (-24.28, 2.834671, -4.854641), (-24.28, 1.6245697, -3.9476147), (-24.28, 1.1656636, -3.5595708), (-24.28, 0.7199675, -3.1564233), (-24.28, 0.28797793, -2.7386222), (-24.28, -0.12982337, -2.3066325), (-24.28, -0.5329707, -1.8609364), (-24.28, -0.9210148, -1.4020303), (-24.28, -1.8280408, -0.19192888), (-24.28, -2.630287, 1.0900396), (-25.78, -3.8985672, 3.8329375), (-24.28, -3.3220901, 2.434826), (-24.28, -3.8985672, 3.8329375), (-25.78, -4.427491, 5.547667), (-25.78, -4.783055, 7.306539), (-25.78, -4.9617248, 9.092074), (-25.78, -4.9617248, 10.886526), (-25.78, -4.783055, 12.672061), (-25.78, -4.427491, 14.430933), (-25.78, -3.8985672, 16.145662), (-24.28, -3.3220901, 17.543774), (-24.28, -3.8985672, 16.145662), (-24.28, -2.630287, 18.888561), (-24.28, -1.8280408, 20.170528), (-24.28, -0.9210148, 21.38063), (-24.28, -0.5329707, 21.839537), (-24.28, -0.12982337, 22.285233), (-24.28, 0.28797793, 22.717222), (-24.28, 0.7199675, 23.135023), (-24.28, 1.1656636, 23.53817), (-24.28, 1.6245697, 23.926214), (-24.28, 2.834671, 24.83324), (-24.28, 4.1166396, 25.635487), (-25.78, 6.8595376, 26.903767), (-24.28, 5.461426, 26.32729), (-24.28, 6.8595376, 26.903767), (-25.78, 8.379395, 27.381908), (-25.78, 9.93558, 27.723776), (-25.78, 17.982288, -7.312), (-25.78, 16.09622, 27.723776), (-25.78, 17.652405, 27.381908), (-25.78, 19.172262, 26.903767), (-24.28, 20.570374, 26.32729), (-24.28, 19.172262, 26.903767), (-24.28, 21.915161, 25.635487), (-24.28, 23.197128, 24.83324), (-24.28, 24.40723, 23.926214), (-24.28, 24.866137, 23.53817), (-24.28, 25.311832, 23.135023), (-24.28, 25.743822, 22.717222), (-24.28, 26.161623, 22.285233), (-24.28, 26.564772, 21.839537), (-24.28, 26.952814, 21.38063), (-24.28, 27.85984, 20.170528), (-24.28, 28.662086, 18.888561), (-25.78, 29.930367, 16.145662), (-24.28, 29.35389, 17.543774), (-24.28, 29.930367, 16.145662), (-25.78, 30.459291, 14.430933), (-25.78, 30.814856, 12.672061), (-25.78, 30.993525, 10.886526), (-25.78, 30.993525, 9.092074), (-25.78, 30.814856, 7.306539), (-25.78, 30.459291, 5.547667), (-25.78, 29.930367, 3.8329375), (-24.28, 29.35389, 2.434826), (-24.28, 29.930367, 3.8329375), (-24.28, 28.662086, 1.0900396), (-24.28, 27.85984, -0.19192888), (-24.28, 26.952814, -1.4020303), (-24.28, 26.564772, -1.8609364), (-24.28, 26.161623, -2.3066325), (-24.28, 25.743822, -2.738622), (-24.28, 25.311832, -3.1564233), (-24.28, 24.866137, -3.5595708), (-24.28, 24.40723, -3.9476147), (-24.28, 23.197128, -4.854641), (-24.28, 21.915161, -5.656887), (-25.78, 19.172262, -6.925167), (-24.28, 20.570374, -6.34869), (-25.78, 18.77863, -7.063294), (-25.78, 18.3819, -7.192261), (-24.28, 19.172262, -6.925167), (-22.78, 3.118788, 1.255047), (-22.78, 4.03762, 0.31301528), (-22.78, 5.045682, -0.5328491), (-22.78, 2.2983184, 2.2838836), (-22.78, 6.1329556, -1.2741396), (-22.78, 1.5843647, 3.3893), (-22.78, 7.288635, -1.9034891), (-22.78, 0.98402274, 4.5603104), (-22.78, 0.503259, 5.7852764), (-22.78, 8.501234, -2.4146426), (-22.78, 0.14685155, 7.052024), (-22.78, 9.758702, -2.8025203), (-22.78, -0.08165753, 8.347963), (-22.78, 11.048542, -3.063267), (-22.78, -0.1799972, 9.660214), (-22.78, 12.357934, -3.1942914), (-22.78, -0.14719012, 10.975738), (-22.78, 13.673865, -3.1942914), (-22.78, 0.01643766, 12.281456), (-22.78, 14.983258, -3.063267), (-22.78, 0.30925995, 13.564394), (-22.78, 16.273098, -2.8025203), (-22.78, 17.530565, -2.4146426), (-22.78, 0.7283665, 14.811802), (-22.78, 18.743166, -1.9034891), (-22.78, 1.2695922, 16.01128), (-22.78, 19.898844, -1.2741396), (-22.78, 1.9275578, 17.150911), (-22.78, 20.986118, -0.5328491), (-22.78, 2.6957245, 18.219366), (-22.78, 21.99418, 0.31301528), (-22.78, 3.5664575, 19.206026), (-22.78, 22.913012, 1.255047), (-22.78, 4.5311036, 20.101088), (-22.78, 23.733482, 2.2838836), (-22.78, 5.5800753, 20.895653), (-22.78, 24.447435, 3.3893), (-22.78, 6.7029476, 21.581825), (-22.78, 25.047777, 4.5603104), (-22.78, 7.888561, 22.152786), (-22.78, 25.528542, 5.7852764), (-22.78, 9.125132, 22.602861), (-22.78, 25.884949, 7.052024), (-22.78, 10.400371, 22.927576), (-22.78, 26.113457, 8.347963), (-22.78, 11.701605, 23.123707), (-22.78, 26.211798, 9.660214), (-22.78, 13.0159, 23.1893), (-22.78, 26.17899, 10.975738), (-22.78, 14.330195, 23.123707), (-22.78, 26.015362, 12.281456), (-22.78, 15.631429, 22.927576), (-22.78, 25.72254, 13.564394), (-22.78, 16.906668, 22.602861), (-22.78, 25.303434, 14.811802), (-22.78, 18.14324, 22.152786), (-22.78, 24.762207, 16.01128), (-22.78, 19.328852, 21.581825), (-22.78, 24.104242, 17.150911), (-22.78, 20.451725, 20.895653), (-22.78, 23.336075, 18.219366), (-22.78, 21.500696, 20.101088), (-22.78, 22.465342, 19.206026), (-205.3838, 5.876783, 20.839365), (-205.92653, 6.548561, 20.459347), (-204.79019, 5.272552, 21.25502), (-206.41321, 7.2815313, 20.118563), (-206.83926, 8.068758, 19.820236), (-204.15129, 4.7415867, 21.702383), (-207.20065, 8.902793, 19.56719), (-203.47316, 4.2889094, 22.177216), (-207.49396, 9.775744, 19.36182), (-202.7622, 3.9188042, 22.675028), (-202.02516, 3.6347723, 23.19111), (-207.7164, 10.679354, 19.206066), (-207.86586, 11.60507, 19.101406), (-207.94096, 12.544135, 19.048826), (-207.94096, 13.487664, 19.048826), (-202.02516, 6.7327437, 23.19111), (-207.86586, 14.42673, 19.101406), (-207.7164, 15.352447, 19.206066), (-207.49396, 16.256056, 19.36182), (-207.20065, 17.129007, 19.56719), (-206.83926, 17.963041, 19.820236), (-206.41321, 18.750269, 20.118563), (-205.92653, 19.483238, 20.459347), (-205.3838, 20.155018, 20.839365), (-204.79019, 20.759249, 21.25502), (-204.15129, 21.290213, 21.702383), (-203.47316, 21.742891, 22.177216), (-202.7622, 22.112995, 22.675028), (-202.02516, 22.397028, 23.19111), (-202.02516, 19.299057, 23.19111), (-202.13463, 19.244944, 23.114466), (-202.08, 19.272356, 23.152706), (-202.13463, 6.786857, 23.114466), (-202.08, 6.7594438, 23.152706), (-241.63934, 19.520056, 80.919395), (-241.36209, 19.604631, 81.113525), (-244.22998, 19.604631, 85.20928), (-244.74469, 19.43255, 84.84888), (-241.91263, 19.418106, 80.728035), (-242.18124, 19.299057, 80.53995), (-245.24342, 19.200693, 84.49966), (-245.72153, 18.91122, 84.164894), (-246.17453, 18.56683, 83.84769), (-246.59824, 18.17073, 83.55101), (-246.9887, 17.72661, 83.27761), (-247.34225, 17.238607, 83.030045), (-247.65562, 16.711266, 82.81062), (-247.92589, 16.149502, 82.621376), (-248.15054, 15.558546, 82.46407), (-248.32748, 14.943904, 82.34018), (-248.45505, 14.311301, 82.250854), (-248.53207, 13.666632, 82.19692), (-248.55783, 13.0159, 82.17889), (-248.53207, 12.365169, 82.19692), (-248.45505, 11.720498, 82.250854), (-248.32748, 11.087896, 82.34018), (-248.15054, 10.473254, 82.46407), (-247.92589, 9.882298, 82.621376), (-247.65562, 9.320534, 82.81062), (-247.34225, 8.793194, 83.030045), (-246.9887, 8.30519, 83.27761), (-246.59824, 7.86107, 83.55101), (-246.17453, 7.4649696, 83.84769), (-245.72153, 7.1205797, 84.164894), (-244.74469, 6.5992503, 84.84888), (-242.18124, 6.7327437, 80.53995), (-245.24342, 6.8311076, 84.49966), (-241.91263, 6.613693, 80.728035), (-241.63934, 6.511744, 80.919395), (-244.22998, 6.427168, 85.20928), (-241.36209, 6.427168, 81.113525), (-122.95, 25.0318, 3.0393), (-81.17, 25.0318, 3.0393), (-70.6425, 21.0418, -0.9307), (-70.635544, 21.0418, -1.070095), (-70.61474, 21.0418, -1.2081046), (-70.5803, 21.0418, -1.3433572), (-70.53257, 21.0418, -1.4745088), (-70.47201, 21.0418, -1.6002556), (-70.39923, 21.0418, -1.7193481), (-70.314964, 21.0418, -1.8306026), (-70.22003, 21.0418, -1.9329135), (-70.11539, 21.0418, -2.025264), (-70.00207, 21.0418, -2.1067362), (-69.881195, 21.0418, -2.1765206), (-69.753975, 21.0418, -2.2339232), (-69.62167, 21.0418, -2.278374), (-69.48561, 21.0418, -2.3094308), (-69.34712, 21.0418, -2.3267853), (-69.207596, 21.0418, -2.3302648), (-69.06842, 21.0418, -2.319835), (-68.93097, 21.0418, -2.295599), (-68.796616, 21.0418, -2.2577982), (-68.666695, 21.0418, -2.206808), (-68.5425, 21.0418, -2.1431355), (-68.42526, 21.0418, -2.067413), (-68.31614, 21.0418, -1.9803936), (-68.216225, 21.0418, -1.8829418), (-68.12652, 21.0418, -1.7760261), (-68.04789, 21.0418, -1.6607093), (-67.98114, 21.0418, -1.5381372), (-67.92693, 21.0418, -1.4095283), (-67.885796, 21.0418, -1.2761604), (-67.85814, 21.0418, -1.1393591), (-67.84424, 21.0418, -1.0004842), (-67.84424, 21.0418, -0.8609158), (-67.85814, 21.0418, -0.72204083), (-67.885796, 21.0418, -0.58523965), (-67.92693, 21.0418, -0.4518718), (-67.98114, 21.0418, -0.32326275), (-68.04789, 21.0418, -0.20069072), (-68.12652, 21.0418, -0.08537383), (-68.216225, 21.0418, 0.021541832), (-68.31614, 21.0418, 0.118993685), (-68.42526, 21.0418, 0.2060132), (-68.5425, 21.0418, 0.28173557), (-68.666695, 21.0418, 0.3454082), (-68.796616, 21.0418, 0.39639828), (-68.93097, 21.0418, 0.43419906), (-69.06842, 21.0418, 0.45843488), (-69.207596, 21.0418, 0.46886486), (-69.34712, 21.0418, 0.46538532), (-69.48561, 21.0418, 0.44803086), (-69.62167, 21.0418, 0.41697395), (-69.753975, 21.0418, 0.37252325), (-69.881195, 21.0418, 0.31512052), (-70.00207, 21.0418, 0.2453363), (-70.11539, 21.0418, 0.16386408), (-70.22003, 21.0418, 0.071513586), (-70.314964, 21.0418, -0.030797346), (-70.39923, 21.0418, -0.14205192), (-70.47201, 21.0418, -0.26114443), (-70.53257, 21.0418, -0.38689128), (-70.5803, 21.0418, -0.51804274), (-70.61474, 21.0418, -0.6532954), (-70.635544, 21.0418, -0.791305), (-136.2775, 21.0418, -0.9307), (-136.27054, 21.0418, -1.070095), (-136.24974, 21.0418, -1.2081046), (-136.2153, 21.0418, -1.3433572), (-136.16757, 21.0418, -1.4745088), (-136.10701, 21.0418, -1.6002556), (-136.03424, 21.0418, -1.7193481), (-135.94997, 21.0418, -1.8306026), (-135.85503, 21.0418, -1.9329135), (-135.75038, 21.0418, -2.025264), (-135.63707, 21.0418, -2.1067362), (-135.51619, 21.0418, -2.1765206), (-135.38898, 21.0418, -2.2339232), (-135.25668, 21.0418, -2.278374), (-135.1206, 21.0418, -2.3094308), (-134.98212, 21.0418, -2.3267853), (-134.84259, 21.0418, -2.3302648), (-134.70341, 21.0418, -2.319835), (-134.56596, 21.0418, -2.295599), (-134.43163, 21.0418, -2.2577982), (-134.3017, 21.0418, -2.206808), (-134.1775, 21.0418, -2.1431355), (-134.06026, 21.0418, -2.067413), (-133.95114, 21.0418, -1.9803936), (-133.85123, 21.0418, -1.8829418), (-133.76152, 21.0418, -1.7760261), (-133.68289, 21.0418, -1.6607093), (-133.61615, 21.0418, -1.5381372), (-133.56194, 21.0418, -1.4095283), (-133.5208, 21.0418, -1.2761604), (-133.49313, 21.0418, -1.1393591), (-133.47923, 21.0418, -1.0004842), (-133.47923, 21.0418, -0.8609158), (-133.49313, 21.0418, -0.72204083), (-133.5208, 21.0418, -0.58523965), (-133.56194, 21.0418, -0.4518718), (-133.61615, 21.0418, -0.32326275), (-133.68289, 21.0418, -0.20069072), (-133.76152, 21.0418, -0.08537383), (-133.85123, 21.0418, 0.021541832), (-133.95114, 21.0418, 0.118993685), (-134.06026, 21.0418, 0.2060132), (-134.1775, 21.0418, 0.28173557), (-134.3017, 21.0418, 0.3454082), (-134.43163, 21.0418, 0.39639828), (-134.56596, 21.0418, 0.43419906), (-134.70341, 21.0418, 0.45843488), (-134.84259, 21.0418, 0.46886486), (-134.98212, 21.0418, 0.46538532), (-135.1206, 21.0418, 0.44803086), (-135.25668, 21.0418, 0.41697395), (-135.38898, 21.0418, 0.37252325), (-135.51619, 21.0418, 0.31512052), (-135.63707, 21.0418, 0.2453363), (-135.75038, 21.0418, 0.16386408), (-135.85503, 21.0418, 0.071513586), (-135.94997, 21.0418, -0.030797346), (-136.03424, 21.0418, -0.14205192), (-136.10701, 21.0418, -0.26114443), (-136.16757, 21.0418, -0.38689128), (-136.2153, 21.0418, -0.51804274), (-136.24974, 21.0418, -0.6532954), (-136.27054, 21.0418, -0.791305), (-25.78, 8.501234, 22.393242), (-25.78, 9.758702, 22.78112), (-25.78, 12.357934, 23.172892), (-25.78, 13.673865, 23.172892), (-25.78, 11.048542, 23.041866), (-25.78, 14.983258, 23.041866), (-25.78, 16.273098, 22.78112), (-25.78, 17.530565, 22.393242), (-25.78, 8.501234, -2.4146426), (-25.78, 9.758702, -2.8025203), (-25.78, 11.048542, -3.063267), (-25.78, 12.357934, -3.1942914), (-25.78, 13.673865, -3.1942914), (-25.78, 14.983258, -3.063267), (-25.78, 16.273098, -2.8025203), (-25.78, 17.530565, -2.4146426), (-24.28, 8.501234, -2.4146426), (-24.28, 0.28797793, -0.19303764), (-24.28, 2.8335624, -2.738622), (-24.28, 3.240719, 1.1187962), (-24.28, 4.145396, 0.21411903), (-24.28, 2.4278738, 2.1068065), (-24.28, 5.1334066, -0.59872615), (-24.28, 1.714497, 3.1688683), (-24.28, 6.1954684, -1.312103), (-24.28, 1.10729, 4.295004), (-24.28, 7.321604, -1.91931), (-24.28, 0.61195743, 5.474634), (-24.28, 1.5607702, -4.011414), (-24.28, -0.9848143, -1.4658298), (-25.78, 0.61195743, 5.474634), (-25.78, 0.22407982, 6.7321024), (-25.78, -0.036666907, 8.021942), (-25.78, -0.16769136, 9.331334), (-25.78, -0.16769136, 10.647265), (-25.78, -0.036666907, 11.956658), (-25.78, 0.22407982, 13.246498), (-25.78, 0.61195743, 14.503966), (-24.28, 0.61195743, 14.503966), (-24.28, 1.10729, 15.683596), (-24.28, 1.714497, 16.809732), (-24.28, 0.28797793, 20.171638), (-24.28, 2.4278738, 17.871794), (-24.28, 3.240719, 18.859804), (-24.28, 4.145396, 19.76448), (-24.28, 2.8335624, 22.717222), (-24.28, 5.1334066, 20.577326), (-24.28, 6.1954684, 21.290703), (-24.28, 7.321604, 21.89791), (-24.28, 8.501234, 22.393242), (-24.28, -0.9848143, 21.44443), (-24.28, 1.5607702, 23.990015), (-24.28, 17.530565, 22.393242), (-24.28, 23.198238, 22.717222), (-24.28, 19.836332, 21.290703), (-24.28, 20.898394, 20.577326), (-24.28, 21.886404, 19.76448), (-24.28, 25.743822, 20.171638), (-24.28, 22.79108, 18.859804), (-24.28, 23.603926, 17.871794), (-24.28, 24.317303, 16.809732), (-24.28, 18.710196, 21.89791), (-24.28, 25.419842, 14.503966), (-24.28, 24.924511, 15.683596), (-24.28, 24.47103, 23.990015), (-24.28, 27.016615, 21.44443), (-25.78, 25.419842, 14.503966), (-25.78, 25.80772, 6.7321024), (-25.78, 25.419842, 5.474634), (-25.78, 26.068466, 8.021942), (-25.78, 26.199492, 9.331334), (-25.78, 26.199492, 10.647265), (-25.78, 26.068466, 11.956658), (-25.78, 25.80772, 13.246498), (-24.28, 25.419842, 5.474634), (-24.28, 17.530565, -2.4146426), (-24.28, 18.710196, -1.91931), (-24.28, 19.836332, -1.312103), (-24.28, 23.198238, -2.738622), (-24.28, 20.898394, -0.59872615), (-24.28, 21.886404, 0.21411903), (-24.28, 25.743822, -0.19303764), (-24.28, 22.79108, 1.1187962), (-24.28, 23.603926, 2.1068065), (-24.28, 24.317303, 3.1688683), (-24.28, 24.924511, 4.295004), (-24.28, 27.016615, -1.4658298), (-24.28, 24.47103, -4.011414), (-24.28, 14.166356, 23.13907), (-24.28, 13.0159, 23.1893), (-24.28, 15.308056, 22.988762), (-24.28, 16.432312, 22.739521), (-242.18124, 22.397028, 80.53995), (-242.91829, 22.112995, 80.023865), (-243.62924, 21.742891, 79.52605), (-244.30737, 21.290213, 79.051216), (-244.94627, 20.759249, 78.60386), (-245.53989, 20.155018, 78.1882), (-246.08261, 19.483238, 77.80818), (-246.5693, 18.750269, 77.4674), (-243.02855, 18.0159, 71.55893), (-246.99536, 17.963041, 77.16907), (-243.02855, 17.360647, 70.9304), (-247.35674, 17.129007, 76.91602), (-243.02855, 16.679567, 70.39174), (-209.02855, 18.0159, 23.001898), (-247.65004, 16.256056, 76.710655), (-243.02855, 16.047855, 69.98646), (-209.02855, 17.360647, 22.373362), (-247.87248, 15.352447, 76.5549), (-243.02855, 15.4667425, 69.687805), (-209.02855, 16.679567, 21.83471), (-243.02855, 14.87607, 69.45297), (-248.02196, 14.42673, 76.45024), (-209.02855, 16.047855, 21.429428), (-243.02855, 14.338194, 69.29696), (-243.02855, 13.850485, 69.201805), (-248.09705, 13.487664, 76.39766), (-209.02855, 15.4667425, 21.13077), (-243.02855, 13.360639, 69.14978), (-209.02855, 14.87607, 20.89594), (-243.02855, 12.86991, 69.14101), (-248.09705, 12.544135, 76.39766), (-209.02855, 14.338194, 20.739931), (-243.02855, 12.379556, 69.17552), (-209.02855, 13.850485, 20.644773), (-243.02855, 11.89083, 69.253235), (-248.02196, 11.60507, 76.45024), (-209.02855, 13.360639, 20.592745), (-243.02855, 11.404984, 69.37394), (-209.02855, 12.86991, 20.583977), (-243.02855, 10.923262, 69.53733), (-247.87248, 10.679354, 76.5549), (-209.02855, 12.379556, 20.618492), (-243.02855, 10.446896, 69.74299), (-209.02855, 11.89083, 20.696201), (-247.65004, 9.775744, 76.710655), (-243.02855, 9.977105, 69.99039), (-209.02855, 11.404984, 20.816906), (-243.02855, 9.515093, 70.2789), (-209.02855, 10.923262, 20.980297), (-247.35674, 8.902793, 76.91602), (-243.02855, 9.062042, 70.60778), (-209.02855, 10.446896, 21.185957), (-243.02855, 8.619112, 70.97619), (-246.99536, 8.068758, 77.16907), (-243.02855, 8.314534, 71.25821), (-209.02855, 9.977105, 21.433357), (-243.02855, 8.0159, 71.55893), (-209.02855, 9.515093, 21.721869), (-246.5693, 7.2815313, 77.4674), (-209.02855, 9.062042, 22.050749), (-209.02855, 8.619112, 22.419157), (-209.02855, 8.314534, 22.701178), (-209.02855, 8.0159, 23.001898), (-246.08261, 6.548561, 77.80818), (-245.53989, 5.876783, 78.1882), (-244.94627, 5.272552, 78.60386), (-244.30737, 4.7415867, 79.051216), (-242.91829, 3.9188042, 80.023865), (-243.62924, 4.2889094, 79.52605), (-242.18124, 3.6347723, 80.53995), (-249.46194, 0.5194566, 75.44195), (-250.43753, 1.6787872, 74.758835), (-251.31357, 2.9510715, 74.145424), (-248.39655, -0.5153698, 76.18794), (-252.08136, 4.323633, 73.60781), (-247.25195, -1.4153818, 76.989395), (-252.73323, 5.7827973, 73.15137), (-246.03957, -2.1716125, 77.838326), (-244.77145, -2.7765276, 78.72626), (-253.26271, 7.3140264, 72.780624), (-243.46027, -3.2241, 79.64436), (-241.36209, -3.2241, 81.113525), (-253.66449, 8.902064, 72.49929), (-253.9346, 10.531089, 72.310165), (-254.07033, 12.18487, 72.215126), (-254.07033, 13.8469305, 72.215126), (-253.9346, 15.500711, 72.310165), (-253.66449, 17.129736, 72.49929), (-253.26271, 18.717773, 72.780624), (-252.73323, 20.249002, 73.15137), (-252.08136, 21.708166, 73.60781), (-251.31357, 23.080729, 74.145424), (-250.43753, 24.353012, 74.758835), (-249.46194, 25.512342, 75.44195), (-248.39655, 26.54717, 76.18794), (-247.25195, 27.447182, 76.989395), (-246.03957, 28.203413, 77.838326), (-244.77145, 28.808327, 78.72626), (-243.46027, 29.2559, 79.64436), (-241.36209, 29.2559, 81.113525), (-244.22998, -3.2241, 85.20928), (-253.3054, 1.6787872, 78.8546), (-252.32983, 0.5194566, 79.537704), (-251.26443, -0.5153698, 80.28371), (-254.18146, 2.9510715, 78.24118), (-250.11984, -1.4153818, 81.08516), (-254.94925, 4.323633, 77.703575), (-248.90746, -2.1716125, 81.93408), (-255.60112, 5.7827973, 77.24712), (-247.63934, -2.7765276, 82.82202), (-256.13058, 7.3140264, 76.87639), (-246.32816, -3.2241, 83.74012), (-256.53238, 8.902064, 76.595055), (-256.8025, 10.531089, 76.40592), (-256.9382, 12.18487, 76.31088), (-256.9382, 13.8469305, 76.31088), (-256.8025, 15.500711, 76.40592), (-256.53238, 17.129736, 76.595055), (-256.13058, 18.717773, 76.87639), (-255.60112, 20.249002, 77.24712), (-254.94925, 21.708166, 77.703575), (-254.18146, 23.080729, 78.24118), (-253.3054, 24.353012, 78.8546), (-252.32983, 25.512342, 79.537704), (-251.26443, 26.54717, 80.28371), (-250.11984, 27.447182, 81.08516), (-248.90746, 28.203413, 81.93408), (-247.63934, 28.808327, 82.82202), (-246.32816, 29.2559, 83.74012), (-244.22998, 29.2559, 85.20928), (-19.98, -0.9848143, -1.4658298), (-19.98, 0.28797793, -0.19303764), (-19.98, 2.8335624, -2.738622), (-19.98, 1.5607702, -4.011414), (-19.98, 1.5607702, 23.990015), (-19.98, 2.8335624, 22.717222), (-19.98, 0.28797793, 20.171638), (-19.98, -0.9848143, 21.44443), (-19.98, 27.016615, 21.44443), (-19.98, 25.743822, 20.171638), (-19.98, 23.198238, 22.717222), (-19.98, 24.47103, 23.990015), (-19.98, 24.47103, -4.011414), (-19.98, 23.198238, -2.738622), (-19.98, 25.743822, -0.19303764), (-19.98, 27.016615, -1.4658298), (-209.02855, 18.0159, -21.1307), (-243.02855, 18.0159, -21.1307), (-243.02855, 8.0159, -21.1307), (-209.02855, 8.0159, -21.1307), (-205.02855, 35.0159, -21.1307), (-205.02855, -8.9841, -21.1307), (-247.02855, 35.0159, -21.1307), (-247.02855, -8.9841, -21.1307), (-205.02855, -8.9841, -27.1307), (-205.02855, 35.0159, -27.1307), (-247.02855, -8.9841, -27.1307), (-247.02855, 35.0159, -27.1307)]
            uniform token subdivisionScheme = "none"
        }

        def Mesh "Part_2"
        {
            float3[] extent = [(-19.98, -1.8191, -4.8457), (19.98, 27.8509, 24.8243)]
            int[] faceVertexCounts = [3, 3, 3, 3, 3, 3, 3, 3, 3, 3, 3, 3, 3, 3, 3, 3, 3, 3, 3, 3, 3, 3, 3, 3, 3, 3, 3, 3, 3, 3, 3, 3, 3, 3, 3, 3, 3, 3, 3, 3, 3, 3, 3, 3, 3, 3, 3, 3, 3, 3, 3, 3, 3, 3, 3, 3, 3, 3, 3, 3, 3, 3, 3, 3, 3, 3, 3, 3, 3, 3, 3, 3, 3, 3, 3, 3, 3, 3, 3, 3, 3, 3, 3, 3, 3, 3, 3, 3, 3, 3, 3, 3, 3, 3, 3, 3, 3, 3, 3, 3, 3, 3, 3, 3, 3, 3, 3, 3, 3, 3, 3, 3, 3, 3, 3, 3, 3, 3, 3, 3, 3, 3, 3, 3, 3, 3, 3, 3, 3, 3, 3, 3, 3, 3, 3, 3, 3, 3, 3, 3, 3, 3, 3, 3, 3, 3, 3, 3, 3, 3, 3, 3, 3, 3, 3, 3, 3, 3, 3, 3, 3, 3, 3, 3, 3, 3, 3, 3, 3, 3, 3, 3, 3, 3, 3, 3, 3, 3, 3, 3, 3, 3, 3, 3, 3, 3, 3, 3, 3, 3, 3, 3, 3, 3, 3, 3, 3, 3, 3, 3, 3, 3, 3, 3, 3, 3, 3, 3, 3, 3, 3, 3, 3, 3, 3, 3, 3, 3, 3, 3, 3, 3, 3, 3, 3, 3, 3, 3, 3, 3, 3, 3, 3, 3, 3, 3, 3, 3, 3, 3, 3, 3, 3, 3, 3, 3, 3, 3, 3, 3, 3, 3, 3, 3, 3, 3, 3, 3, 3, 3, 3, 3, 3, 3, 3, 3, 3, 3, 3, 3, 3, 3, 3, 3, 3, 3, 3, 3, 3, 3, 3, 3, 3, 3, 3, 3, 3, 3, 3, 3, 3, 3, 3, 3, 3, 3, 3, 3, 3, 3, 3, 3, 3, 3, 3, 3, 3, 3, 3, 3, 3, 3, 3, 3, 3, 3, 3, 3, 3, 3, 3, 3, 3, 3, 3, 3, 3, 3, 3, 3, 3, 3, 3, 3, 3, 3, 3, 3, 3, 3, 3, 3, 3, 3, 3, 3, 3, 3, 3, 3, 3, 3, 3, 3, 3, 3, 3, 3, 3, 3, 3, 3, 3, 3, 3, 3, 3, 3, 3, 3, 3, 3, 3, 3, 3, 3, 3, 3, 3, 3, 3, 3, 3, 3, 3, 3, 3, 3, 3, 3, 3, 3, 3, 3, 3, 3, 3, 3, 3, 3, 3, 3, 3, 3, 3, 3, 3, 3, 3, 3, 3, 3, 3, 3, 3, 3, 3, 3, 3, 3, 3, 3, 3, 3, 3, 3, 3, 3, 3, 3, 3, 3, 3, 3, 3, 3, 3, 3, 3, 3, 3, 3, 3, 3, 3, 3, 3, 3, 3, 3, 3, 3, 3, 3, 3, 3, 3, 3, 3, 3, 3, 3, 3, 3, 3, 3, 3, 3, 3, 3, 3, 3, 3, 3, 3, 3, 3, 3, 3, 3, 3, 3, 3, 3, 3, 3, 3, 3, 3, 3, 3, 3, 3, 3, 3, 3, 3, 3, 3, 3, 3, 3, 3, 3, 3, 3, 3, 3, 3, 3, 3, 3, 3, 3, 3, 3, 3, 3, 3, 3, 3, 3, 3, 3, 3, 3, 3, 3, 3, 3, 3, 3, 3, 3, 3, 3, 3, 3, 3, 3, 3, 3, 3, 3, 3, 3, 3, 3, 3, 3, 3, 3, 3, 3, 3, 3, 3, 3, 3, 3, 3, 3, 3, 3, 3, 3, 3, 3, 3, 3, 3, 3, 3, 3, 3, 3, 3, 3, 3, 3, 3, 3, 3, 3, 3, 3, 3, 3, 3, 3, 3, 3, 3, 3, 3, 3, 3, 3, 3, 3, 3, 3, 3, 3, 3, 3, 3, 3, 3, 3, 3, 3, 3, 3, 3, 3, 3, 3, 3, 3, 3, 3, 3, 3, 3, 3, 3, 3, 3, 3, 3, 3, 3, 3, 3, 3, 3, 3, 3, 3, 3, 3, 3, 3, 3, 3, 3, 3, 3, 3, 3, 3, 3, 3, 3, 3, 3, 3, 3, 3, 3, 3, 3, 3, 3, 3, 3, 3, 3, 3, 3, 3, 3, 3, 3, 3, 3, 3, 3, 3, 3, 3, 3, 3, 3, 3, 3, 3, 3, 3, 3, 3, 3, 3, 3, 3, 3, 3, 3, 3, 3, 3, 3, 3, 3, 3, 3, 3, 3, 3, 3, 3, 3, 3, 3, 3, 3, 3, 3, 3, 3, 3, 3, 3, 3, 3, 3, 3, 3, 3, 3, 3, 3, 3, 3, 3, 3, 3, 3, 3, 3, 3, 3, 3, 3, 3, 3, 3, 3, 3, 3, 3, 3, 3, 3, 3, 3, 3, 3, 3, 3, 3, 3, 3, 3, 3, 3, 3, 3, 3, 3, 3, 3, 3, 3, 3, 3, 3, 3, 3, 3, 3, 3, 3, 3, 3, 3, 3, 3, 3, 3, 3, 3, 3, 3, 3, 3, 3, 3, 3, 3, 3, 3, 3, 3, 3, 3, 3, 3, 3, 3, 3, 3, 3, 3, 3, 3, 3, 3, 3, 3, 3, 3, 3, 3, 3, 3, 3, 3, 3, 3, 3, 3, 3, 3, 3, 3, 3, 3, 3, 3, 3, 3, 3, 3, 3, 3, 3, 3, 3, 3, 3, 3, 3, 3, 3, 3, 3, 3, 3, 3, 3, 3, 3, 3, 3, 3, 3, 3, 3, 3, 3, 3, 3, 3, 3, 3, 3, 3, 3, 3, 3, 3, 3, 3, 3, 3, 3, 3, 3, 3, 3, 3, 3, 3, 3, 3, 3, 3, 3, 3, 3, 3, 3, 3, 3, 3, 3, 3, 3, 3, 3, 3, 3, 3, 3, 3, 3, 3, 3, 3, 3, 3, 3, 3, 3, 3, 3, 3, 3, 3, 3, 3, 3, 3, 3, 3, 3, 3, 3, 3, 3, 3, 3, 3, 3, 3, 3, 3, 3, 3, 3, 3, 3, 3, 3, 3, 3, 3, 3, 3, 3, 3, 3, 3, 3, 3, 3, 3, 3, 3, 3, 3, 3, 3, 3, 3, 3, 3, 3, 3, 3, 3, 3, 3, 3, 3, 3, 3, 3, 3, 3, 3, 3, 3, 3, 3, 3, 3, 3, 3, 3, 3, 3, 3, 3, 3, 3, 3, 3, 3, 3, 3, 3, 3, 3, 3, 3, 3, 3, 3, 3, 3, 3]
            int[] faceVertexIndices = [0, 4, 1, 1, 4, 5, 1, 5, 2, 2, 5, 6, 2, 6, 3, 3, 6, 7, 3, 7, 0, 0, 7, 4, 4, 8, 5, 5, 8, 9, 5, 9, 6, 6, 9, 10, 6, 10, 7, 7, 10, 11, 7, 11, 4, 4, 11, 8, 8, 12, 9, 9, 12, 13, 9, 13, 10, 10, 13, 14, 10, 14, 11, 11, 14, 15, 11, 15, 8, 8, 15, 12, 12, 16, 13, 13, 16, 17, 13, 17, 14, 14, 17, 18, 14, 18, 15, 15, 18, 19, 15, 19, 12, 12, 19, 16, 16, 20, 17, 17, 20, 21, 17, 21, 18, 18, 21, 22, 18, 22, 19, 19, 22, 23, 19, 23, 16, 16, 23, 20, 20, 24, 21, 21, 24, 25, 21, 25, 22, 22, 25, 26, 22, 26, 23, 23, 26, 27, 23, 27, 20, 20, 27, 24, 24, 28, 25, 25, 28, 29, 25, 29, 26, 26, 29, 30, 26, 30, 27, 27, 30, 31, 27, 31, 24, 24, 31, 28, 28, 32, 29, 29, 32, 33, 29, 33, 30, 30, 33, 34, 30, 34, 31, 31, 34, 35, 31, 35, 28, 28, 35, 32, 32, 36, 33, 33, 36, 37, 33, 37, 34, 34, 37, 38, 34, 38, 35, 35, 38, 39, 35, 39, 32, 32, 39, 36, 36, 40, 37, 37, 40, 41, 37, 41, 38, 38, 41, 42, 38, 42, 39, 39, 42, 43, 39, 43, 36, 36, 43, 40, 40, 44, 41, 41, 44, 45, 41, 45, 42, 42, 45, 46, 42, 46, 43, 43, 46, 47, 43, 47, 40, 40, 47, 44, 44, 48, 45, 45, 48, 49, 45, 49, 46, 46, 49, 50, 46, 50, 47, 47, 50, 51, 47, 51, 44, 44, 51, 48, 48, 52, 49, 49, 52, 53, 49, 53, 50, 50, 53, 54, 50, 54, 51, 51, 54, 55, 51, 55, 48, 48, 55, 52, 52, 56, 53, 53, 56, 57, 53, 57, 54, 54, 57, 58, 54, 58, 55, 55, 58, 59, 55, 59, 52, 52, 59, 56, 56, 60, 57, 57, 60, 61, 57, 61, 58, 58, 61, 62, 58, 62, 59, 59, 62, 63, 59, 63, 56, 56, 63, 60, 60, 64, 61, 61, 64, 65, 61, 65, 62, 62, 65, 66, 62, 66, 63, 63, 66, 67, 63, 67, 60, 60, 67, 64, 64, 68, 65, 65, 68, 69, 65, 69, 66, 66, 69, 70, 66, 70, 67, 67, 70, 71, 67, 71, 64, 64, 71, 68, 68, 72, 69, 69, 72, 73, 69, 73, 70, 70, 73, 74, 70, 74, 71, 71, 74, 75, 71, 75, 68, 68, 75, 72, 72, 76, 73, 73, 76, 77, 73, 77, 74, 74, 77, 78, 74, 78, 75, 75, 78, 79, 75, 79, 72, 72, 79, 76, 76, 80, 77, 77, 80, 81, 77, 81, 78, 78, 81, 82, 78, 82, 79, 79, 82, 83, 79, 83, 76, 76, 83, 80, 80, 84, 81, 81, 84, 85, 81, 85, 82, 82, 85, 86, 82, 86, 83, 83, 86, 87, 83, 87, 80, 80, 87, 84, 84, 88, 85, 85, 88, 89, 85, 89, 86, 86, 89, 90, 86, 90, 87, 87, 90, 91, 87, 91, 84, 84, 91, 88, 88, 92, 89, 89, 92, 93, 89, 93, 90, 90, 93, 94, 90, 94, 91, 91, 94, 95, 91, 95, 88, 88, 95, 92, 92, 96, 93, 93, 96, 97, 93, 97, 94, 94, 97, 98, 94, 98, 95, 95, 98, 99, 95, 99, 92, 92, 99, 96, 96, 100, 97, 97, 100, 101, 97, 101, 98, 98, 101, 102, 98, 102, 99, 99, 102, 103, 99, 103, 96, 96, 103, 100, 100, 104, 101, 101, 104, 105, 101, 105, 102, 102, 105, 106, 102, 106, 103, 103, 106, 107, 103, 107, 100, 100, 107, 104, 104, 108, 105, 105, 108, 109, 105, 109, 106, 106, 109, 110, 106, 110, 107, 107, 110, 111, 107, 111, 104, 104, 111, 108, 108, 112, 109, 109, 112, 113, 109, 113, 110, 110, 113, 114, 110, 114, 111, 111, 114, 115, 111, 115, 108, 108, 115, 112, 112, 116, 113, 113, 116, 117, 113, 117, 114, 114, 117, 118, 114, 118, 115, 115, 118, 119, 115, 119, 112, 112, 119, 116, 116, 120, 117, 117, 120, 121, 117, 121, 118, 118, 121, 122, 118, 122, 119, 119, 122, 123, 119, 123, 116, 116, 123, 120, 120, 124, 121, 121, 124, 125, 121, 125, 122, 122, 125, 126, 122, 126, 123, 123, 126, 127, 123, 127, 120, 120, 127, 124, 124, 128, 125, 125, 128, 129, 125, 129, 126, 126, 129, 130, 126, 130, 127, 127, 130, 131, 127, 131, 124, 124, 131, 128, 128, 132, 129, 129, 132, 133, 129, 133, 130, 130, 133, 134, 130, 134, 131, 131, 134, 135, 131, 135, 128, 128, 135, 132, 132, 136, 133, 133, 136, 137, 133, 137, 134, 134, 137, 138, 134, 138, 135, 135, 138, 139, 135, 139, 132, 132, 139, 136, 136, 140, 137, 137, 140, 141, 137, 141, 138, 138, 141, 142, 138, 142, 139, 139, 142, 143, 139, 143, 136, 136, 143, 140, 140, 144, 141, 141, 144, 145, 141, 145, 142, 142, 145, 146, 142, 146, 143, 143, 146, 147, 143, 147, 140, 140, 147, 144, 144, 148, 145, 145, 148, 149, 145, 149, 146, 146, 149, 150, 146, 150, 147, 147, 150, 151, 147, 151, 144, 144, 151, 148, 148, 152, 149, 149, 152, 153, 149, 153, 150, 150, 153, 154, 150, 154, 151, 151, 154, 155, 151, 155, 148, 148, 155, 152, 152, 156, 153, 153, 156, 157, 153, 157, 154, 154, 157, 158, 154, 158, 155, 155, 158, 159, 155, 159, 152, 152, 159, 156, 156, 160, 157, 157, 160, 161, 157, 161, 158, 158, 161, 162, 158, 162, 159, 159, 162, 163, 159, 163, 156, 156, 163, 160, 160, 164, 161, 161, 164, 165, 161, 165, 162, 162, 165, 166, 162, 166, 163, 163, 166, 167, 163, 167, 160, 160, 167, 164, 164, 168, 165, 165, 168, 169, 165, 169, 166, 166, 169, 170, 166, 170, 167, 167, 170, 171, 167, 171, 164, 164, 171, 168, 168, 172, 169, 169, 172, 173, 169, 173, 170, 170, 173, 174, 170, 174, 171, 171, 174, 175, 171, 175, 168, 168, 175, 172, 172, 176, 173, 173, 176, 177, 173, 177, 174, 174, 177, 178, 174, 178, 175, 175, 178, 179, 175, 179, 172, 172, 179, 176, 176, 180, 177, 177, 180, 181, 177, 181, 178, 178, 181, 182, 178, 182, 179, 179, 182, 183, 179, 183, 176, 176, 183, 180, 180, 184, 181, 181, 184, 185, 181, 185, 182, 182, 185, 186, 182, 186, 183, 183, 186, 187, 183, 187, 180, 180, 187, 184, 184, 188, 185, 185, 188, 189, 185, 189, 186, 186, 189, 190, 186, 190, 187, 187, 190, 191, 187, 191, 184, 184, 191, 188, 188, 192, 189, 189, 192, 193, 189, 193, 190, 190, 193, 194, 190, 194, 191, 191, 194, 195, 191, 195, 188, 188, 195, 192, 192, 196, 193, 193, 196, 197, 193, 197, 194, 194, 197, 198, 194, 198, 195, 195, 198, 199, 195, 199, 192, 192, 199, 196, 196, 200, 197, 197, 200, 201, 197, 201, 198, 198, 201, 202, 198, 202, 199, 199, 202, 203, 199, 203, 196, 196, 203, 200, 200, 204, 201, 201, 204, 205, 201, 205, 202, 202, 205, 206, 202, 206, 203, 203, 206, 207, 203, 207, 200, 200, 207, 204, 204, 208, 205, 205, 208, 209, 205, 209, 206, 206, 209, 210, 206, 210, 207, 207, 210, 211, 207, 211, 204, 204, 211, 208, 208, 212, 209, 209, 212, 213, 209, 213, 210, 210, 213, 214, 210, 214, 211, 211, 214, 215, 211, 215, 208, 208, 215, 212, 212, 216, 213, 213, 216, 217, 213, 217, 214, 214, 217, 218, 214, 218, 215, 215, 218, 219, 215, 219, 212, 212, 219, 216, 216, 220, 217, 217, 220, 221, 217, 221, 218, 218, 221, 222, 218, 222, 219, 219, 222, 223, 219, 223, 216, 216, 223, 220, 220, 224, 221, 221, 224, 225, 221, 225, 222, 222, 225, 226, 222, 226, 223, 223, 226, 227, 223, 227, 220, 220, 227, 224, 224, 228, 225, 225, 228, 229, 225, 229, 226, 226, 229, 230, 226, 230, 227, 227, 230, 231, 227, 231, 224, 224, 231, 228, 228, 232, 229, 229, 232, 233, 229, 233, 230, 230, 233, 234, 230, 234, 231, 231, 234, 235, 231, 235, 228, 228, 235, 232, 232, 236, 233, 233, 236, 237, 233, 237, 234, 234, 237, 238, 234, 238, 235, 235, 238, 239, 235, 239, 232, 232, 239, 236, 236, 240, 237, 237, 240, 241, 237, 241, 238, 238, 241, 242, 238, 242, 239, 239, 242, 243, 239, 243, 236, 236, 243, 240, 240, 244, 241, 241, 244, 245, 241, 245, 242, 242, 245, 246, 242, 246, 243, 243, 246, 247, 243, 247, 240, 240, 247, 244, 244, 248, 245, 245, 248, 249, 245, 249, 246, 246, 249, 250, 246, 250, 247, 247, 250, 251, 247, 251, 244, 244, 251, 248, 248, 252, 249, 249, 252, 253, 249, 253, 250, 250, 253, 254, 250, 254, 251, 251, 254, 255, 251, 255, 248, 248, 255, 252, 252, 256, 253, 253, 256, 257, 253, 257, 254, 254, 257, 258, 254, 258, 255, 255, 258, 259, 255, 259, 252, 252, 259, 256, 256, 260, 257, 257, 260, 261, 257, 261, 258, 258, 261, 262, 258, 262, 259, 259, 262, 263, 259, 263, 256, 256, 263, 260, 260, 264, 261, 261, 264, 265, 261, 265, 262, 262, 265, 266, 262, 266, 263, 263, 266, 267, 263, 267, 260, 260, 267, 264, 264, 268, 265, 265, 268, 269, 265, 269, 266, 266, 269, 270, 266, 270, 267, 267, 270, 271, 267, 271, 264, 264, 271, 268, 268, 272, 269, 269, 272, 273, 269, 273, 270, 270, 273, 274, 270, 274, 271, 271, 274, 275, 271, 275, 268, 268, 275, 272, 272, 276, 273, 273, 276, 277, 273, 277, 274, 274, 277, 278, 274, 278, 275, 275, 278, 279, 275, 279, 272, 272, 279, 276, 276, 280, 277, 277, 280, 281, 277, 281, 278, 278, 281, 282, 278, 282, 279, 279, 282, 283, 279, 283, 276, 276, 283, 280, 280, 284, 281, 281, 284, 285, 281, 285, 282, 282, 285, 286, 282, 286, 283, 283, 286, 287, 283, 287, 280, 280, 287, 284, 284, 288, 285, 285, 288, 289, 285, 289, 286, 286, 289, 290, 286, 290, 287, 287, 290, 291, 287, 291, 284, 284, 291, 288, 288, 292, 289, 289, 292, 293, 289, 293, 290, 290, 293, 294, 290, 294, 291, 291, 294, 295, 291, 295, 288, 288, 295, 292, 292, 296, 293, 293, 296, 297, 293, 297, 294, 294, 297, 298, 294, 298, 295, 295, 298, 299, 295, 299, 292, 292, 299, 296, 296, 300, 297, 297, 300, 301, 297, 301, 298, 298, 301, 302, 298, 302, 299, 299, 302, 303, 299, 303, 296, 296, 303, 300, 300, 304, 301, 301, 304, 305, 301, 305, 302, 302, 305, 306, 302, 306, 303, 303, 306, 307, 303, 307, 300, 300, 307, 304, 304, 308, 305, 305, 308, 309, 305, 309, 306, 306, 309, 310, 306, 310, 307, 307, 310, 311, 307, 311, 304, 304, 311, 308, 308, 312, 309, 309, 312, 313, 309, 313, 310, 310, 313, 314, 310, 314, 311, 311, 314, 315, 311, 315, 308, 308, 315, 312, 312, 316, 313, 313, 316, 317, 313, 317, 314, 314, 317, 318, 314, 318, 315, 315, 318, 319, 315, 319, 312, 312, 319, 316, 316, 320, 317, 317, 320, 321, 317, 321, 318, 318, 321, 322, 318, 322, 319, 319, 322, 323, 319, 323, 316, 316, 323, 320, 320, 324, 321, 321, 324, 325, 321, 325, 322, 322, 325, 326, 322, 326, 323, 323, 326, 327, 323, 327, 320, 320, 327, 324, 324, 328, 325, 325, 328, 329, 325, 329, 326, 326, 329, 330, 326, 330, 327, 327, 330, 331, 327, 331, 324, 324, 331, 328, 328, 332, 329, 329, 332, 333, 329, 333, 330, 330, 333, 334, 330, 334, 331, 331, 334, 335, 331, 335, 328, 328, 335, 332, 332, 336, 333, 333, 336, 337, 333, 337, 334, 334, 337, 338, 334, 338, 335, 335, 338, 339, 335, 339, 332, 332, 339, 336, 336, 340, 337, 337, 340, 341, 337, 341, 338, 338, 341, 342, 338, 342, 339, 339, 342, 343, 339, 343, 336, 336, 343, 340, 340, 344, 341, 341, 344, 345, 341, 345, 342, 342, 345, 346, 342, 346, 343, 343, 346, 347, 343, 347, 340, 340, 347, 344, 344, 348, 345, 345, 348, 349, 345, 349, 346, 346, 349, 350, 346, 350, 347, 347, 350, 351, 347, 351, 344, 344, 351, 348, 348, 352, 349, 349, 352, 353, 349, 353, 350, 350, 353, 354, 350, 354, 351, 351, 354, 355, 351, 355, 348, 348, 355, 352, 352, 356, 353, 353, 356, 357, 353, 357, 354, 354, 357, 358, 354, 358, 355, 355, 358, 359, 355, 359, 352, 352, 359, 356, 356, 360, 357, 357, 360, 361, 357, 361, 358, 358, 361, 362, 358, 362, 359, 359, 362, 363, 359, 363, 356, 356, 363, 360, 360, 364, 361, 361, 364, 365, 361, 365, 362, 362, 365, 366, 362, 366, 363, 363, 366, 367, 363, 367, 360, 360, 367, 364, 364, 368, 365, 365, 368, 369, 365, 369, 366, 366, 369, 370, 366, 370, 367, 367, 370, 371, 367, 371, 364, 364, 371, 368, 368, 372, 369, 369, 372, 373, 369, 373, 370, 370, 373, 374, 370, 374, 371, 371, 374, 375, 371, 375, 368, 368, 375, 372, 372, 376, 373, 373, 376, 377, 373, 377, 374, 374, 377, 378, 374, 378, 375, 375, 378, 379, 375, 379, 372, 372, 379, 376, 376, 380, 377, 377, 380, 381, 377, 381, 378, 378, 381, 382, 378, 382, 379, 379, 382, 383, 379, 383, 376, 376, 383, 380, 380, 384, 381, 381, 384, 385, 381, 385, 382, 382, 385, 386, 382, 386, 383, 383, 386, 387, 383, 387, 380, 380, 387, 384, 384, 388, 385, 385, 388, 389, 385, 389, 386, 386, 389, 390, 386, 390, 387, 387, 390, 391, 387, 391, 384, 384, 391, 388, 388, 392, 389, 389, 392, 393, 389, 393, 390, 390, 393, 394, 390, 394, 391, 391, 394, 395, 391, 395, 388, 388, 395, 392, 392, 396, 393, 393, 396, 397, 393, 397, 394, 394, 397, 398, 394, 398, 395, 395, 398, 399, 395, 399, 392, 392, 399, 396, 396, 400, 397, 397, 400, 401, 397, 401, 398, 398, 401, 402, 398, 402, 399, 399, 402, 403, 399, 403, 396, 396, 403, 400, 400, 404, 401, 401, 404, 405, 401, 405, 402, 402, 405, 406, 402, 406, 403, 403, 406, 407, 403, 407, 400, 400, 407, 404, 404, 408, 405, 405, 408, 409, 405, 409, 406, 406, 409, 410, 406, 410, 407, 407, 410, 411, 407, 411, 404, 404, 411, 408, 408, 412, 409, 409, 412, 413, 409, 413, 410, 410, 413, 414, 410, 414, 411, 411, 414, 415, 411, 415, 408, 408, 415, 412, 412, 416, 413, 413, 416, 417, 413, 417, 414, 414, 417, 418, 414, 418, 415, 415, 418, 419, 415, 419, 412, 412, 419, 416, 416, 420, 417, 417, 420, 421, 417, 421, 418, 418, 421, 422, 418, 422, 419, 419, 422, 423, 419, 423, 416, 416, 423, 420, 420, 424, 421, 421, 424, 425, 421, 425, 422, 422, 425, 426, 422, 426, 423, 423, 426, 427, 423, 427, 420, 420, 427, 424, 424, 428, 425, 425, 428, 429, 425, 429, 426, 426, 429, 430, 426, 430, 427, 427, 430, 431, 427, 431, 424, 424, 431, 428, 428, 432, 429, 429, 432, 433, 429, 433, 430, 430, 433, 434, 430, 434, 431, 431, 434, 435, 431, 435, 428, 428, 435, 432, 432, 436, 433, 433, 436, 437, 433, 437, 434, 434, 437, 438, 434, 438, 435, 435, 438, 439, 435, 439, 432, 432, 439, 436, 436, 440, 437, 437, 440, 441, 437, 441, 438, 438, 441, 442, 438, 442, 439, 439, 442, 443, 439, 443, 436, 436, 443, 440, 440, 444, 441, 441, 444, 445, 441, 445, 442, 442, 445, 446, 442, 446, 443, 443, 446, 447, 443, 447, 440, 440, 447, 444, 444, 448, 445, 445, 448, 449, 445, 449, 446, 446, 449, 450, 446, 450, 447, 447, 450, 451, 447, 451, 444, 444, 451, 448, 448, 452, 449, 449, 452, 453, 449, 453, 450, 450, 453, 454, 450, 454, 451, 451, 454, 455, 451, 455, 448, 448, 455, 452, 452, 456, 453, 453, 456, 457, 453, 457, 454, 454, 457, 458, 454, 458, 455, 455, 458, 459, 455, 459, 452, 452, 459, 456, 456, 460, 457, 457, 460, 461, 457, 461, 458, 458, 461, 462, 458, 462, 459, 459, 462, 463, 459, 463, 456, 456, 463, 460, 460, 464, 461, 461, 464, 465, 461, 465, 462, 462, 465, 466, 462, 466, 463, 463, 466, 467, 463, 467, 460, 460, 467, 464, 464, 468, 465, 465, 468, 469, 465, 469, 466, 466, 469, 470, 466, 470, 467, 467, 470, 471, 467, 471, 464, 464, 471, 468, 468, 472, 469, 469, 472, 473, 469, 473, 470, 470, 473, 474, 470, 474, 471, 471, 474, 475, 471, 475, 468, 468, 475, 472, 472, 476, 473, 473, 476, 477, 473, 477, 474, 474, 477, 478, 474, 478, 475, 475, 478, 479, 475, 479, 472, 472, 479, 476, 476, 480, 477, 477, 480, 481, 477, 481, 478, 478, 481, 482, 478, 482, 479, 479, 482, 483, 479, 483, 476, 476, 483, 480, 480, 484, 481, 481, 484, 485, 481, 485, 482, 482, 485, 486, 482, 486, 483, 483, 486, 487, 483, 487, 480, 480, 487, 484, 484, 488, 485, 485, 488, 489, 485, 489, 486, 486, 489, 490, 486, 490, 487, 487, 490, 491, 487, 491, 484, 484, 491, 488, 488, 492, 489, 489, 492, 493, 489, 493, 490, 490, 493, 494, 490, 494, 491, 491, 494, 495, 491, 495, 488, 488, 495, 492, 492, 496, 493, 493, 496, 497, 493, 497, 494, 494, 497, 498, 494, 498, 495, 495, 498, 499, 495, 499, 492, 492, 499, 496, 496, 500, 497, 497, 500, 501, 497, 501, 498, 498, 501, 502, 498, 502, 499, 499, 502, 503, 499, 503, 496, 496, 503, 500, 500, 504, 501, 501, 504, 505, 501, 505, 502, 502, 505, 506, 502, 506, 503, 503, 506, 507, 503, 507, 500, 500, 507, 504, 504, 508, 505, 505, 508, 509, 505, 509, 506, 506, 509, 510, 506, 510, 507, 507, 510, 511, 507, 511, 504, 504, 511, 508, 508, 0, 509, 509, 0, 1, 509, 1, 510, 510, 1, 2, 510, 2, 511, 511, 2, 3, 511, 3, 508, 508, 3, 0]
            normal3f[] normals = [(-0.7126725, -5.4245664e-17, 0.70149696), (-0.7016246, -4.8397103e-17, -0.7125468), (0.7016246, 4.7228684e-17, -0.7125468), (0.7126725, 5.560786e-17, 0.70149696), (-0.7126725, -0.03442082, 0.70065194), (-0.7016246, 0.034963015, -0.7116885), (0.7016246, 0.034963015, -0.7116885), (0.7126725, -0.03442082, 0.70065194), (-0.7126725, -0.068758726, 0.69811904), (-0.7016246, 0.0698418, -0.7091157), (0.7016246, 0.0698418, -0.7091157), (0.7126725, -0.068758726, 0.69811904), (-0.7126725, -0.10293098, 0.6939043), (-0.7016246, 0.10455233, -0.7048346), (0.7016246, 0.10455233, -0.7048346), (0.7126725, -0.10293098, 0.6939043), (-0.7126725, -0.13685526, 0.68801785), (-0.7016246, 0.13901098, -0.6988554), (0.7016246, 0.13901098, -0.6988554), (0.7126725, -0.13685526, 0.68801785), (-0.7126725, -0.17044985, 0.6804739), (-0.7016246, 0.17313474, -0.6911927), (0.7016246, 0.17313474, -0.6911927), (0.7126725, -0.17044985, 0.6804739), (-0.7126725, -0.20363382, 0.6712907), (-0.7016246, 0.20684142, -0.6818648), (0.7016246, 0.20684142, -0.6818648), (0.7126725, -0.20363382, 0.6712907), (-0.7126725, -0.2363272, 0.6604903), (-0.7016246, 0.2400498, -0.6708942), (0.7016246, 0.2400498, -0.6708942), (0.7126725, -0.2363272, 0.6604903), (-0.7126725, -0.26845124, 0.64809865), (-0.7016246, 0.27267987, -0.65830743), (0.7016246, 0.27267987, -0.65830743), (0.7126725, -0.26845124, 0.64809865), (-0.7126725, -0.29992858, 0.63414574), (-0.7016246, 0.30465302, -0.6441347), (0.7016246, 0.30465302, -0.6441347), (0.7126725, -0.29992858, 0.63414574), (-0.7126725, -0.33068338, 0.61866504), (-0.7016246, 0.33589223, -0.62841016), (0.7016246, 0.33589223, -0.62841016), (0.7126725, -0.33068338, 0.61866504), (-0.7126725, -0.3606415, 0.601694), (-0.7016246, 0.36632228, -0.6111718), (0.7016246, 0.36632228, -0.6111718), (0.7126725, -0.3606415, 0.601694), (-0.7126725, -0.3897308, 0.5832734), (-0.7016246, 0.3958698, -0.592461), (0.7016246, 0.3958698, -0.592461), (0.7126725, -0.3897308, 0.5832734), (-0.7126725, -0.41788125, 0.5634476), (-0.7016246, 0.42446363, -0.57232296), (0.7016246, 0.42446363, -0.57232296), (0.7126725, -0.41788125, 0.5634476), (-0.7126725, -0.44502494, 0.54226446), (-0.7016246, 0.45203492, -0.5508061), (0.7016246, 0.45203492, -0.5508061), (0.7126725, -0.44502494, 0.54226446), (-0.7126725, -0.47109655, 0.519775), (-0.7016246, 0.47851717, -0.5279624), (0.7016246, 0.47851717, -0.5279624), (0.7126725, -0.47109655, 0.519775), (-0.7126725, -0.49603325, 0.49603325), (-0.7016246, 0.5038467, -0.5038467), (0.7016246, 0.5038467, -0.5038467), (0.7126725, -0.49603325, 0.49603325), (-0.7126725, -0.519775, 0.47109655), (-0.7016246, 0.5279624, -0.47851717), (0.7016246, 0.5279624, -0.47851717), (0.7126725, -0.519775, 0.47109655), (-0.7126725, -0.54226446, 0.44502494), (-0.7016246, 0.5508061, -0.45203492), (0.7016246, 0.5508061, -0.45203492), (0.7126725, -0.54226446, 0.44502494), (-0.7126725, -0.5634476, 0.41788125), (-0.7016246, 0.57232296, -0.42446363), (0.7016246, 0.57232296, -0.42446363), (0.7126725, -0.5634476, 0.41788125), (-0.7126725, -0.5832734, 0.3897308), (-0.7016246, 0.592461, -0.3958698), (0.7016246, 0.592461, -0.3958698), (0.7126725, -0.5832734, 0.3897308), (-0.7126725, -0.601694, 0.3606415), (-0.7016246, 0.6111718, -0.36632228), (0.7016246, 0.6111718, -0.36632228), (0.7126725, -0.601694, 0.3606415), (-0.7126725, -0.61866504, 0.33068338), (-0.7016246, 0.62841016, -0.33589223), (0.7016246, 0.62841016, -0.33589223), (0.7126725, -0.61866504, 0.33068338), (-0.7126725, -0.63414574, 0.29992858), (-0.7016246, 0.6441347, -0.30465302), (0.7016246, 0.6441347, -0.30465302), (0.7126725, -0.63414574, 0.29992858), (-0.7126725, -0.64809865, 0.26845124), (-0.7016246, 0.65830743, -0.27267987), (0.7016246, 0.65830743, -0.27267987), (0.7126725, -0.64809865, 0.26845124), (-0.7126725, -0.6604903, 0.2363272), (-0.7016246, 0.6708942, -0.2400498), (0.7016246, 0.6708942, -0.2400498), (0.7126725, -0.6604903, 0.2363272), (-0.7126725, -0.6712907, 0.20363382), (-0.7016246, 0.6818648, -0.20684142), (0.7016246, 0.6818648, -0.20684142), (0.7126725, -0.6712907, 0.20363382), (-0.7126725, -0.6804739, 0.17044985), (-0.7016246, 0.6911927, -0.17313474), (0.7016246, 0.6911927, -0.17313474), (0.7126725, -0.6804739, 0.17044985), (-0.7126725, -0.68801785, 0.13685526), (-0.7016246, 0.6988554, -0.13901098), (0.7016246, 0.6988554, -0.13901098), (0.7126725, -0.68801785, 0.13685526), (-0.7126725, -0.6939043, 0.10293098), (-0.7016246, 0.7048346, -0.10455233), (0.7016246, 0.7048346, -0.10455233), (0.7126725, -0.6939043, 0.10293098), (-0.7126725, -0.69811904, 0.068758726), (-0.7016246, 0.7091157, -0.0698418), (0.7016246, 0.7091157, -0.0698418), (0.7126725, -0.69811904, 0.068758726), (-0.7126725, -0.70065194, 0.03442082), (-0.7016246, 0.7116885, -0.034963015), (0.7016246, 0.7116885, -0.034963015), (0.7126725, -0.70065194, 0.03442082), (-0.7126725, -0.70149696, -5.5795536e-17), (-0.7016246, 0.7125468, -4.7228684e-17), (0.7016246, 0.7125468, 4.8802975e-17), (0.7126725, -0.70149696, 9.919207e-17), (-0.7126725, -0.70065194, -0.03442082), (-0.7016246, 0.7116885, 0.034963015), (0.7016246, 0.7116885, 0.034963015), (0.7126725, -0.70065194, -0.03442082), (-0.7126725, -0.69811904, -0.068758726), (-0.7016246, 0.7091157, 0.0698418), (0.7016246, 0.7091157, 0.0698418), (0.7126725, -0.69811904, -0.068758726), (-0.7126725, -0.6939043, -0.10293098), (-0.7016246, 0.7048346, 0.10455233), (0.7016246, 0.7048346, 0.10455233), (0.7126725, -0.6939043, -0.10293098), (-0.7126725, -0.68801785, -0.13685526), (-0.7016246, 0.6988554, 0.13901098), (0.7016246, 0.6988554, 0.13901098), (0.7126725, -0.68801785, -0.13685526), (-0.7126725, -0.6804739, -0.17044985), (-0.7016246, 0.6911927, 0.17313474), (0.7016246, 0.6911927, 0.17313474), (0.7126725, -0.6804739, -0.17044985), (-0.7126725, -0.6712907, -0.20363382), (-0.7016246, 0.6818648, 0.20684142), (0.7016246, 0.6818648, 0.20684142), (0.7126725, -0.6712907, -0.20363382), (-0.7126725, -0.6604903, -0.2363272), (-0.7016246, 0.6708942, 0.2400498), (0.7016246, 0.6708942, 0.2400498), (0.7126725, -0.6604903, -0.2363272), (-0.7126725, -0.64809865, -0.26845124), (-0.7016246, 0.65830743, 0.27267987), (0.7016246, 0.65830743, 0.27267987), (0.7126725, -0.64809865, -0.26845124), (-0.7126725, -0.63414574, -0.29992858), (-0.7016246, 0.6441347, 0.30465302), (0.7016246, 0.6441347, 0.30465302), (0.7126725, -0.63414574, -0.29992858), (-0.7126725, -0.61866504, -0.33068338), (-0.7016246, 0.62841016, 0.33589223), (0.7016246, 0.62841016, 0.33589223), (0.7126725, -0.61866504, -0.33068338), (-0.7126725, -0.601694, -0.3606415), (-0.7016246, 0.6111718, 0.36632228), (0.7016246, 0.6111718, 0.36632228), (0.7126725, -0.601694, -0.3606415), (-0.7126725, -0.5832734, -0.3897308), (-0.7016246, 0.592461, 0.3958698), (0.7016246, 0.592461, 0.3958698), (0.7126725, -0.5832734, -0.3897308), (-0.7126725, -0.5634476, -0.41788125), (-0.7016246, 0.57232296, 0.42446363), (0.7016246, 0.57232296, 0.42446363), (0.7126725, -0.5634476, -0.41788125), (-0.7126725, -0.54226446, -0.44502494), (-0.7016246, 0.5508061, 0.45203492), (0.7016246, 0.5508061, 0.45203492), (0.7126725, -0.54226446, -0.44502494), (-0.7126725, -0.519775, -0.47109655), (-0.7016246, 0.5279624, 0.47851717), (0.7016246, 0.5279624, 0.47851717), (0.7126725, -0.519775, -0.47109655), (-0.7126725, -0.49603325, -0.49603325), (-0.7016246, 0.5038467, 0.5038467), (0.7016246, 0.5038467, 0.5038467), (0.7126725, -0.49603325, -0.49603325), (-0.7126725, -0.47109655, -0.519775), (-0.7016246, 0.47851717, 0.5279624), (0.7016246, 0.47851717, 0.5279624), (0.7126725, -0.47109655, -0.519775), (-0.7126725, -0.44502494, -0.54226446), (-0.7016246, 0.45203492, 0.5508061), (0.7016246, 0.45203492, 0.5508061), (0.7126725, -0.44502494, -0.54226446), (-0.7126725, -0.41788125, -0.5634476), (-0.7016246, 0.42446363, 0.57232296), (0.7016246, 0.42446363, 0.57232296), (0.7126725, -0.41788125, -0.5634476), (-0.7126725, -0.3897308, -0.5832734), (-0.7016246, 0.3958698, 0.592461), (0.7016246, 0.3958698, 0.592461), (0.7126725, -0.3897308, -0.5832734), (-0.7126725, -0.3606415, -0.601694), (-0.7016246, 0.36632228, 0.6111718), (0.7016246, 0.36632228, 0.6111718), (0.7126725, -0.3606415, -0.601694), (-0.7126725, -0.33068338, -0.61866504), (-0.7016246, 0.33589223, 0.62841016), (0.7016246, 0.33589223, 0.62841016), (0.7126725, -0.33068338, -0.61866504), (-0.7126725, -0.29992858, -0.63414574), (-0.7016246, 0.30465302, 0.6441347), (0.7016246, 0.30465302, 0.6441347), (0.7126725, -0.29992858, -0.63414574), (-0.7126725, -0.26845124, -0.64809865), (-0.7016246, 0.27267987, 0.65830743), (0.7016246, 0.27267987, 0.65830743), (0.7126725, -0.26845124, -0.64809865), (-0.7126725, -0.2363272, -0.6604903), (-0.7016246, 0.2400498, 0.6708942), (0.7016246, 0.2400498, 0.6708942), (0.7126725, -0.2363272, -0.6604903), (-0.7126725, -0.20363382, -0.6712907), (-0.7016246, 0.20684142, 0.6818648), (0.7016246, 0.20684142, 0.6818648), (0.7126725, -0.20363382, -0.6712907), (-0.7126725, -0.17044985, -0.6804739), (-0.7016246, 0.17313474, 0.6911927), (0.7016246, 0.17313474, 0.6911927), (0.7126725, -0.17044985, -0.6804739), (-0.7126725, -0.13685526, -0.68801785), (-0.7016246, 0.13901098, 0.6988554), (0.7016246, 0.13901098, 0.6988554), (0.7126725, -0.13685526, -0.68801785), (-0.7126725, -0.10293098, -0.6939043), (-0.7016246, 0.10455233, 0.7048346), (0.7016246, 0.10455233, 0.7048346), (0.7126725, -0.10293098, -0.6939043), (-0.7126725, -0.068758726, -0.69811904), (-0.7016246, 0.0698418, 0.7091157), (0.7016246, 0.0698418, 0.7091157), (0.7126725, -0.068758726, -0.69811904), (-0.7126725, -0.03442082, -0.70065194), (-0.7016246, 0.034963015, 0.7116885), (0.7016246, 0.034963015, 0.7116885), (0.7126725, -0.03442082, -0.70065194), (-0.7126725, 8.369331e-17, -0.70149696), (-0.7016246, 2.833721e-17, 0.7125468), (0.7016246, -6.612016e-17, 0.7125468), (0.7126725, -3.2547397e-17, -0.70149696), (-0.7126725, 0.03442082, -0.70065194), (-0.7016246, -0.034963015, 0.7116885), (0.7016246, -0.034963015, 0.7116885), (0.7126725, 0.03442082, -0.70065194), (-0.7126725, 0.068758726, -0.69811904), (-0.7016246, -0.0698418, 0.7091157), (0.7016246, -0.0698418, 0.7091157), (0.7126725, 0.068758726, -0.69811904), (-0.7126725, 0.10293098, -0.6939043), (-0.7016246, -0.10455233, 0.7048346), (0.7016246, -0.10455233, 0.7048346), (0.7126725, 0.10293098, -0.6939043), (-0.7126725, 0.13685526, -0.68801785), (-0.7016246, -0.13901098, 0.6988554), (0.7016246, -0.13901098, 0.6988554), (0.7126725, 0.13685526, -0.68801785), (-0.7126725, 0.17044985, -0.6804739), (-0.7016246, -0.17313474, 0.6911927), (0.7016246, -0.17313474, 0.6911927), (0.7126725, 0.17044985, -0.6804739), (-0.7126725, 0.20363382, -0.6712907), (-0.7016246, -0.20684142, 0.6818648), (0.7016246, -0.20684142, 0.6818648), (0.7126725, 0.20363382, -0.6712907), (-0.7126725, 0.2363272, -0.6604903), (-0.7016246, -0.2400498, 0.6708942), (0.7016246, -0.2400498, 0.6708942), (0.7126725, 0.2363272, -0.6604903), (-0.7126725, 0.26845124, -0.64809865), (-0.7016246, -0.27267987, 0.65830743), (0.7016246, -0.27267987, 0.65830743), (0.7126725, 0.26845124, -0.64809865), (-0.7126725, 0.29992858, -0.63414574), (-0.7016246, -0.30465302, 0.6441347), (0.7016246, -0.30465302, 0.6441347), (0.7126725, 0.29992858, -0.63414574), (-0.7126725, 0.33068338, -0.61866504), (-0.7016246, -0.33589223, 0.62841016), (0.7016246, -0.33589223, 0.62841016), (0.7126725, 0.33068338, -0.61866504), (-0.7126725, 0.3606415, -0.601694), (-0.7016246, -0.36632228, 0.6111718), (0.7016246, -0.36632228, 0.6111718), (0.7126725, 0.3606415, -0.601694), (-0.7126725, 0.3897308, -0.5832734), (-0.7016246, -0.3958698, 0.592461), (0.7016246, -0.3958698, 0.592461), (0.7126725, 0.3897308, -0.5832734), (-0.7126725, 0.41788125, -0.5634476), (-0.7016246, -0.42446363, 0.57232296), (0.7016246, -0.42446363, 0.57232296), (0.7126725, 0.41788125, -0.5634476), (-0.7126725, 0.44502494, -0.54226446), (-0.7016246, -0.45203492, 0.5508061), (0.7016246, -0.45203492, 0.5508061), (0.7126725, 0.44502494, -0.54226446), (-0.7126725, 0.47109655, -0.519775), (-0.7016246, -0.47851717, 0.5279624), (0.7016246, -0.47851717, 0.5279624), (0.7126725, 0.47109655, -0.519775), (-0.7126725, 0.49603325, -0.49603325), (-0.7016246, -0.5038467, 0.5038467), (0.7016246, -0.5038467, 0.5038467), (0.7126725, 0.49603325, -0.49603325), (-0.7126725, 0.519775, -0.47109655), (-0.7016246, -0.5279624, 0.47851717), (0.7016246, -0.5279624, 0.47851717), (0.7126725, 0.519775, -0.47109655), (-0.7126725, 0.54226446, -0.44502494), (-0.7016246, -0.5508061, 0.45203492), (0.7016246, -0.5508061, 0.45203492), (0.7126725, 0.54226446, -0.44502494), (-0.7126725, 0.5634476, -0.41788125), (-0.7016246, -0.57232296, 0.42446363), (0.7016246, -0.57232296, 0.42446363), (0.7126725, 0.5634476, -0.41788125), (-0.7126725, 0.5832734, -0.3897308), (-0.7016246, -0.592461, 0.3958698), (0.7016246, -0.592461, 0.3958698), (0.7126725, 0.5832734, -0.3897308), (-0.7126725, 0.601694, -0.3606415), (-0.7016246, -0.6111718, 0.36632228), (0.7016246, -0.6111718, 0.36632228), (0.7126725, 0.601694, -0.3606415), (-0.7126725, 0.61866504, -0.33068338), (-0.7016246, -0.62841016, 0.33589223), (0.7016246, -0.62841016, 0.33589223), (0.7126725, 0.61866504, -0.33068338), (-0.7126725, 0.63414574, -0.29992858), (-0.7016246, -0.6441347, 0.30465302), (0.7016246, -0.6441347, 0.30465302), (0.7126725, 0.63414574, -0.29992858), (-0.7126725, 0.64809865, -0.26845124), (-0.7016246, -0.65830743, 0.27267987), (0.7016246, -0.65830743, 0.27267987), (0.7126725, 0.64809865, -0.26845124), (-0.7126725, 0.6604903, -0.2363272), (-0.7016246, -0.6708942, 0.2400498), (0.7016246, -0.6708942, 0.2400498), (0.7126725, 0.6604903, -0.2363272), (-0.7126725, 0.6712907, -0.20363382), (-0.7016246, -0.6818648, 0.20684142), (0.7016246, -0.6818648, 0.20684142), (0.7126725, 0.6712907, -0.20363382), (-0.7126725, 0.6804739, -0.17044985), (-0.7016246, -0.6911927, 0.17313474), (0.7016246, -0.6911927, 0.17313474), (0.7126725, 0.6804739, -0.17044985), (-0.7126725, 0.68801785, -0.13685526), (-0.7016246, -0.6988554, 0.13901098), (0.7016246, -0.6988554, 0.13901098), (0.7126725, 0.68801785, -0.13685526), (-0.7126725, 0.6939043, -0.10293098), (-0.7016246, -0.7048346, 0.10455233), (0.7016246, -0.7048346, 0.10455233), (0.7126725, 0.6939043, -0.10293098), (-0.7126725, 0.69811904, -0.068758726), (-0.7016246, -0.7091157, 0.0698418), (0.7016246, -0.7091157, 0.0698418), (0.7126725, 0.69811904, -0.068758726), (-0.7126725, 0.70065194, -0.03442082), (-0.7016246, -0.7116885, 0.034963015), (0.7016246, -0.7116885, 0.034963015), (0.7126725, 0.70065194, -0.03442082), (-0.7126725, 0.70149696, 5.7345414e-17), (-0.7016246, -0.7125468, 4.7228684e-17), (0.7016246, -0.7125468, -4.8802975e-17), (0.7126725, 0.70149696, -1.0849132e-17), (-0.7126725, 0.70065194, 0.03442082), (-0.7016246, -0.7116885, -0.034963015), (0.7016246, -0.7116885, -0.034963015), (0.7126725, 0.70065194, 0.03442082), (-0.7126725, 0.69811904, 0.068758726), (-0.7016246, -0.7091157, -0.0698418), (0.7016246, -0.7091157, -0.0698418), (0.7126725, 0.69811904, 0.068758726), (-0.7126725, 0.6939043, 0.10293098), (-0.7016246, -0.7048346, -0.10455233), (0.7016246, -0.7048346, -0.10455233), (0.7126725, 0.6939043, 0.10293098), (-0.7126725, 0.68801785, 0.13685526), (-0.7016246, -0.6988554, -0.13901098), (0.7016246, -0.6988554, -0.13901098), (0.7126725, 0.68801785, 0.13685526), (-0.7126725, 0.6804739, 0.17044985), (-0.7016246, -0.6911927, -0.17313474), (0.7016246, -0.6911927, -0.17313474), (0.7126725, 0.6804739, 0.17044985), (-0.7126725, 0.6712907, 0.20363382), (-0.7016246, -0.6818648, -0.20684142), (0.7016246, -0.6818648, -0.20684142), (0.7126725, 0.6712907, 0.20363382), (-0.7126725, 0.6604903, 0.2363272), (-0.7016246, -0.6708942, -0.2400498), (0.7016246, -0.6708942, -0.2400498), (0.7126725, 0.6604903, 0.2363272), (-0.7126725, 0.64809865, 0.26845124), (-0.7016246, -0.65830743, -0.27267987), (0.7016246, -0.65830743, -0.27267987), (0.7126725, 0.64809865, 0.26845124), (-0.7126725, 0.63414574, 0.29992858), (-0.7016246, -0.6441347, -0.30465302), (0.7016246, -0.6441347, -0.30465302), (0.7126725, 0.63414574, 0.29992858), (-0.7126725, 0.61866504, 0.33068338), (-0.7016246, -0.62841016, -0.33589223), (0.7016246, -0.62841016, -0.33589223), (0.7126725, 0.61866504, 0.33068338), (-0.7126725, 0.601694, 0.3606415), (-0.7016246, -0.6111718, -0.36632228), (0.7016246, -0.6111718, -0.36632228), (0.7126725, 0.601694, 0.3606415), (-0.7126725, 0.5832734, 0.3897308), (-0.7016246, -0.592461, -0.3958698), (0.7016246, -0.592461, -0.3958698), (0.7126725, 0.5832734, 0.3897308), (-0.7126725, 0.5634476, 0.41788125), (-0.7016246, -0.57232296, -0.42446363), (0.7016246, -0.57232296, -0.42446363), (0.7126725, 0.5634476, 0.41788125), (-0.7126725, 0.54226446, 0.44502494), (-0.7016246, -0.5508061, -0.45203492), (0.7016246, -0.5508061, -0.45203492), (0.7126725, 0.54226446, 0.44502494), (-0.7126725, 0.519775, 0.47109655), (-0.7016246, -0.5279624, -0.47851717), (0.7016246, -0.5279624, -0.47851717), (0.7126725, 0.519775, 0.47109655), (-0.7126725, 0.49603325, 0.49603325), (-0.7016246, -0.5038467, -0.5038467), (0.7016246, -0.5038467, -0.5038467), (0.7126725, 0.49603325, 0.49603325), (-0.7126725, 0.47109655, 0.519775), (-0.7016246, -0.47851717, -0.5279624), (0.7016246, -0.47851717, -0.5279624), (0.7126725, 0.47109655, 0.519775), (-0.7126725, 0.44502494, 0.54226446), (-0.7016246, -0.45203492, -0.5508061), (0.7016246, -0.45203492, -0.5508061), (0.7126725, 0.44502494, 0.54226446), (-0.7126725, 0.41788125, 0.5634476), (-0.7016246, -0.42446363, -0.57232296), (0.7016246, -0.42446363, -0.57232296), (0.7126725, 0.41788125, 0.5634476), (-0.7126725, 0.3897308, 0.5832734), (-0.7016246, -0.3958698, -0.592461), (0.7016246, -0.3958698, -0.592461), (0.7126725, 0.3897308, 0.5832734), (-0.7126725, 0.3606415, 0.601694), (-0.7016246, -0.36632228, -0.6111718), (0.7016246, -0.36632228, -0.6111718), (0.7126725, 0.3606415, 0.601694), (-0.7126725, 0.33068338, 0.61866504), (-0.7016246, -0.33589223, -0.62841016), (0.7016246, -0.33589223, -0.62841016), (0.7126725, 0.33068338, 0.61866504), (-0.7126725, 0.29992858, 0.63414574), (-0.7016246, -0.30465302, -0.6441347), (0.7016246, -0.30465302, -0.6441347), (0.7126725, 0.29992858, 0.63414574), (-0.7126725, 0.26845124, 0.64809865), (-0.7016246, -0.27267987, -0.65830743), (0.7016246, -0.27267987, -0.65830743), (0.7126725, 0.26845124, 0.64809865), (-0.7126725, 0.2363272, 0.6604903), (-0.7016246, -0.2400498, -0.6708942), (0.7016246, -0.2400498, -0.6708942), (0.7126725, 0.2363272, 0.6604903), (-0.7126725, 0.20363382, 0.6712907), (-0.7016246, -0.20684142, -0.6818648), (0.7016246, -0.20684142, -0.6818648), (0.7126725, 0.20363382, 0.6712907), (-0.7126725, 0.17044985, 0.6804739), (-0.7016246, -0.17313474, -0.6911927), (0.7016246, -0.17313474, -0.6911927), (0.7126725, 0.17044985, 0.6804739), (-0.7126725, 0.13685526, 0.68801785), (-0.7016246, -0.13901098, -0.6988554), (0.7016246, -0.13901098, -0.6988554), (0.7126725, 0.13685526, 0.68801785), (-0.7126725, 0.10293098, 0.6939043), (-0.7016246, -0.10455233, -0.7048346), (0.7016246, -0.10455233, -0.7048346), (0.7126725, 0.10293098, 0.6939043), (-0.7126725, 0.068758726, 0.69811904), (-0.7016246, -0.0698418, -0.7091157), (0.7016246, -0.0698418, -0.7091157), (0.7126725, 0.068758726, 0.69811904), (-0.7126725, 0.03442082, 0.70065194), (-0.7016246, -0.034963015, -0.7116885), (0.7016246, -0.034963015, -0.7116885), (0.7126725, 0.03442082, 0.70065194)] (
                interpolation = "vertex"
            )
            point3f[] points = [(-19.98, 13.0159, 2.9893), (-19.98, 13.0159, -4.8457), (19.98, 13.0159, -4.8457), (19.98, 13.0159, 2.9893), (-19.98, 13.359374, 2.997732), (-19.98, 13.743819, -4.827831), (19.98, 13.743819, -4.827831), (19.98, 13.359374, 2.997732), (-19.98, 13.70202, 3.023007), (-19.98, 14.469984, -4.7742653), (19.98, 14.469984, -4.7742653), (19.98, 13.70202, 3.023007), (-19.98, 14.043014, 3.0650644), (-19.98, 15.192647, -4.6851335), (19.98, 15.192647, -4.6851335), (19.98, 14.043014, 3.0650644), (-19.98, 14.381533, 3.1238031), (-19.98, 15.910065, -4.56065), (19.98, 15.910065, -4.56065), (19.98, 14.381533, 3.1238031), (-19.98, 14.716762, 3.1990812), (-19.98, 16.62051, -4.4011135), (19.98, 16.62051, -4.4011135), (19.98, 14.716762, 3.1990812), (-19.98, 15.047893, 3.2907176), (-19.98, 17.322273, -4.2069097), (19.98, 17.322273, -4.2069097), (19.98, 15.047893, 3.2907176), (-19.98, 15.374129, 3.3984916), (-19.98, 18.01366, -3.978506), (19.98, 18.01366, -3.978506), (19.98, 15.374129, 3.3984916), (-19.98, 15.694684, 3.5221434), (-19.98, 18.693008, -3.7164528), (19.98, 18.693008, -3.7164528), (19.98, 15.694684, 3.5221434), (-19.98, 16.008785, 3.661375), (-19.98, 19.35868, -3.4213812), (19.98, 19.35868, -3.4213812), (19.98, 16.008785, 3.661375), (-19.98, 16.315678, 3.8158512), (-19.98, 20.009071, -3.094002), (19.98, 20.009071, -3.094002), (19.98, 16.315678, 3.8158512), (-19.98, 16.614618, 3.9851997), (-19.98, 20.642614, -2.7351038), (19.98, 20.642614, -2.7351038), (19.98, 16.614618, 3.9851997), (-19.98, 16.904892, 4.1690125), (-19.98, 21.257784, -2.3455517), (19.98, 21.257784, -2.3455517), (19.98, 16.904892, 4.1690125), (-19.98, 17.185795, 4.3668475), (-19.98, 21.8531, -1.9262837), (19.98, 21.8531, -1.9262837), (19.98, 17.185795, 4.3668475), (-19.98, 17.456654, 4.578227), (-19.98, 22.427124, -1.4783101), (19.98, 22.427124, -1.4783101), (19.98, 17.456654, 4.578227), (-19.98, 17.716812, 4.8026423), (-19.98, 22.978477, -1.00271), (19.98, 22.978477, -1.00271), (19.98, 17.716812, 4.8026423), (-19.98, 17.965647, 5.0395527), (-19.98, 23.505829, -0.5006291), (19.98, 23.505829, -0.5006291), (19.98, 17.965647, 5.0395527), (-19.98, 18.202559, 5.2883873), (-19.98, 24.00791, 0.026722904), (19.98, 24.00791, 0.026722904), (19.98, 18.202559, 5.2883873), (-19.98, 18.426973, 5.548547), (-19.98, 24.483511, 0.57807565), (19.98, 24.483511, 0.57807565), (19.98, 18.426973, 5.548547), (-19.98, 18.638353, 5.819405), (-19.98, 24.931484, 1.1521008), (19.98, 24.931484, 1.1521008), (19.98, 18.638353, 5.819405), (-19.98, 18.836187, 6.1003084), (-19.98, 25.350752, 1.7474155), (19.98, 25.350752, 1.7474155), (19.98, 18.836187, 6.1003084), (-19.98, 19.02, 6.3905807), (-19.98, 25.740303, 2.3625858), (19.98, 25.740303, 2.3625858), (19.98, 19.02, 6.3905807), (-19.98, 19.189348, 6.6895227), (-19.98, 26.099201, 2.9961295), (19.98, 26.099201, 2.9961295), (19.98, 19.189348, 6.6895227), (-19.98, 19.343824, 6.996414), (-19.98, 26.42658, 3.6465201), (19.98, 26.42658, 3.6465201), (19.98, 19.343824, 6.996414), (-19.98, 19.483057, 7.310516), (-19.98, 26.721653, 4.3121915), (19.98, 26.721653, 4.3121915), (19.98, 19.483057, 7.310516), (-19.98, 19.606709, 7.631071), (-19.98, 26.983706, 4.991539), (19.98, 26.983706, 4.991539), (19.98, 19.606709, 7.631071), (-19.98, 19.714483, 7.9573073), (-19.98, 27.21211, 5.6829267), (19.98, 27.21211, 5.6829267), (19.98, 19.714483, 7.9573073), (-19.98, 19.806118, 8.288439), (-19.98, 27.406313, 6.384689), (19.98, 27.406313, 6.384689), (19.98, 19.806118, 8.288439), (-19.98, 19.881397, 8.623668), (-19.98, 27.56585, 7.095135), (19.98, 27.56585, 7.095135), (19.98, 19.881397, 8.623668), (-19.98, 19.940136, 8.962187), (-19.98, 27.690334, 7.8125534), (19.98, 27.690334, 7.8125534), (19.98, 19.940136, 8.962187), (-19.98, 19.982193, 9.30318), (-19.98, 27.779465, 8.535215), (19.98, 27.779465, 8.535215), (19.98, 19.982193, 9.30318), (-19.98, 20.007467, 9.645826), (-19.98, 27.83303, 9.261381), (19.98, 27.83303, 9.261381), (19.98, 20.007467, 9.645826), (-19.98, 20.0159, 9.9893), (-19.98, 27.8509, 9.9893), (19.98, 27.8509, 9.9893), (19.98, 20.0159, 9.9893), (-19.98, 20.007467, 10.332774), (-19.98, 27.83303, 10.717219), (19.98, 27.83303, 10.717219), (19.98, 20.007467, 10.332774), (-19.98, 19.982193, 10.67542), (-19.98, 27.779465, 11.443384), (19.98, 27.779465, 11.443384), (19.98, 19.982193, 10.67542), (-19.98, 19.940136, 11.016414), (-19.98, 27.690334, 12.166046), (19.98, 27.690334, 12.166046), (19.98, 19.940136, 11.016414), (-19.98, 19.881397, 11.354932), (-19.98, 27.56585, 12.883465), (19.98, 27.56585, 12.883465), (19.98, 19.881397, 11.354932), (-19.98, 19.806118, 11.690162), (-19.98, 27.406313, 13.593911), (19.98, 27.406313, 13.593911), (19.98, 19.806118, 11.690162), (-19.98, 19.714483, 12.021293), (-19.98, 27.21211, 14.295673), (19.98, 27.21211, 14.295673), (19.98, 19.714483, 12.021293), (-19.98, 19.606709, 12.347529), (-19.98, 26.983706, 14.987061), (19.98, 26.983706, 14.987061), (19.98, 19.606709, 12.347529), (-19.98, 19.483057, 12.668084), (-19.98, 26.721653, 15.666409), (19.98, 26.721653, 15.666409), (19.98, 19.483057, 12.668084), (-19.98, 19.343824, 12.982185), (-19.98, 26.42658, 16.332079), (19.98, 26.42658, 16.332079), (19.98, 19.343824, 12.982185), (-19.98, 19.189348, 13.289077), (-19.98, 26.099201, 16.982471), (19.98, 26.099201, 16.982471), (19.98, 19.189348, 13.289077), (-19.98, 19.02, 13.588019), (-19.98, 25.740303, 17.616014), (19.98, 25.740303, 17.616014), (19.98, 19.02, 13.588019), (-19.98, 18.836187, 13.878292), (-19.98, 25.350752, 18.231184), (19.98, 25.350752, 18.231184), (19.98, 18.836187, 13.878292), (-19.98, 18.638353, 14.159195), (-19.98, 24.931484, 18.8265), (19.98, 24.931484, 18.8265), (19.98, 18.638353, 14.159195), (-19.98, 18.426973, 14.430053), (-19.98, 24.483511, 19.400524), (19.98, 24.483511, 19.400524), (19.98, 18.426973, 14.430053), (-19.98, 18.202559, 14.690212), (-19.98, 24.00791, 19.951878), (19.98, 24.00791, 19.951878), (19.98, 18.202559, 14.690212), (-19.98, 17.965647, 14.939048), (-19.98, 23.505829, 20.479229), (19.98, 23.505829, 20.479229), (19.98, 17.965647, 14.939048), (-19.98, 17.716812, 15.175958), (-19.98, 22.978477, 20.98131), (19.98, 22.978477, 20.98131), (19.98, 17.716812, 15.175958), (-19.98, 17.456654, 15.400373), (-19.98, 22.427124, 21.45691), (19.98, 22.427124, 21.45691), (19.98, 17.456654, 15.400373), (-19.98, 17.185795, 15.6117525), (-19.98, 21.8531, 21.904884), (19.98, 21.8531, 21.904884), (19.98, 17.185795, 15.6117525), (-19.98, 16.904892, 15.8095875), (-19.98, 21.257784, 22.324152), (19.98, 21.257784, 22.324152), (19.98, 16.904892, 15.8095875), (-19.98, 16.614618, 15.993401), (-19.98, 20.642614, 22.713703), (19.98, 20.642614, 22.713703), (19.98, 16.614618, 15.993401), (-19.98, 16.315678, 16.162748), (-19.98, 20.009071, 23.072601), (19.98, 20.009071, 23.072601), (19.98, 16.315678, 16.162748), (-19.98, 16.008785, 16.317225), (-19.98, 19.35868, 23.39998), (19.98, 19.35868, 23.39998), (19.98, 16.008785, 16.317225), (-19.98, 15.694684, 16.456457), (-19.98, 18.693008, 23.695053), (19.98, 18.693008, 23.695053), (19.98, 15.694684, 16.456457), (-19.98, 15.374129, 16.580109), (-19.98, 18.01366, 23.957106), (19.98, 18.01366, 23.957106), (19.98, 15.374129, 16.580109), (-19.98, 15.047893, 16.687881), (-19.98, 17.322273, 24.18551), (19.98, 17.322273, 24.18551), (19.98, 15.047893, 16.687881), (-19.98, 14.716762, 16.779518), (-19.98, 16.62051, 24.379713), (19.98, 16.62051, 24.379713), (19.98, 14.716762, 16.779518), (-19.98, 14.381533, 16.854797), (-19.98, 15.910065, 24.53925), (19.98, 15.910065, 24.53925), (19.98, 14.381533, 16.854797), (-19.98, 14.043014, 16.913536), (-19.98, 15.192647, 24.663734), (19.98, 15.192647, 24.663734), (19.98, 14.043014, 16.913536), (-19.98, 13.70202, 16.955593), (-19.98, 14.469984, 24.752865), (19.98, 14.469984, 24.752865), (19.98, 13.70202, 16.955593), (-19.98, 13.359374, 16.980867), (-19.98, 13.743819, 24.80643), (19.98, 13.743819, 24.80643), (19.98, 13.359374, 16.980867), (-19.98, 13.0159, 16.9893), (-19.98, 13.0159, 24.8243), (19.98, 13.0159, 24.8243), (19.98, 13.0159, 16.9893), (-19.98, 12.672426, 16.980867), (-19.98, 12.287981, 24.80643), (19.98, 12.287981, 24.80643), (19.98, 12.672426, 16.980867), (-19.98, 12.32978, 16.955593), (-19.98, 11.561815, 24.752865), (19.98, 11.561815, 24.752865), (19.98, 12.32978, 16.955593), (-19.98, 11.988787, 16.913536), (-19.98, 10.839153, 24.663734), (19.98, 10.839153, 24.663734), (19.98, 11.988787, 16.913536), (-19.98, 11.650268, 16.854797), (-19.98, 10.121735, 24.53925), (19.98, 10.121735, 24.53925), (19.98, 11.650268, 16.854797), (-19.98, 11.315039, 16.779518), (-19.98, 9.411289, 24.379713), (19.98, 9.411289, 24.379713), (19.98, 11.315039, 16.779518), (-19.98, 10.983908, 16.687881), (-19.98, 8.709527, 24.18551), (19.98, 8.709527, 24.18551), (19.98, 10.983908, 16.687881), (-19.98, 10.657671, 16.580109), (-19.98, 8.018139, 23.957106), (19.98, 8.018139, 23.957106), (19.98, 10.657671, 16.580109), (-19.98, 10.337116, 16.456457), (-19.98, 7.3387914, 23.695053), (19.98, 7.3387914, 23.695053), (19.98, 10.337116, 16.456457), (-19.98, 10.023014, 16.317225), (-19.98, 6.67312, 23.39998), (19.98, 6.67312, 23.39998), (19.98, 10.023014, 16.317225), (-19.98, 9.716123, 16.162748), (-19.98, 6.0227294, 23.072601), (19.98, 6.0227294, 23.072601), (19.98, 9.716123, 16.162748), (-19.98, 9.417181, 15.993401), (-19.98, 5.389186, 22.713703), (19.98, 5.389186, 22.713703), (19.98, 9.417181, 15.993401), (-19.98, 9.126908, 15.8095875), (-19.98, 4.7740154, 22.324152), (19.98, 4.7740154, 22.324152), (19.98, 9.126908, 15.8095875), (-19.98, 8.8460045, 15.6117525), (-19.98, 4.178701, 21.904884), (19.98, 4.178701, 21.904884), (19.98, 8.8460045, 15.6117525), (-19.98, 8.575147, 15.400373), (-19.98, 3.6046755, 21.45691), (19.98, 3.6046755, 21.45691), (19.98, 8.575147, 15.400373), (-19.98, 8.314987, 15.175958), (-19.98, 3.0533228, 20.98131), (19.98, 3.0533228, 20.98131), (19.98, 8.314987, 15.175958), (-19.98, 8.066153, 14.939048), (-19.98, 2.525971, 20.479229), (19.98, 2.525971, 20.479229), (19.98, 8.066153, 14.939048), (-19.98, 7.829242, 14.690212), (-19.98, 2.02389, 19.951878), (19.98, 2.02389, 19.951878), (19.98, 7.829242, 14.690212), (-19.98, 7.604827, 14.430053), (-19.98, 1.5482899, 19.400524), (19.98, 1.5482899, 19.400524), (19.98, 7.604827, 14.430053), (-19.98, 7.3934474, 14.159195), (-19.98, 1.1003163, 18.8265), (19.98, 1.1003163, 18.8265), (19.98, 7.3934474, 14.159195), (-19.98, 7.195613, 13.878292), (-19.98, 0.6810483, 18.231184), (19.98, 0.6810483, 18.231184), (19.98, 7.195613, 13.878292), (-19.98, 7.0118, 13.588019), (-19.98, 0.29149607, 17.616014), (19.98, 0.29149607, 17.616014), (19.98, 7.0118, 13.588019), (-19.98, 6.842451, 13.289077), (-19.98, -0.06740195, 16.982471), (19.98, -0.06740195, 16.982471), (19.98, 6.842451, 13.289077), (-19.98, 6.687975, 12.982185), (-19.98, -0.39478117, 16.332079), (19.98, -0.39478117, 16.332079), (19.98, 6.687975, 12.982185), (-19.98, 6.5487432, 12.668084), (-19.98, -0.6898529, 15.666409), (19.98, -0.6898529, 15.666409), (19.98, 6.5487432, 12.668084), (-19.98, 6.4250917, 12.347529), (-19.98, -0.9519062, 14.987061), (19.98, -0.9519062, 14.987061), (19.98, 6.4250917, 12.347529), (-19.98, 6.3173175, 12.021293), (-19.98, -1.1803099, 14.295673), (19.98, -1.1803099, 14.295673), (19.98, 6.3173175, 12.021293), (-19.98, 6.2256813, 11.690162), (-19.98, -1.3745136, 13.593911), (19.98, -1.3745136, 13.593911), (19.98, 6.2256813, 11.690162), (-19.98, 6.150403, 11.354932), (-19.98, -1.5340496, 12.883465), (19.98, -1.5340496, 12.883465), (19.98, 6.150403, 11.354932), (-19.98, 6.0916643, 11.016414), (-19.98, -1.6585336, 12.166046), (19.98, -1.6585336, 12.166046), (19.98, 6.0916643, 11.016414), (-19.98, 6.049607, 10.67542), (-19.98, -1.7476654, 11.443384), (19.98, -1.7476654, 11.443384), (19.98, 6.049607, 10.67542), (-19.98, 6.0243316, 10.332774), (-19.98, -1.8012305, 10.717219), (19.98, -1.8012305, 10.717219), (19.98, 6.0243316, 10.332774), (-19.98, 6.0159, 9.9893), (-19.98, -1.8191, 9.9893), (19.98, -1.8191, 9.9893), (19.98, 6.0159, 9.9893), (-19.98, 6.0243316, 9.645826), (-19.98, -1.8012305, 9.261381), (19.98, -1.8012305, 9.261381), (19.98, 6.0243316, 9.645826), (-19.98, 6.049607, 9.30318), (-19.98, -1.7476654, 8.535215), (19.98, -1.7476654, 8.535215), (19.98, 6.049607, 9.30318), (-19.98, 6.0916643, 8.962187), (-19.98, -1.6585336, 7.8125534), (19.98, -1.6585336, 7.8125534), (19.98, 6.0916643, 8.962187), (-19.98, 6.150403, 8.623668), (-19.98, -1.5340496, 7.095135), (19.98, -1.5340496, 7.095135), (19.98, 6.150403, 8.623668), (-19.98, 6.2256813, 8.288439), (-19.98, -1.3745136, 6.384689), (19.98, -1.3745136, 6.384689), (19.98, 6.2256813, 8.288439), (-19.98, 6.3173175, 7.9573073), (-19.98, -1.1803099, 5.6829267), (19.98, -1.1803099, 5.6829267), (19.98, 6.3173175, 7.9573073), (-19.98, 6.4250917, 7.631071), (-19.98, -0.9519062, 4.991539), (19.98, -0.9519062, 4.991539), (19.98, 6.4250917, 7.631071), (-19.98, 6.5487432, 7.310516), (-19.98, -0.6898529, 4.3121915), (19.98, -0.6898529, 4.3121915), (19.98, 6.5487432, 7.310516), (-19.98, 6.687975, 6.996414), (-19.98, -0.39478117, 3.6465201), (19.98, -0.39478117, 3.6465201), (19.98, 6.687975, 6.996414), (-19.98, 6.842451, 6.6895227), (-19.98, -0.06740195, 2.9961295), (19.98, -0.06740195, 2.9961295), (19.98, 6.842451, 6.6895227), (-19.98, 7.0118, 6.3905807), (-19.98, 0.29149607, 2.3625858), (19.98, 0.29149607, 2.3625858), (19.98, 7.0118, 6.3905807), (-19.98, 7.195613, 6.1003084), (-19.98, 0.6810483, 1.7474155), (19.98, 0.6810483, 1.7474155), (19.98, 7.195613, 6.1003084), (-19.98, 7.3934474, 5.819405), (-19.98, 1.1003163, 1.1521008), (19.98, 1.1003163, 1.1521008), (19.98, 7.3934474, 5.819405), (-19.98, 7.604827, 5.548547), (-19.98, 1.5482899, 0.57807565), (19.98, 1.5482899, 0.57807565), (19.98, 7.604827, 5.548547), (-19.98, 7.829242, 5.2883873), (-19.98, 2.02389, 0.026722904), (19.98, 2.02389, 0.026722904), (19.98, 7.829242, 5.2883873), (-19.98, 8.066153, 5.0395527), (-19.98, 2.525971, -0.5006291), (19.98, 2.525971, -0.5006291), (19.98, 8.066153, 5.0395527), (-19.98, 8.314987, 4.8026423), (-19.98, 3.0533228, -1.00271), (19.98, 3.0533228, -1.00271), (19.98, 8.314987, 4.8026423), (-19.98, 8.575147, 4.578227), (-19.98, 3.6046755, -1.4783101), (19.98, 3.6046755, -1.4783101), (19.98, 8.575147, 4.578227), (-19.98, 8.8460045, 4.3668475), (-19.98, 4.178701, -1.9262837), (19.98, 4.178701, -1.9262837), (19.98, 8.8460045, 4.3668475), (-19.98, 9.126908, 4.1690125), (-19.98, 4.7740154, -2.3455517), (19.98, 4.7740154, -2.3455517), (19.98, 9.126908, 4.1690125), (-19.98, 9.417181, 3.9851997), (-19.98, 5.389186, -2.7351038), (19.98, 5.389186, -2.7351038), (19.98, 9.417181, 3.9851997), (-19.98, 9.716123, 3.8158512), (-19.98, 6.0227294, -3.094002), (19.98, 6.0227294, -3.094002), (19.98, 9.716123, 3.8158512), (-19.98, 10.023014, 3.661375), (-19.98, 6.67312, -3.4213812), (19.98, 6.67312, -3.4213812), (19.98, 10.023014, 3.661375), (-19.98, 10.337116, 3.5221434), (-19.98, 7.3387914, -3.7164528), (19.98, 7.3387914, -3.7164528), (19.98, 10.337116, 3.5221434), (-19.98, 10.657671, 3.3984916), (-19.98, 8.018139, -3.978506), (19.98, 8.018139, -3.978506), (19.98, 10.657671, 3.3984916), (-19.98, 10.983908, 3.2907176), (-19.98, 8.709527, -4.2069097), (19.98, 8.709527, -4.2069097), (19.98, 10.983908, 3.2907176), (-19.98, 11.315039, 3.1990812), (-19.98, 9.411289, -4.4011135), (19.98, 9.411289, -4.4011135), (19.98, 11.315039, 3.1990812), (-19.98, 11.650268, 3.1238031), (-19.98, 10.121735, -4.56065), (19.98, 10.121735, -4.56065), (19.98, 11.650268, 3.1238031), (-19.98, 11.988787, 3.0650644), (-19.98, 10.839153, -4.6851335), (19.98, 10.839153, -4.6851335), (19.98, 11.988787, 3.0650644), (-19.98, 12.32978, 3.023007), (-19.98, 11.561815, -4.7742653), (19.98, 11.561815, -4.7742653), (19.98, 12.32978, 3.023007), (-19.98, 12.672426, 2.997732), (-19.98, 12.287981, -4.827831), (19.98, 12.287981, -4.827831), (19.98, 12.672426, 2.997732)]
            uniform token subdivisionScheme = "none"
        }

        def Mesh "Part_3"
        {
            float3[] extent = [(-30, -13.9841, -27.1307), (30, 40.0159, 9.9893)]
            int[] faceVertexCounts = [3, 3, 3, 3, 3, 3, 3, 3, 3, 3, 3, 3, 3, 3, 3, 3, 3, 3, 3, 3, 3, 3, 3, 3, 3, 3, 3, 3, 3, 3, 3, 3, 3, 3, 3, 3, 3, 3, 3, 3, 3, 3, 3, 3, 3, 3, 3, 3, 3, 3, 3, 3, 3, 3, 3, 3, 3, 3, 3, 3, 3, 3, 3, 3, 3, 3, 3, 3, 3, 3, 3, 3, 3, 3, 3, 3, 3, 3, 3, 3, 3, 3, 3, 3, 3, 3, 3, 3, 3, 3, 3, 3, 3, 3, 3, 3, 3, 3, 3, 3, 3, 3, 3, 3, 3, 3, 3, 3, 3, 3, 3, 3, 3, 3, 3, 3, 3, 3, 3, 3, 3, 3, 3, 3, 3, 3, 3, 3, 3, 3, 3, 3, 3, 3, 3, 3, 3, 3, 3, 3, 3, 3, 3, 3, 3, 3, 3, 3, 3, 3, 3, 3, 3, 3, 3, 3, 3, 3, 3, 3, 3, 3, 3, 3, 3, 3, 3, 3, 3, 3, 3, 3, 3, 3, 3, 3, 3, 3, 3, 3, 3, 3, 3, 3, 3, 3, 3, 3, 3, 3, 3, 3, 3, 3, 3, 3, 3, 3, 3, 3, 3, 3, 3, 3, 3, 3, 3, 3, 3, 3, 3, 3, 3, 3, 3, 3, 3, 3, 3, 3, 3, 3, 3, 3, 3, 3, 3, 3, 3, 3, 3, 3, 3, 3, 3, 3, 3, 3, 3, 3, 3, 3, 3, 3, 3, 3, 3, 3, 3, 3, 3, 3, 3, 3, 3, 3, 3, 3, 3, 3, 3, 3, 3, 3, 3, 3, 3, 3, 3, 3, 3, 3, 3, 3, 3, 3, 3, 3, 3, 3, 3, 3, 3, 3, 3, 3, 3, 3, 3, 3, 3, 3, 3, 3, 3, 3, 3, 3, 3, 3, 3, 3, 3, 3, 3, 3, 3, 3, 3, 3, 3, 3, 3, 3, 3, 3, 3, 3, 3, 3, 3, 3, 3, 3, 3, 3, 3, 3, 3, 3, 3, 3, 3, 3, 3, 3, 3, 3, 3, 3, 3, 3, 3, 3, 3, 3, 3, 3, 3, 3, 3, 3, 3, 3, 3, 3, 3, 3, 3, 3, 3, 3, 3, 3, 3, 3, 3, 3, 3, 3, 3, 3, 3, 3, 3, 3, 3, 3, 3, 3, 3, 3, 3, 3, 3, 3, 3, 3, 3, 3, 3, 3, 3, 3, 3, 3]
            int[] faceVertexIndices = [0, 1, 2, 3, 2, 1, 4, 0, 2, 5, 2, 3, 6, 4, 2, 7, 8, 2, 7, 2, 5, 9, 6, 2, 10, 8, 7, 11, 9, 2, 12, 8, 10, 13, 11, 2, 14, 8, 12, 15, 13, 2, 16, 8, 14, 17, 15, 2, 18, 8, 16, 19, 20, 17, 19, 21, 20, 19, 22, 21, 19, 17, 2, 23, 22, 19, 24, 23, 19, 25, 24, 19, 26, 25, 19, 27, 26, 19, 28, 27, 19, 29, 28, 19, 30, 29, 19, 31, 32, 30, 31, 33, 32, 31, 34, 33, 31, 35, 34, 31, 36, 35, 31, 30, 19, 37, 36, 31, 37, 31, 38, 35, 36, 37, 35, 37, 39, 34, 39, 40, 34, 35, 39, 33, 41, 42, 33, 40, 41, 33, 34, 40, 32, 33, 42, 30, 42, 43, 30, 32, 42, 29, 44, 45, 29, 43, 44, 29, 30, 43, 28, 29, 45, 27, 28, 45, 27, 45, 46, 26, 27, 46, 26, 46, 47, 25, 26, 47, 25, 48, 49, 25, 47, 48, 24, 25, 49, 23, 24, 49, 23, 49, 50, 22, 23, 50, 22, 51, 52, 22, 50, 51, 21, 22, 52, 20, 21, 52, 20, 52, 53, 17, 20, 53, 17, 53, 54, 15, 17, 54, 15, 54, 55, 13, 15, 55, 13, 55, 56, 11, 56, 57, 11, 13, 56, 9, 57, 58, 9, 11, 57, 6, 9, 58, 6, 59, 60, 6, 58, 59, 4, 6, 60, 0, 60, 61, 0, 4, 60, 1, 61, 62, 1, 0, 61, 3, 62, 63, 3, 1, 62, 5, 64, 65, 5, 63, 64, 5, 3, 63, 7, 5, 65, 10, 65, 66, 10, 7, 65, 12, 66, 67, 12, 10, 66, 14, 68, 69, 14, 67, 68, 14, 12, 67, 16, 14, 69, 18, 69, 70, 18, 16, 69, 71, 8, 18, 71, 18, 70, 72, 2, 8, 71, 72, 8, 73, 19, 74, 75, 74, 19, 76, 19, 73, 77, 75, 19, 78, 19, 76, 79, 77, 19, 80, 19, 78, 81, 79, 19, 82, 19, 80, 83, 81, 19, 84, 19, 82, 85, 83, 19, 86, 19, 84, 87, 85, 19, 88, 19, 86, 89, 19, 2, 89, 87, 19, 90, 89, 2, 91, 90, 2, 92, 91, 2, 93, 92, 2, 94, 93, 2, 95, 94, 2, 96, 95, 2, 97, 96, 2, 98, 97, 2, 99, 98, 2, 100, 99, 2, 101, 100, 2, 102, 101, 2, 103, 102, 2, 104, 103, 2, 105, 106, 107, 105, 108, 106, 105, 109, 108, 105, 110, 109, 105, 111, 110, 105, 112, 111, 105, 113, 112, 105, 114, 113, 105, 115, 114, 105, 116, 115, 105, 117, 116, 105, 118, 117, 105, 119, 118, 105, 120, 119, 105, 121, 120, 105, 88, 121, 105, 19, 88, 72, 105, 107, 72, 122, 104, 72, 123, 122, 72, 124, 123, 72, 125, 124, 72, 126, 125, 72, 127, 126, 72, 128, 127, 72, 129, 128, 72, 130, 129, 72, 131, 130, 72, 132, 131, 72, 133, 132, 72, 134, 133, 72, 135, 134, 72, 136, 135, 72, 107, 136, 72, 104, 2, 105, 31, 19, 38, 31, 105, 61, 72, 62, 63, 62, 72, 60, 72, 61, 64, 63, 72, 59, 72, 60, 65, 72, 71, 65, 64, 72, 58, 72, 59, 66, 65, 71, 57, 72, 58, 67, 66, 71, 56, 72, 57, 68, 67, 71, 55, 72, 56, 69, 68, 71, 54, 72, 55, 70, 69, 71, 105, 54, 53, 105, 53, 52, 105, 52, 51, 105, 72, 54, 50, 105, 51, 49, 105, 50, 48, 105, 49, 47, 105, 48, 46, 105, 47, 45, 105, 46, 44, 105, 45, 43, 105, 44, 38, 43, 42, 38, 42, 41, 38, 41, 40, 38, 40, 39, 38, 39, 37, 38, 105, 43, 136, 107, 137, 136, 137, 138, 135, 136, 138, 135, 138, 139, 134, 135, 139, 134, 139, 140, 133, 134, 140, 133, 140, 141, 132, 133, 141, 132, 141, 142, 131, 132, 142, 131, 142, 143, 130, 131, 143, 130, 143, 144, 129, 130, 144, 129, 144, 145, 128, 129, 145, 128, 145, 146, 127, 146, 147, 127, 128, 146, 126, 147, 148, 126, 127, 147, 125, 148, 149, 125, 126, 148, 124, 149, 150, 124, 125, 149, 123, 150, 151, 123, 124, 150, 122, 151, 152, 122, 152, 153, 122, 123, 151, 104, 122, 153, 104, 153, 154, 103, 104, 154, 102, 103, 154, 102, 154, 155, 101, 102, 155, 101, 155, 156, 101, 156, 157, 100, 101, 157, 99, 100, 157, 99, 157, 158, 98, 99, 158, 98, 158, 159, 97, 98, 159, 97, 159, 160, 97, 160, 161, 96, 97, 161, 96, 161, 162, 95, 96, 162, 94, 95, 162, 94, 162, 163, 93, 94, 163, 93, 163, 164, 92, 93, 164, 92, 164, 165, 92, 165, 166, 91, 92, 166, 90, 91, 166, 90, 166, 167, 90, 167, 168, 89, 90, 168, 87, 89, 168, 87, 168, 169, 87, 169, 170, 85, 87, 170, 83, 85, 170, 83, 170, 171, 83, 171, 172, 81, 83, 172, 81, 172, 173, 79, 81, 173, 77, 173, 174, 77, 79, 173, 75, 174, 175, 75, 77, 174, 74, 175, 176, 74, 75, 175, 73, 176, 177, 73, 177, 178, 73, 74, 176, 76, 73, 178, 78, 178, 179, 78, 76, 178, 80, 78, 179, 80, 179, 180, 82, 80, 180, 82, 180, 181, 84, 181, 182, 84, 82, 181, 86, 182, 183, 86, 84, 182, 88, 183, 184, 88, 86, 183, 121, 184, 185, 121, 185, 186, 121, 88, 184, 120, 121, 186, 119, 186, 187, 119, 120, 186, 118, 187, 188, 118, 119, 187, 117, 188, 189, 117, 118, 188, 116, 189, 190, 116, 117, 189, 115, 190, 191, 115, 116, 190, 114, 191, 192, 114, 192, 193, 114, 115, 191, 113, 114, 193, 112, 193, 194, 112, 194, 195, 112, 113, 193, 111, 112, 195, 110, 195, 196, 110, 111, 195, 109, 196, 197, 109, 110, 196, 108, 197, 198, 108, 109, 197, 106, 198, 199, 106, 108, 198, 107, 199, 137, 107, 106, 199, 174, 176, 175, 179, 178, 177, 181, 180, 179, 183, 182, 181, 183, 181, 179, 166, 168, 167, 166, 169, 168, 188, 187, 186, 162, 164, 163, 162, 165, 164, 191, 188, 186, 191, 186, 185, 191, 189, 188, 191, 190, 189, 160, 165, 162, 160, 162, 161, 160, 166, 165, 160, 170, 169, 160, 171, 170, 160, 172, 171, 160, 173, 172, 160, 174, 173, 160, 169, 166, 193, 192, 191, 196, 193, 191, 196, 194, 193, 196, 195, 194, 154, 156, 155, 154, 157, 156, 199, 197, 196, 199, 198, 197, 137, 199, 196, 138, 137, 196, 151, 153, 152, 140, 139, 138, 149, 174, 160, 149, 151, 150, 149, 154, 153, 149, 158, 157, 149, 159, 158, 149, 160, 159, 149, 157, 154, 149, 177, 176, 149, 153, 151, 149, 176, 174, 149, 179, 177, 142, 141, 140, 146, 148, 147, 146, 149, 148, 145, 196, 191, 145, 143, 142, 145, 144, 143, 145, 184, 183, 145, 185, 184, 145, 138, 196, 145, 140, 138, 145, 179, 149, 145, 142, 140, 145, 149, 146, 145, 191, 185, 145, 183, 179]
            normal3f[] normals = [(-0.71831954, -0.44135594, 0.53779364), (-0.7183196, -0.49194357, 0.4919436), (-0.57735026, 0.57735026, -0.57735026), (-0.7183196, -0.5377937, 0.44135576), (-0.71831965, -0.38651758, 0.5784644), (-0.7183195, -0.57846445, 0.3865178), (-0.71831954, -0.32795694, 0.61356443), (-0.7183197, -0.6135642, 0.32795694), (-0.57735026, 0.57735026, 0.57735026), (-0.7183196, -0.26623797, 0.64275527), (-0.7183195, -0.6427554, 0.26623783), (-0.71831954, -0.20195495, 0.6657561), (-0.71831965, -0.66575605, 0.20195481), (-0.7183196, -0.13572702, 0.68234533), (-0.7183195, -0.68234545, 0.13572694), (-0.71831965, -0.068191744, 0.6923632), (-0.71831965, -0.69236314, 0.068191834), (-0.7183195, 9.138835e-9, 0.69571334), (-0.57997555, -0.5617232, 0.58999616), (-0.57735026, -0.57735026, -0.57735026), (-0.71831965, 0.06819176, 0.6923632), (-0.7183196, 0.135727, 0.68234533), (-0.7183196, 0.20195498, 0.6657561), (-0.71831954, 0.26623797, 0.6427553), (-0.7183196, 0.32795694, 0.6135643), (-0.7183196, 0.3865176, 0.57846445), (-0.7183196, 0.44135582, 0.5377937), (-0.7183196, 0.49194357, 0.4919436), (-0.7183196, 0.53779364, 0.44135582), (-0.7183196, 0.57846445, 0.38651755), (-0.7183196, 0.6135644, 0.32795694), (-0.57735026, -0.57735026, 0.57735026), (-0.71831954, 0.64275527, 0.266238), (-0.7183196, 0.6657561, 0.2019549), (-0.71831954, 0.6823454, 0.13572693), (-0.7183196, 0.6923632, 0.06819184), (-0.57997555, 0.5617231, 0.5899962), (0.57997555, 0.5617231, 0.5899962), (0.57735026, -0.57735026, 0.57735026), (0.7183196, 0.6923632, 0.06819184), (0.71831954, 0.6823454, 0.13572693), (0.7183196, 0.6657561, 0.2019549), (0.71831954, 0.64275527, 0.266238), (0.7183196, 0.6135644, 0.32795694), (0.7183196, 0.57846445, 0.38651755), (0.7183196, 0.53779364, 0.44135582), (0.7183196, 0.49194357, 0.4919436), (0.7183196, 0.44135582, 0.5377937), (0.7183196, 0.3865176, 0.57846445), (0.7183196, 0.32795694, 0.6135643), (0.71831954, 0.26623797, 0.6427553), (0.7183196, 0.20195498, 0.6657561), (0.7183196, 0.135727, 0.68234533), (0.71831965, 0.06819176, 0.6923632), (0.7183195, 9.138835e-9, 0.69571334), (0.71831965, -0.068191744, 0.6923632), (0.7183196, -0.13572702, 0.68234533), (0.71831954, -0.20195495, 0.6657561), (0.7183196, -0.26623797, 0.64275527), (0.71831954, -0.32795694, 0.61356443), (0.71831965, -0.38651758, 0.5784644), (0.71831954, -0.44135594, 0.53779364), (0.7183196, -0.49194357, 0.4919436), (0.7183196, -0.5377937, 0.44135576), (0.7183195, -0.57846445, 0.3865178), (0.7183197, -0.6135642, 0.32795694), (0.7183195, -0.6427554, 0.26623783), (0.71831965, -0.66575605, 0.20195481), (0.7183195, -0.68234545, 0.13572694), (0.71831965, -0.69236314, 0.068191834), (0.57997555, -0.5617232, 0.58999616), (0.57735026, 0.57735026, 0.57735026), (0.57735026, 0.57735026, -0.57735026), (0.4602199, 0.52149266, -0.71850055), (0.50985736, 0.4730789, -0.7184997), (0.55442643, 0.41996223, -0.71850055), (0.40601057, 0.5647247, -0.7184994), (0.5934869, 0.3626722, -0.7184999), (0.34776354, 0.6023428, -0.718501), (0.6266477, 0.30177805, -0.71850026), (0.28606015, 0.6339774, -0.71849996), (0.6535814, 0.23788385, -0.7185003), (0.22151642, 0.6593091, -0.71849984), (0.6740194, 0.17162606, -0.7185001), (0.15477036, 0.6780882, -0.7185002), (0.6877584, 0.10366311, -0.7185001), (0.086484484, 0.6901287, -0.71850044), (0.6946621, 0.03466937, -0.71850026), (0.01733844, 0.69531035, -0.71850044), (0.6946621, -0.03466937, -0.71850026), (0.6877584, -0.10366311, -0.7185001), (0.6740191, -0.17162658, -0.71850026), (0.6535814, -0.23788446, -0.7185001), (0.6266484, -0.30177736, -0.71849996), (0.59348714, -0.36267126, -0.71850026), (0.55442643, -0.41996223, -0.71850055), (0.50985736, -0.4730789, -0.7184997), (0.4602199, -0.52149266, -0.71850055), (0.4060089, -0.5647252, -0.71849996), (0.3477642, -0.60234374, -0.71849984), (0.28606147, -0.63397616, -0.71850055), (0.22151642, -0.6593091, -0.71849984), (0.15476833, -0.67808795, -0.71850085), (0.08648467, -0.69013, -0.7184991), (0.017340375, -0.69530964, -0.7185011), (0.57735026, -0.57735026, -0.57735026), (-0.6920707, 0.069252096, -0.7185), (-0.69552666, 9.7546035e-8, -0.71850026), (-0.6817361, 0.13781579, -0.71850026), (-0.66462636, 0.20501043, -0.7185002), (-0.6409114, 0.270167, -0.7185001), (-0.61082655, 0.33263844, -0.7185002), (-0.57467103, 0.3918044, -0.7185002), (-0.5328049, 0.44707587, -0.7184999), (-0.48564255, 0.4979041, -0.7185004), (-0.4336534, 0.543785, -0.71850026), (-0.37735653, 0.5842605, -0.7184996), (-0.3173073, 0.61892873, -0.71850073), (-0.2541046, 0.6474479, -0.7184999), (-0.18837543, 0.66953063, -0.71850085), (-0.12077559, 0.684961, -0.71849954), (-0.051978126, 0.69358224, -0.71849984), (-0.051978126, -0.69358224, -0.71849984), (-0.12077735, -0.68496007, -0.7185002), (-0.18837583, -0.6695318, -0.7184996), (-0.2541041, -0.64744675, -0.7185011), (-0.31730792, -0.6189298, -0.71849954), (-0.3773548, -0.58426094, -0.7185002), (-0.4336534, -0.543785, -0.71850026), (-0.48564255, -0.4979041, -0.7185004), (-0.5328049, -0.44707587, -0.7184999), (-0.57467103, -0.3918044, -0.7185002), (-0.61082655, -0.33263844, -0.7185002), (-0.6409114, -0.270167, -0.7185001), (-0.66462636, -0.20501043, -0.7185002), (-0.6817361, -0.13781579, -0.71850026), (-0.6920707, -0.069252, -0.7185), (-0.71798587, 1.00695885e-7, -0.6960577), (-0.7144178, -0.07148816, -0.6960579), (-0.70375, -0.14226598, -0.6960577), (-0.6860876, -0.21163034, -0.6960578), (-0.66160667, -0.27889076, -0.6960579), (-0.6305506, -0.3433796, -0.69605774), (-0.5932275, -0.40445602, -0.6960578), (-0.5500091, -0.46151188, -0.69605803), (-0.50132453, -0.51398206, -0.69605756), (-0.44765642, -0.56134427, -0.69605774), (-0.3895398, -0.60312706, -0.6960578), (-0.32755342, -0.6389143, -0.6960584), (-0.26230994, -0.6683549, -0.6960569), (-0.19445829, -0.6911503, -0.69605833), (-0.12467734, -0.7070779, -0.69605774), (-0.053656477, -0.71597767, -0.69605815), (0.017900351, -0.7177634, -0.6960569), (0.08927706, -0.71241266, -0.69605875), (0.1597662, -0.69998515, -0.69605714), (0.22866909, -0.68059796, -0.6960581), (0.29529887, -0.65444833, -0.69605744), (0.3589934, -0.62179327, -0.6960581), (0.41911894, -0.5829602, -0.696058), (0.47508118, -0.5383325, -0.69605744), (0.5263203, -0.4883543, -0.6960582), (0.5723298, -0.43352357, -0.69605744), (0.6126513, -0.3743822, -0.69605774), (0.6468829, -0.31152174, -0.69605803), (0.6746858, -0.24556585, -0.69605786), (0.6957837, -0.17716853, -0.69605774), (0.70996636, -0.107010424, -0.69605786), (0.7170933, -0.03578887, -0.69605774), (0.7170933, 0.03578887, -0.69605774), (0.70996636, 0.107010424, -0.69605786), (0.6957837, 0.17716792, -0.6960579), (0.67468613, 0.24556534, -0.6960577), (0.6468827, 0.31152272, -0.69605774), (0.6126505, 0.37438285, -0.69605803), (0.5723298, 0.43352357, -0.69605744), (0.5263203, 0.4883543, -0.6960582), (0.47508118, 0.5383325, -0.69605744), (0.41912004, 0.5829588, -0.6960585), (0.35899383, 0.6217942, -0.696057), (0.29529703, 0.65444857, -0.696058), (0.22866909, 0.68059796, -0.6960581), (0.15976802, 0.69998413, -0.69605774), (0.089277185, 0.71241385, -0.69605756), (0.017898323, 0.7177629, -0.69605756), (-0.053656477, 0.71597767, -0.69605815), (-0.124675296, 0.7070777, -0.69605833), (-0.19445854, 0.69115144, -0.69605714), (-0.2623096, 0.66835386, -0.69605803), (-0.32755384, 0.6389153, -0.69605726), (-0.389541, 0.6031257, -0.69605833), (-0.44765642, 0.56134427, -0.69605774), (-0.50132453, 0.51398206, -0.69605756), (-0.5500091, 0.46151188, -0.69605803), (-0.5932275, 0.40445602, -0.6960578), (-0.6305506, 0.3433796, -0.69605774), (-0.66160667, 0.27889076, -0.6960579), (-0.6860876, 0.21163034, -0.6960578), (-0.70375, 0.14226598, -0.6960577), (-0.71441776, 0.071488254, -0.696058)] (
                interpolation = "vertex"
            )
            point3f[] points = [(-30, 24.530138, -4.0408397), (-30, 25.849888, -2.8446882), (-30, 40.0159, -27.1307), (-30, 27.04604, -1.5249381), (-30, 23.0995, -5.1018734), (-30, 28.107073, -0.094299726), (-30, 21.57175, -6.017571), (-30, 29.022772, 1.4334493), (-30, 40.0159, 9.9893), (-30, 19.961605, -6.7791133), (-30, 29.784313, 3.0435958), (-30, 18.284567, -7.379167), (-30, 30.384367, 4.720633), (-30, 16.55679, -7.811953), (-30, 30.817152, 6.4484105), (-30, 14.794911, -8.073303), (-30, 31.078503, 8.210289), (-30, 13.0159, -8.1607), (-30, 31.1659, 9.9893), (-30, -13.9841, -27.1307), (-30, 11.236889, -8.073303), (-30, 9.475011, -7.811953), (-30, 7.747233, -7.379167), (-30, 6.0701957, -6.7791133), (-30, 4.460049, -6.017571), (-30, 2.9323003, -5.1018734), (-30, 1.5016619, -4.0408397), (-30, 0.18191192, -2.8446882), (-30, -1.0142398, -1.5249381), (-30, -2.0752735, -0.094299726), (-30, -2.9909708, 1.4334493), (-30, -13.9841, 9.9893), (-30, -3.7525134, 3.0435958), (-30, -4.352567, 4.720633), (-30, -4.7853527, 6.4484105), (-30, -5.046703, 8.210289), (-30, -5.1341, 9.9893), (30, -5.1341, 9.9893), (30, -13.9841, 9.9893), (30, -5.046703, 8.210289), (30, -4.7853527, 6.4484105), (30, -4.352567, 4.720633), (30, -3.7525134, 3.0435958), (30, -2.9909708, 1.4334493), (30, -2.0752735, -0.094299726), (30, -1.0142398, -1.5249381), (30, 0.18191192, -2.8446882), (30, 1.5016619, -4.0408397), (30, 2.9323003, -5.1018734), (30, 4.460049, -6.017571), (30, 6.0701957, -6.7791133), (30, 7.747233, -7.379167), (30, 9.475011, -7.811953), (30, 11.236889, -8.073303), (30, 13.0159, -8.1607), (30, 14.794911, -8.073303), (30, 16.55679, -7.811953), (30, 18.284567, -7.379167), (30, 19.961605, -6.7791133), (30, 21.57175, -6.017571), (30, 23.0995, -5.1018734), (30, 24.530138, -4.0408397), (30, 25.849888, -2.8446882), (30, 27.04604, -1.5249381), (30, 28.107073, -0.094299726), (30, 29.022772, 1.4334493), (30, 29.784313, 3.0435958), (30, 30.384367, 4.720633), (30, 30.817152, 6.4484105), (30, 31.078503, 8.210289), (30, 31.1659, 9.9893), (30, 40.0159, 9.9893), (30, 40.0159, -27.1307), (-1.1248659, 11.741272, -27.1307), (-1.2461882, 11.859607, -27.1307), (-1.3551253, 11.989432, -27.1307), (-0.9923642, 11.635606, -27.1307), (-1.4505945, 12.12946, -27.1307), (-0.85, 11.543656, -27.1307), (-1.5316471, 12.278297, -27.1307), (-0.69918805, 11.46634, -27.1307), (-1.5974774, 12.434465, -27.1307), (-0.5414273, 11.404424, -27.1307), (-1.6474314, 12.596413, -27.1307), (-0.3782856, 11.358522, -27.1307), (-1.6810124, 12.762528, -27.1307), (-0.2113843, 11.329093, -27.1307), (-1.6978868, 12.931162, -27.1307), (-0.042382177, 11.316428, -27.1307), (-1.6978868, 13.100638, -27.1307), (-1.6810124, 13.269272, -27.1307), (-1.6474314, 13.435388, -27.1307), (-1.5974774, 13.597334, -27.1307), (-1.5316471, 13.753502, -27.1307), (-1.4505945, 13.90234, -27.1307), (-1.3551253, 14.042368, -27.1307), (-1.2461882, 14.172194, -27.1307), (-1.1248659, 14.290528, -27.1307), (-0.9923642, 14.396194, -27.1307), (-0.85, 14.488143, -27.1307), (-0.69918805, 14.56546, -27.1307), (-0.5414273, 14.627377, -27.1307), (-0.3782856, 14.673278, -27.1307), (-0.2113843, 14.702706, -27.1307), (-0.042382177, 14.715372, -27.1307), (30, -13.9841, -27.1307), (1.6915523, 12.846635, -27.1307), (1.7, 13.0159, -27.1307), (1.6662933, 12.679051, -27.1307), (1.6244738, 12.514816, -27.1307), (1.5665096, 12.355561, -27.1307), (1.4929767, 12.202868, -27.1307), (1.4046059, 12.058256, -27.1307), (1.3022755, 11.9231615, -27.1307), (1.1870025, 11.798926, -27.1307), (1.0599327, 11.686787, -27.1307), (0.92232865, 11.587856, -27.1307), (0.7755581, 11.503118, -27.1307), (0.62107974, 11.433414, -27.1307), (0.4604288, 11.379438, -27.1307), (0.2952019, 11.341727, -27.1307), (0.12704116, 11.320654, -27.1307), (0.12704116, 14.711146, -27.1307), (0.2952019, 14.690073, -27.1307), (0.4604288, 14.652361, -27.1307), (0.62107974, 14.598386, -27.1307), (0.7755581, 14.528682, -27.1307), (0.92232865, 14.443944, -27.1307), (1.0599327, 14.345014, -27.1307), (1.1870025, 14.232874, -27.1307), (1.3022755, 14.108639, -27.1307), (1.4046059, 13.973544, -27.1307), (1.4929767, 13.828932, -27.1307), (1.5665096, 13.676239, -27.1307), (1.6244738, 13.516984, -27.1307), (1.6662933, 13.352749, -27.1307), (1.6915523, 13.185165, -27.1307), (1.7, 13.0159, -19.1407), (1.6915523, 13.185165, -19.1407), (1.6662933, 13.352749, -19.1407), (1.6244738, 13.516984, -19.1407), (1.5665096, 13.676239, -19.1407), (1.4929767, 13.828932, -19.1407), (1.4046059, 13.973544, -19.1407), (1.3022755, 14.108639, -19.1407), (1.1870025, 14.232874, -19.1407), (1.0599327, 14.345014, -19.1407), (0.92232865, 14.443944, -19.1407), (0.7755581, 14.528682, -19.1407), (0.62107974, 14.598386, -19.1407), (0.4604288, 14.652361, -19.1407), (0.2952019, 14.690073, -19.1407), (0.12704116, 14.711146, -19.1407), (-0.042382177, 14.715372, -19.1407), (-0.2113843, 14.702706, -19.1407), (-0.3782856, 14.673278, -19.1407), (-0.5414273, 14.627377, -19.1407), (-0.69918805, 14.56546, -19.1407), (-0.85, 14.488143, -19.1407), (-0.9923642, 14.396194, -19.1407), (-1.1248659, 14.290528, -19.1407), (-1.2461882, 14.172194, -19.1407), (-1.3551253, 14.042368, -19.1407), (-1.4505945, 13.90234, -19.1407), (-1.5316471, 13.753502, -19.1407), (-1.5974774, 13.597334, -19.1407), (-1.6474314, 13.435388, -19.1407), (-1.6810124, 13.269272, -19.1407), (-1.6978868, 13.100638, -19.1407), (-1.6978868, 12.931162, -19.1407), (-1.6810124, 12.762528, -19.1407), (-1.6474314, 12.596413, -19.1407), (-1.5974774, 12.434465, -19.1407), (-1.5316471, 12.278297, -19.1407), (-1.4505945, 12.12946, -19.1407), (-1.3551253, 11.989432, -19.1407), (-1.2461882, 11.859607, -19.1407), (-1.1248659, 11.741272, -19.1407), (-0.9923642, 11.635606, -19.1407), (-0.85, 11.543656, -19.1407), (-0.69918805, 11.46634, -19.1407), (-0.5414273, 11.404424, -19.1407), (-0.3782856, 11.358522, -19.1407), (-0.2113843, 11.329093, -19.1407), (-0.042382177, 11.316428, -19.1407), (0.12704116, 11.320654, -19.1407), (0.2952019, 11.341727, -19.1407), (0.4604288, 11.379438, -19.1407), (0.62107974, 11.433414, -19.1407), (0.7755581, 11.503118, -19.1407), (0.92232865, 11.587856, -19.1407), (1.0599327, 11.686787, -19.1407), (1.1870025, 11.798926, -19.1407), (1.3022755, 11.9231615, -19.1407), (1.4046059, 12.058256, -19.1407), (1.4929767, 12.202868, -19.1407), (1.5665096, 12.355561, -19.1407), (1.6244738, 12.514816, -19.1407), (1.6662933, 12.679051, -19.1407), (1.6915523, 12.846635, -19.1407)]
            uniform token subdivisionScheme = "none"
        }

        def Mesh "Part_4"
        {
            float3[] extent = [(-168.84, -13.9841, -27.1307), (-157.3775, 40.0159, 9.6893)]
            int[] faceVertexCounts = [3, 3, 3, 3, 3, 3, 3, 3, 3, 3, 3, 3, 3, 3, 3, 3, 3, 3, 3, 3, 3, 3, 3, 3, 3, 3, 3, 3, 3, 3, 3, 3, 3, 3, 3, 3, 3, 3, 3, 3, 3, 3, 3, 3, 3, 3, 3, 3, 3, 3, 3, 3, 3, 3, 3, 3, 3, 3, 3, 3, 3, 3, 3, 3, 3, 3, 3, 3, 3, 3, 3, 3, 3, 3, 3, 3, 3, 3, 3, 3, 3, 3, 3, 3, 3, 3, 3, 3, 3, 3, 3, 3, 3, 3, 3, 3, 3, 3, 3, 3, 3, 3, 3, 3, 3, 3, 3, 3, 3, 3, 3, 3, 3, 3, 3, 3, 3, 3, 3, 3, 3, 3, 3, 3, 3, 3, 3, 3, 3, 3, 3, 3, 3, 3, 3, 3, 3, 3, 3, 3, 3, 3, 3, 3, 3, 3, 3, 3, 3, 3, 3, 3, 3, 3, 3, 3, 3, 3, 3, 3, 3, 3, 3, 3, 3, 3, 3, 3, 3, 3, 3, 3, 3, 3, 3, 3, 3, 3, 3, 3, 3, 3, 3, 3, 3, 3, 3, 3, 3, 3, 3, 3, 3, 3, 3, 3, 3, 3, 3, 3, 3, 3, 3, 3, 3, 3, 3, 3, 3, 3, 3, 3, 3, 3, 3, 3, 3, 3, 3, 3, 3, 3, 3, 3, 3, 3, 3, 3, 3, 3, 3, 3, 3, 3, 3, 3, 3, 3, 3, 3, 3, 3, 3, 3, 3, 3, 3, 3, 3, 3, 3, 3, 3, 3, 3, 3, 3, 3, 3, 3, 3, 3, 3, 3, 3, 3, 3, 3, 3, 3, 3, 3, 3, 3, 3, 3, 3, 3, 3, 3, 3, 3, 3, 3, 3, 3, 3, 3, 3, 3, 3, 3, 3, 3, 3, 3, 3, 3, 3, 3, 3, 3, 3, 3, 3, 3, 3, 3, 3, 3, 3, 3, 3, 3, 3, 3, 3, 3, 3, 3, 3, 3, 3, 3, 3, 3, 3, 3, 3, 3, 3, 3, 3, 3, 3, 3, 3, 3, 3, 3, 3, 3, 3, 3, 3, 3, 3, 3, 3, 3, 3, 3, 3, 3, 3, 3, 3, 3, 3, 3, 3, 3, 3, 3, 3, 3, 3, 3, 3, 3, 3, 3, 3, 3, 3, 3, 3, 3, 3, 3, 3, 3, 3, 3, 3, 3, 3, 3, 3, 3, 3, 3, 3, 3, 3, 3]
            int[] faceVertexIndices = [0, 1, 2, 3, 4, 2, 3, 2, 1, 5, 0, 2, 6, 4, 3, 7, 5, 2, 8, 4, 6, 9, 4, 8, 10, 7, 2, 11, 10, 2, 12, 4, 9, 13, 4, 12, 14, 11, 2, 15, 4, 13, 16, 14, 2, 17, 4, 15, 18, 16, 2, 19, 18, 2, 20, 18, 19, 21, 20, 19, 22, 21, 19, 23, 22, 19, 24, 23, 19, 25, 24, 19, 26, 25, 19, 27, 26, 19, 28, 27, 19, 29, 30, 28, 29, 31, 30, 29, 32, 31, 29, 33, 32, 29, 34, 33, 29, 35, 34, 29, 36, 35, 29, 28, 19, 37, 36, 29, 37, 29, 38, 36, 37, 39, 35, 36, 39, 34, 39, 40, 34, 35, 39, 33, 40, 41, 33, 34, 40, 32, 41, 42, 32, 33, 41, 31, 43, 44, 31, 42, 43, 31, 32, 42, 30, 31, 44, 28, 30, 44, 28, 44, 45, 27, 28, 45, 27, 46, 47, 27, 45, 46, 26, 27, 47, 25, 26, 47, 25, 47, 48, 24, 25, 48, 24, 48, 49, 23, 24, 49, 23, 49, 50, 22, 23, 50, 22, 50, 51, 21, 22, 51, 21, 51, 52, 20, 21, 52, 20, 52, 53, 18, 20, 53, 18, 54, 55, 18, 53, 54, 16, 18, 55, 14, 16, 55, 14, 55, 56, 11, 57, 58, 11, 56, 57, 11, 14, 56, 10, 58, 59, 10, 11, 58, 7, 10, 59, 5, 59, 60, 5, 7, 59, 0, 60, 61, 0, 5, 60, 1, 61, 62, 1, 0, 61, 3, 62, 63, 3, 1, 62, 6, 63, 64, 6, 3, 63, 8, 65, 66, 8, 64, 65, 8, 6, 64, 9, 8, 66, 12, 67, 68, 12, 66, 67, 12, 9, 66, 13, 12, 68, 15, 69, 70, 15, 68, 69, 15, 13, 68, 17, 15, 70, 71, 4, 17, 71, 17, 70, 4, 72, 2, 71, 72, 4, 73, 19, 74, 75, 74, 19, 76, 19, 73, 77, 75, 19, 78, 19, 76, 79, 77, 19, 80, 19, 78, 81, 79, 19, 82, 19, 80, 83, 81, 19, 84, 19, 82, 85, 83, 19, 86, 19, 84, 87, 88, 19, 87, 19, 86, 89, 88, 87, 90, 88, 89, 91, 88, 90, 92, 88, 91, 93, 88, 92, 94, 88, 93, 95, 88, 94, 96, 88, 95, 97, 88, 96, 98, 88, 97, 99, 88, 98, 100, 88, 99, 101, 88, 100, 102, 88, 101, 2, 103, 104, 2, 105, 103, 2, 106, 105, 2, 107, 106, 2, 108, 107, 2, 109, 108, 2, 110, 109, 2, 111, 110, 2, 112, 111, 2, 113, 112, 2, 114, 113, 2, 115, 114, 2, 116, 115, 2, 117, 116, 72, 118, 117, 72, 119, 118, 72, 120, 119, 72, 121, 120, 72, 122, 121, 72, 123, 122, 72, 124, 123, 72, 125, 124, 72, 126, 125, 72, 127, 126, 72, 128, 127, 72, 129, 128, 72, 130, 129, 72, 131, 130, 72, 132, 131, 72, 117, 2, 2, 133, 19, 133, 134, 19, 134, 85, 19, 2, 104, 133, 88, 135, 72, 135, 132, 72, 88, 136, 135, 88, 102, 136, 29, 19, 88, 38, 29, 88, 61, 72, 62, 63, 72, 71, 63, 62, 72, 60, 72, 61, 64, 63, 71, 59, 72, 60, 65, 64, 71, 66, 65, 71, 58, 72, 59, 57, 72, 58, 67, 66, 71, 68, 67, 71, 56, 72, 57, 69, 68, 71, 55, 72, 56, 70, 69, 71, 54, 72, 55, 88, 72, 54, 53, 88, 54, 52, 88, 53, 51, 88, 52, 50, 88, 51, 49, 88, 50, 48, 88, 49, 47, 88, 48, 46, 88, 47, 45, 88, 46, 38, 45, 44, 38, 44, 43, 38, 43, 42, 38, 42, 41, 38, 41, 40, 38, 40, 39, 38, 39, 37, 38, 88, 45, 132, 135, 137, 132, 137, 138, 131, 132, 138, 131, 138, 139, 130, 131, 139, 130, 139, 140, 129, 130, 140, 129, 140, 141, 128, 129, 141, 128, 141, 142, 127, 128, 142, 127, 142, 143, 126, 127, 143, 126, 143, 144, 125, 126, 144, 125, 144, 145, 124, 125, 145, 124, 145, 146, 123, 146, 147, 123, 124, 146, 122, 147, 148, 122, 123, 147, 121, 148, 149, 121, 122, 148, 120, 149, 150, 120, 121, 149, 119, 150, 151, 119, 120, 150, 118, 151, 152, 118, 152, 153, 118, 119, 151, 117, 118, 153, 117, 153, 154, 116, 117, 154, 115, 116, 154, 115, 154, 155, 114, 115, 155, 114, 155, 156, 114, 156, 157, 113, 114, 157, 112, 113, 157, 112, 157, 158, 111, 112, 158, 111, 158, 159, 110, 111, 159, 110, 159, 160, 110, 160, 161, 109, 110, 161, 109, 161, 162, 108, 109, 162, 107, 108, 162, 107, 162, 163, 106, 107, 163, 106, 163, 164, 105, 106, 164, 105, 164, 165, 105, 165, 166, 103, 105, 166, 104, 103, 166, 104, 166, 167, 104, 167, 168, 133, 104, 168, 134, 133, 168, 134, 168, 169, 134, 169, 170, 85, 134, 170, 83, 85, 170, 83, 170, 171, 83, 171, 172, 81, 83, 172, 81, 172, 173, 79, 81, 173, 77, 173, 174, 77, 79, 173, 75, 174, 175, 75, 77, 174, 74, 175, 176, 74, 75, 175, 73, 176, 177, 73, 177, 178, 73, 74, 176, 76, 73, 178, 78, 178, 179, 78, 76, 178, 80, 78, 179, 80, 179, 180, 82, 80, 180, 82, 180, 181, 84, 181, 182, 84, 82, 181, 86, 182, 183, 86, 84, 182, 87, 183, 184, 87, 86, 183, 89, 184, 185, 89, 185, 186, 89, 87, 184, 90, 89, 186, 91, 186, 187, 91, 90, 186, 92, 187, 188, 92, 91, 187, 93, 188, 189, 93, 92, 188, 94, 189, 190, 94, 93, 189, 95, 190, 191, 95, 94, 190, 96, 191, 192, 96, 192, 193, 96, 95, 191, 97, 96, 193, 98, 193, 194, 98, 194, 195, 98, 97, 193, 99, 98, 195, 100, 195, 196, 100, 99, 195, 101, 196, 197, 101, 100, 196, 102, 197, 198, 102, 101, 197, 136, 198, 199, 136, 102, 198, 135, 199, 137, 135, 136, 199, 179, 177, 176, 179, 178, 177, 173, 175, 174, 173, 176, 175, 181, 180, 179, 169, 171, 170, 184, 182, 181, 184, 183, 182, 186, 185, 184, 189, 187, 186, 189, 188, 187, 192, 191, 190, 160, 162, 161, 160, 163, 162, 194, 192, 190, 194, 193, 192, 195, 189, 186, 195, 194, 190, 195, 190, 189, 195, 186, 184, 195, 181, 179, 195, 184, 181, 157, 159, 158, 157, 160, 159, 157, 164, 163, 157, 163, 160, 197, 196, 195, 197, 179, 176, 197, 195, 179, 154, 156, 155, 137, 197, 176, 137, 198, 197, 137, 199, 198, 137, 176, 173, 151, 153, 152, 151, 154, 153, 140, 138, 137, 140, 139, 138, 140, 137, 173, 140, 169, 168, 140, 172, 171, 140, 173, 172, 140, 171, 169, 149, 151, 150, 149, 154, 151, 142, 141, 140, 142, 140, 168, 142, 165, 164, 142, 166, 165, 142, 167, 166, 142, 168, 167, 147, 149, 148, 146, 149, 147, 145, 143, 142, 145, 144, 143, 145, 156, 154, 145, 157, 156, 145, 164, 157, 145, 154, 149, 145, 142, 164, 145, 149, 146]
            normal3f[] normals = [(-0.71831954, -0.44135574, 0.5377938), (-0.71831965, -0.49194348, 0.49194357), (-0.57735026, 0.57735026, -0.57735026), (-0.71831954, -0.5377937, 0.44135582), (-0.57735026, 0.57735026, 0.57735026), (-0.7183195, -0.38651788, 0.5784644), (-0.71831965, -0.57846445, 0.3865175), (-0.7183197, -0.32795706, 0.61356413), (-0.7183194, -0.6135644, 0.32795727), (-0.71831965, -0.64275503, 0.2662383), (-0.71831954, -0.26623785, 0.6427553), (-0.7183196, -0.20195495, 0.6657561), (-0.7183196, -0.66575605, 0.20195505), (-0.71831965, -0.68234533, 0.13572688), (-0.7183196, -0.13572694, 0.68234533), (-0.7183196, -0.69236326, 0.06819158), (-0.7183196, -0.068191804, 0.69236326), (-0.57997555, -0.56172323, 0.5899961), (-0.7183196, 1.6839689e-8, 0.6957133), (-0.57735026, -0.57735026, -0.57735026), (-0.7183196, 0.06819182, 0.69236326), (-0.7183196, 0.13572694, 0.68234533), (-0.7183196, 0.20195495, 0.6657561), (-0.7183196, 0.26623797, 0.64275527), (-0.71831954, 0.32795694, 0.6135644), (-0.7183196, 0.38651752, 0.5784645), (-0.7183196, 0.44135582, 0.5377937), (-0.71831965, 0.4919436, 0.4919435), (-0.71831954, 0.5377937, 0.44135582), (-0.57735026, -0.57735026, 0.57735026), (-0.7183196, 0.5784644, 0.38651764), (-0.7183196, 0.6135643, 0.32795703), (-0.7183196, 0.6427552, 0.26623797), (-0.7183196, 0.6657561, 0.20195489), (-0.7183196, 0.68234533, 0.13572688), (-0.71831954, 0.69236326, 0.068191834), (-0.57997555, 0.56172305, 0.5899962), (0.57997555, 0.56172305, 0.5899962), (0.57735026, -0.57735026, 0.57735026), (0.71831954, 0.69236326, 0.068191834), (0.7183196, 0.68234533, 0.13572688), (0.7183196, 0.6657561, 0.20195489), (0.7183196, 0.6427552, 0.26623797), (0.7183196, 0.6135643, 0.32795703), (0.7183196, 0.5784644, 0.38651764), (0.71831954, 0.5377937, 0.44135582), (0.71831965, 0.4919436, 0.4919435), (0.7183196, 0.44135582, 0.5377937), (0.7183196, 0.38651752, 0.5784645), (0.71831954, 0.32795694, 0.6135644), (0.7183196, 0.26623797, 0.64275527), (0.7183196, 0.20195495, 0.6657561), (0.7183196, 0.13572694, 0.68234533), (0.7183196, 0.06819182, 0.69236326), (0.7183196, 1.6839689e-8, 0.6957133), (0.7183196, -0.068191804, 0.69236326), (0.7183196, -0.13572694, 0.68234533), (0.7183196, -0.20195495, 0.6657561), (0.71831954, -0.26623785, 0.6427553), (0.7183197, -0.32795706, 0.61356413), (0.7183195, -0.38651788, 0.5784644), (0.71831954, -0.44135574, 0.5377938), (0.71831965, -0.49194348, 0.49194357), (0.71831954, -0.5377937, 0.44135582), (0.71831965, -0.57846445, 0.3865175), (0.7183194, -0.6135644, 0.32795727), (0.71831965, -0.64275503, 0.2662383), (0.7183196, -0.66575605, 0.20195505), (0.71831965, -0.68234533, 0.13572688), (0.7183196, -0.69236326, 0.06819158), (0.57997555, -0.56172323, 0.5899961), (0.57735026, 0.57735026, 0.57735026), (0.57735026, 0.57735026, -0.57735026), (0.46023163, 0.5214882, -0.71849626), (0.5098497, 0.4730953, -0.7184943), (0.5544175, 0.4199546, -0.71851194), (0.40601775, 0.5647142, -0.71850365), (0.5935002, 0.3626645, -0.7184928), (0.34775758, 0.60234416, -0.7185027), (0.6266458, 0.30177316, -0.718504), (0.28605598, 0.6339814, -0.7184981), (0.6535862, 0.23788466, -0.7184956), (0.2215134, 0.659309, -0.71850085), (0.67401624, 0.17163943, -0.71849984), (0.15476799, 0.6780898, -0.7184992), (0.6877556, 0.10367365, -0.71850127), (0.08648646, 0.6901289, -0.71849996), (0.017340647, 0.6953099, -0.71850085), (0.57735026, -0.57735026, -0.57735026), (-0.05197979, 0.6935811, -0.71850073), (-0.12077351, 0.6849639, -0.7184972), (-0.188374, 0.66952777, -0.71850383), (-0.25410795, 0.6474486, -0.71849805), (-0.31730306, 0.6189319, -0.7184999), (-0.3773528, 0.5842612, -0.71850103), (-0.4336614, 0.5437729, -0.7185046), (-0.48565027, 0.4979082, -0.7184923), (-0.5327982, 0.44707385, -0.71850616), (-0.57467383, 0.39181384, -0.7184928), (-0.61081576, 0.33264697, -0.71850544), (-0.6409141, 0.27014273, -0.7185068), (-0.6646403, 0.20500205, -0.7184897), (-0.6817336, 0.13784494, -0.7184971), (0.6740159, -0.17163995, -0.7185), (0.6877556, -0.10367365, -0.71850127), (0.6535862, -0.23788527, -0.7184954), (0.62664646, -0.30177245, -0.7185037), (0.59350044, -0.36266354, -0.71849316), (0.5544175, -0.4199546, -0.71851194), (0.5098497, -0.4730953, -0.7184943), (0.46023163, -0.5214882, -0.71849626), (0.40601608, -0.56471467, -0.7185042), (0.34775823, -0.60234517, -0.71850157), (0.28605732, -0.63398015, -0.71849865), (0.2215134, -0.659309, -0.71850085), (0.15476596, -0.6780896, -0.71849984), (0.086486645, -0.69013023, -0.71849865), (0.01734258, -0.69530916, -0.7185015), (-0.05197979, -0.6935811, -0.71850073), (-0.120775275, -0.6849629, -0.7184979), (-0.1883744, -0.669529, -0.7185026), (-0.25410742, -0.64744747, -0.71849924), (-0.3173037, -0.6189329, -0.7184987), (-0.37735108, -0.5842616, -0.71850157), (-0.4336614, -0.5437729, -0.7185046), (-0.48565027, -0.4979082, -0.7184923), (-0.5327982, -0.44707385, -0.71850616), (-0.57467383, -0.39181384, -0.7184928), (-0.61081576, -0.33264697, -0.71850544), (-0.6409141, -0.27014273, -0.7185068), (-0.6646403, -0.20500205, -0.7184897), (-0.6817336, -0.13784494, -0.7184971), (-0.6920574, -0.06925022, -0.7185131), (0.69466066, -0.034672953, -0.71850145), (0.69466066, 0.034672953, -0.71850145), (-0.6955403, 9.7437e-8, -0.7184871), (-0.6920574, 0.069250315, -0.7185131), (-0.7179738, 1.00579676e-7, -0.6960701), (-0.7144297, -0.07148889, -0.69604564), (-0.7037412, -0.14229481, -0.6960607), (-0.6860821, -0.21161558, -0.69606763), (-0.6616217, -0.2788709, -0.69605154), (-0.63054854, -0.34339336, -0.69605285), (-0.5932183, -0.4044575, -0.6960647), (-0.5500116, -0.46151775, -0.69605213), (-0.5013214, -0.51397485, -0.6960652), (-0.44767004, -0.5613385, -0.6960536), (-0.38953748, -0.6031301, -0.6960565), (-0.3275483, -0.6389161, -0.69605917), (-0.26231205, -0.66835225, -0.69605863), (-0.19445843, -0.6911531, -0.69605553), (-0.12467438, -0.70707625, -0.69606), (-0.053658333, -0.7159784, -0.69605726), (0.017902648, -0.7177637, -0.69605654), (0.08927898, -0.712412, -0.6960592), (0.15976329, -0.69998485, -0.69605815), (0.22866662, -0.68059975, -0.6960572), (0.29529306, -0.6544491, -0.6960592), (0.35898897, -0.6217977, -0.6960565), (0.41913122, -0.58295614, -0.69605404), (0.4750877, -0.5383216, -0.69606143), (0.5263046, -0.48836395, -0.6960633), (0.5723385, -0.43352923, -0.6960467), (0.6126531, -0.3743669, -0.6960644), (0.6468876, -0.3115199, -0.69605446), (0.6746821, -0.24556352, -0.69606227), (0.69578, -0.17718223, -0.6960579), (0.7099657, -0.10702165, -0.6960568), (0.7170942, -0.03579269, -0.6960566), (0.7170942, 0.03579269, -0.6960566), (0.7099657, 0.10702165, -0.6960568), (0.69578, 0.17718162, -0.6960581), (0.67468244, 0.24556303, -0.6960621), (0.6468874, 0.3115209, -0.69605416), (0.6126523, 0.3743676, -0.6960647), (0.5723385, 0.43352923, -0.6960467), (0.5263046, 0.48836395, -0.6960633), (0.4750877, 0.5383216, -0.69606143), (0.4191323, 0.5829547, -0.6960545), (0.3589894, 0.6217986, -0.6960554), (0.29529122, 0.65444934, -0.69605976), (0.22866662, 0.68059975, -0.6960572), (0.1597651, 0.69998384, -0.69605875), (0.0892791, 0.71241313, -0.69605803), (0.017900618, 0.7177632, -0.6960572), (-0.053658333, 0.7159784, -0.69605726), (-0.124672346, 0.707076, -0.6960606), (-0.19445868, 0.69115424, -0.69605434), (-0.26231173, 0.66835123, -0.69605976), (-0.32754868, 0.6389171, -0.6960581), (-0.38953868, 0.60312873, -0.696057), (-0.44767004, 0.5613385, -0.6960536), (-0.5013214, 0.51397485, -0.6960652), (-0.5500116, 0.46151775, -0.69605213), (-0.5932183, 0.4044575, -0.6960647), (-0.63054854, 0.34339336, -0.69605285), (-0.6616217, 0.2788709, -0.69605154), (-0.6860821, 0.21161558, -0.69606763), (-0.7037412, 0.14229481, -0.6960607), (-0.7144297, 0.071488984, -0.6960457)] (
                interpolation = "vertex"
            )
            point3f[] points = [(-168.84, 19.264673, 2.0751472), (-168.84, 19.980902, 2.7242982), (-168.84, 40.0159, -27.1307), (-168.84, 20.630053, 3.4405262), (-168.84, 40.0159, 9.6893), (-168.84, 18.488266, 1.4993243), (-168.84, 21.205875, 4.2169333), (-168.84, 17.659159, 1.0023756), (-168.84, 21.702824, 5.046042), (-168.84, 22.116114, 5.919868), (-168.84, 16.785332, 0.5890866), (-168.84, 15.875204, 0.2634377), (-168.84, 22.441763, 6.829996), (-168.84, 22.676636, 7.76766), (-168.84, 14.93754, 0.028564988), (-168.84, 22.81847, 8.723831), (-168.84, 13.981369, -0.11326956), (-168.84, 22.8659, 9.6893), (-168.84, 13.0159, -0.1607), (-168.84, -13.9841, -27.1307), (-168.84, 12.050431, -0.11326956), (-168.84, 11.09426, 0.028564988), (-168.84, 10.156596, 0.2634377), (-168.84, 9.246469, 0.5890866), (-168.84, 8.3726425, 1.0023756), (-168.84, 7.5435333, 1.4993243), (-168.84, 6.767126, 2.0751472), (-168.84, 6.050898, 2.7242982), (-168.84, 5.401747, 3.4405262), (-168.84, -13.9841, 9.6893), (-168.84, 4.8259244, 4.2169333), (-168.84, 4.3289757, 5.046042), (-168.84, 3.9156866, 5.919868), (-168.84, 3.5900376, 6.829996), (-168.84, 3.355165, 7.76766), (-168.84, 3.2133305, 8.723831), (-168.84, 3.1659, 9.6893), (-157.3775, 3.1659, 9.6893), (-157.3775, -13.9841, 9.6893), (-157.3775, 3.2133305, 8.723831), (-157.3775, 3.355165, 7.76766), (-157.3775, 3.5900376, 6.829996), (-157.3775, 3.9156866, 5.919868), (-157.3775, 4.3289757, 5.046042), (-157.3775, 4.8259244, 4.2169333), (-157.3775, 5.401747, 3.4405262), (-157.3775, 6.050898, 2.7242982), (-157.3775, 6.767126, 2.0751472), (-157.3775, 7.5435333, 1.4993243), (-157.3775, 8.3726425, 1.0023756), (-157.3775, 9.246469, 0.5890866), (-157.3775, 10.156596, 0.2634377), (-157.3775, 11.09426, 0.028564988), (-157.3775, 12.050431, -0.11326956), (-157.3775, 13.0159, -0.1607), (-157.3775, 13.981369, -0.11326956), (-157.3775, 14.93754, 0.028564988), (-157.3775, 15.875204, 0.2634377), (-157.3775, 16.785332, 0.5890866), (-157.3775, 17.659159, 1.0023756), (-157.3775, 18.488266, 1.4993243), (-157.3775, 19.264673, 2.0751472), (-157.3775, 19.980902, 2.7242982), (-157.3775, 20.630053, 3.4405262), (-157.3775, 21.205875, 4.2169333), (-157.3775, 21.702824, 5.046042), (-157.3775, 22.116114, 5.919868), (-157.3775, 22.441763, 6.829996), (-157.3775, 22.676636, 7.76766), (-157.3775, 22.81847, 8.723831), (-157.3775, 22.8659, 9.6893), (-157.3775, 40.0159, 9.6893), (-157.3775, 40.0159, -27.1307), (-164.23361, 11.741272, -27.1307), (-164.35493, 11.859607, -27.1307), (-164.46388, 11.989432, -27.1307), (-164.10112, 11.635606, -27.1307), (-164.55934, 12.12946, -27.1307), (-163.95876, 11.543656, -27.1307), (-164.6404, 12.278297, -27.1307), (-163.80794, 11.46634, -27.1307), (-164.70622, 12.434465, -27.1307), (-163.65018, 11.404424, -27.1307), (-164.75618, 12.596413, -27.1307), (-163.48703, 11.358522, -27.1307), (-164.78976, 12.762528, -27.1307), (-163.32013, 11.329093, -27.1307), (-163.15114, 11.316428, -27.1307), (-157.3775, -13.9841, -27.1307), (-162.9817, 11.320654, -27.1307), (-162.81355, 11.341727, -27.1307), (-162.64832, 11.379438, -27.1307), (-162.48767, 11.433414, -27.1307), (-162.33319, 11.503118, -27.1307), (-162.18642, 11.587856, -27.1307), (-162.04881, 11.686787, -27.1307), (-161.92175, 11.798926, -27.1307), (-161.80647, 11.9231615, -27.1307), (-161.70415, 12.058256, -27.1307), (-161.61577, 12.202868, -27.1307), (-161.54224, 12.355561, -27.1307), (-161.48428, 12.514816, -27.1307), (-161.44246, 12.679051, -27.1307), (-164.75618, 13.435388, -27.1307), (-164.78976, 13.269272, -27.1307), (-164.70622, 13.597334, -27.1307), (-164.6404, 13.753502, -27.1307), (-164.55934, 13.90234, -27.1307), (-164.46388, 14.042368, -27.1307), (-164.35493, 14.172194, -27.1307), (-164.23361, 14.290528, -27.1307), (-164.10112, 14.396194, -27.1307), (-163.95876, 14.488143, -27.1307), (-163.80794, 14.56546, -27.1307), (-163.65018, 14.627377, -27.1307), (-163.48703, 14.673278, -27.1307), (-163.32013, 14.702706, -27.1307), (-163.15114, 14.715372, -27.1307), (-162.9817, 14.711146, -27.1307), (-162.81355, 14.690073, -27.1307), (-162.64832, 14.652361, -27.1307), (-162.48767, 14.598386, -27.1307), (-162.33319, 14.528682, -27.1307), (-162.18642, 14.443944, -27.1307), (-162.04881, 14.345014, -27.1307), (-161.92175, 14.232874, -27.1307), (-161.80647, 14.108639, -27.1307), (-161.70415, 13.973544, -27.1307), (-161.61577, 13.828932, -27.1307), (-161.54224, 13.676239, -27.1307), (-161.48428, 13.516984, -27.1307), (-161.44246, 13.352749, -27.1307), (-161.41719, 13.185165, -27.1307), (-164.80664, 13.100638, -27.1307), (-164.80664, 12.931162, -27.1307), (-161.40875, 13.0159, -27.1307), (-161.41719, 12.846635, -27.1307), (-161.40875, 13.0159, -19.1407), (-161.41719, 13.185165, -19.1407), (-161.44246, 13.352749, -19.1407), (-161.48428, 13.516984, -19.1407), (-161.54224, 13.676239, -19.1407), (-161.61577, 13.828932, -19.1407), (-161.70415, 13.973544, -19.1407), (-161.80647, 14.108639, -19.1407), (-161.92175, 14.232874, -19.1407), (-162.04881, 14.345014, -19.1407), (-162.18642, 14.443944, -19.1407), (-162.33319, 14.528682, -19.1407), (-162.48767, 14.598386, -19.1407), (-162.64832, 14.652361, -19.1407), (-162.81355, 14.690073, -19.1407), (-162.9817, 14.711146, -19.1407), (-163.15114, 14.715372, -19.1407), (-163.32013, 14.702706, -19.1407), (-163.48703, 14.673278, -19.1407), (-163.65018, 14.627377, -19.1407), (-163.80794, 14.56546, -19.1407), (-163.95876, 14.488143, -19.1407), (-164.10112, 14.396194, -19.1407), (-164.23361, 14.290528, -19.1407), (-164.35493, 14.172194, -19.1407), (-164.46388, 14.042368, -19.1407), (-164.55934, 13.90234, -19.1407), (-164.6404, 13.753502, -19.1407), (-164.70622, 13.597334, -19.1407), (-164.75618, 13.435388, -19.1407), (-164.78976, 13.269272, -19.1407), (-164.80664, 13.100638, -19.1407), (-164.80664, 12.931162, -19.1407), (-164.78976, 12.762528, -19.1407), (-164.75618, 12.596413, -19.1407), (-164.70622, 12.434465, -19.1407), (-164.6404, 12.278297, -19.1407), (-164.55934, 12.12946, -19.1407), (-164.46388, 11.989432, -19.1407), (-164.35493, 11.859607, -19.1407), (-164.23361, 11.741272, -19.1407), (-164.10112, 11.635606, -19.1407), (-163.95876, 11.543656, -19.1407), (-163.80794, 11.46634, -19.1407), (-163.65018, 11.404424, -19.1407), (-163.48703, 11.358522, -19.1407), (-163.32013, 11.329093, -19.1407), (-163.15114, 11.316428, -19.1407), (-162.9817, 11.320654, -19.1407), (-162.81355, 11.341727, -19.1407), (-162.64832, 11.379438, -19.1407), (-162.48767, 11.433414, -19.1407), (-162.33319, 11.503118, -19.1407), (-162.18642, 11.587856, -19.1407), (-162.04881, 11.686787, -19.1407), (-161.92175, 11.798926, -19.1407), (-161.80647, 11.9231615, -19.1407), (-161.70415, 12.058256, -19.1407), (-161.61577, 12.202868, -19.1407), (-161.54224, 12.355561, -19.1407), (-161.48428, 12.514816, -19.1407), (-161.44246, 12.679051, -19.1407), (-161.41719, 12.846635, -19.1407)]
            uniform token subdivisionScheme = "none"
        }

        def Mesh "Part_5"
        {
            float3[] extent = [(157.3775, -13.9841, -27.1307), (168.84, 40.0159, 9.6893)]
            int[] faceVertexCounts = [3, 3, 3, 3, 3, 3, 3, 3, 3, 3, 3, 3, 3, 3, 3, 3, 3, 3, 3, 3, 3, 3, 3, 3, 3, 3, 3, 3, 3, 3, 3, 3, 3, 3, 3, 3, 3, 3, 3, 3, 3, 3, 3, 3, 3, 3, 3, 3, 3, 3, 3, 3, 3, 3, 3, 3, 3, 3, 3, 3, 3, 3, 3, 3, 3, 3, 3, 3, 3, 3, 3, 3, 3, 3, 3, 3, 3, 3, 3, 3, 3, 3, 3, 3, 3, 3, 3, 3, 3, 3, 3, 3, 3, 3, 3, 3, 3, 3, 3, 3, 3, 3, 3, 3, 3, 3, 3, 3, 3, 3, 3, 3, 3, 3, 3, 3, 3, 3, 3, 3, 3, 3, 3, 3, 3, 3, 3, 3, 3, 3, 3, 3, 3, 3, 3, 3, 3, 3, 3, 3, 3, 3, 3, 3, 3, 3, 3, 3, 3, 3, 3, 3, 3, 3, 3, 3, 3, 3, 3, 3, 3, 3, 3, 3, 3, 3, 3, 3, 3, 3, 3, 3, 3, 3, 3, 3, 3, 3, 3, 3, 3, 3, 3, 3, 3, 3, 3, 3, 3, 3, 3, 3, 3, 3, 3, 3, 3, 3, 3, 3, 3, 3, 3, 3, 3, 3, 3, 3, 3, 3, 3, 3, 3, 3, 3, 3, 3, 3, 3, 3, 3, 3, 3, 3, 3, 3, 3, 3, 3, 3, 3, 3, 3, 3, 3, 3, 3, 3, 3, 3, 3, 3, 3, 3, 3, 3, 3, 3, 3, 3, 3, 3, 3, 3, 3, 3, 3, 3, 3, 3, 3, 3, 3, 3, 3, 3, 3, 3, 3, 3, 3, 3, 3, 3, 3, 3, 3, 3, 3, 3, 3, 3, 3, 3, 3, 3, 3, 3, 3, 3, 3, 3, 3, 3, 3, 3, 3, 3, 3, 3, 3, 3, 3, 3, 3, 3, 3, 3, 3, 3, 3, 3, 3, 3, 3, 3, 3, 3, 3, 3, 3, 3, 3, 3, 3, 3, 3, 3, 3, 3, 3, 3, 3, 3, 3, 3, 3, 3, 3, 3, 3, 3, 3, 3, 3, 3, 3, 3, 3, 3, 3, 3, 3, 3, 3, 3, 3, 3, 3, 3, 3, 3, 3, 3, 3, 3, 3, 3, 3, 3, 3, 3, 3, 3, 3, 3, 3, 3, 3, 3, 3, 3, 3, 3, 3, 3, 3, 3, 3, 3, 3, 3, 3, 3, 3, 3]
            int[] faceVertexIndices = [0, 1, 2, 3, 4, 2, 3, 2, 1, 5, 0, 2, 6, 4, 3, 7, 5, 2, 8, 4, 6, 9, 4, 8, 10, 7, 2, 11, 10, 2, 12, 4, 9, 13, 4, 12, 14, 11, 2, 15, 4, 13, 16, 14, 2, 17, 4, 15, 18, 16, 2, 19, 18, 2, 20, 18, 19, 21, 20, 19, 22, 21, 19, 23, 22, 19, 24, 23, 19, 25, 24, 19, 26, 25, 19, 27, 26, 19, 28, 27, 19, 29, 30, 28, 29, 31, 30, 29, 32, 31, 29, 33, 32, 29, 34, 33, 29, 35, 34, 29, 36, 35, 29, 28, 19, 37, 36, 29, 37, 29, 38, 36, 37, 39, 35, 36, 39, 34, 39, 40, 34, 35, 39, 33, 40, 41, 33, 34, 40, 32, 41, 42, 32, 33, 41, 31, 43, 44, 31, 42, 43, 31, 32, 42, 30, 31, 44, 28, 30, 44, 28, 44, 45, 27, 28, 45, 27, 46, 47, 27, 45, 46, 26, 27, 47, 25, 26, 47, 25, 47, 48, 24, 25, 48, 24, 48, 49, 23, 24, 49, 23, 49, 50, 22, 23, 50, 22, 50, 51, 21, 22, 51, 21, 51, 52, 20, 21, 52, 20, 52, 53, 18, 20, 53, 18, 54, 55, 18, 53, 54, 16, 18, 55, 14, 16, 55, 14, 55, 56, 11, 57, 58, 11, 56, 57, 11, 14, 56, 10, 58, 59, 10, 11, 58, 7, 10, 59, 5, 59, 60, 5, 7, 59, 0, 60, 61, 0, 5, 60, 1, 61, 62, 1, 0, 61, 3, 62, 63, 3, 1, 62, 6, 63, 64, 6, 3, 63, 8, 65, 66, 8, 64, 65, 8, 6, 64, 9, 8, 66, 12, 67, 68, 12, 66, 67, 12, 9, 66, 13, 12, 68, 15, 69, 70, 15, 68, 69, 15, 13, 68, 17, 15, 70, 71, 4, 17, 71, 17, 70, 4, 72, 2, 71, 72, 4, 73, 19, 74, 75, 74, 19, 76, 19, 73, 77, 75, 19, 78, 19, 76, 79, 77, 19, 80, 19, 78, 81, 79, 19, 82, 19, 80, 83, 81, 19, 84, 19, 82, 85, 83, 19, 86, 19, 84, 87, 88, 19, 87, 19, 86, 89, 88, 87, 90, 88, 89, 91, 88, 90, 92, 88, 91, 93, 88, 92, 94, 88, 93, 95, 88, 94, 96, 88, 95, 97, 88, 96, 98, 88, 97, 99, 88, 98, 100, 88, 99, 101, 88, 100, 102, 88, 101, 2, 103, 104, 2, 105, 103, 2, 106, 105, 2, 107, 106, 2, 108, 107, 2, 109, 108, 2, 110, 109, 2, 111, 110, 2, 112, 111, 2, 113, 112, 2, 114, 113, 2, 115, 114, 2, 116, 115, 2, 117, 116, 72, 118, 117, 72, 119, 118, 72, 120, 119, 72, 121, 120, 72, 122, 121, 72, 123, 122, 72, 124, 123, 72, 125, 124, 72, 126, 125, 72, 127, 126, 72, 128, 127, 72, 129, 128, 72, 130, 129, 72, 131, 130, 72, 132, 131, 72, 117, 2, 2, 133, 19, 133, 134, 19, 134, 85, 19, 2, 104, 133, 88, 135, 72, 135, 132, 72, 88, 136, 135, 88, 102, 136, 29, 19, 88, 38, 29, 88, 61, 72, 62, 63, 72, 71, 63, 62, 72, 60, 72, 61, 64, 63, 71, 59, 72, 60, 65, 64, 71, 66, 65, 71, 58, 72, 59, 57, 72, 58, 67, 66, 71, 68, 67, 71, 56, 72, 57, 69, 68, 71, 55, 72, 56, 70, 69, 71, 54, 72, 55, 88, 72, 54, 53, 88, 54, 52, 88, 53, 51, 88, 52, 50, 88, 51, 49, 88, 50, 48, 88, 49, 47, 88, 48, 46, 88, 47, 45, 88, 46, 38, 45, 44, 38, 44, 43, 38, 43, 42, 38, 42, 41, 38, 41, 40, 38, 40, 39, 38, 39, 37, 38, 88, 45, 132, 135, 137, 132, 137, 138, 131, 132, 138, 131, 138, 139, 130, 131, 139, 130, 139, 140, 129, 130, 140, 129, 140, 141, 128, 129, 141, 128, 141, 142, 127, 128, 142, 127, 142, 143, 126, 127, 143, 126, 143, 144, 125, 126, 144, 125, 144, 145, 124, 125, 145, 124, 145, 146, 123, 146, 147, 123, 124, 146, 122, 147, 148, 122, 123, 147, 121, 148, 149, 121, 122, 148, 120, 149, 150, 120, 121, 149, 119, 150, 151, 119, 120, 150, 118, 151, 152, 118, 152, 153, 118, 119, 151, 117, 118, 153, 117, 153, 154, 116, 117, 154, 115, 116, 154, 115, 154, 155, 114, 115, 155, 114, 155, 156, 114, 156, 157, 113, 114, 157, 112, 113, 157, 112, 157, 158, 111, 112, 158, 111, 158, 159, 110, 111, 159, 110, 159, 160, 110, 160, 161, 109, 110, 161, 109, 161, 162, 108, 109, 162, 107, 108, 162, 107, 162, 163, 106, 107, 163, 106, 163, 164, 105, 106, 164, 105, 164, 165, 105, 165, 166, 103, 105, 166, 104, 103, 166, 104, 166, 167, 104, 167, 168, 133, 104, 168, 134, 133, 168, 134, 168, 169, 134, 169, 170, 85, 134, 170, 83, 85, 170, 83, 170, 171, 83, 171, 172, 81, 83, 172, 81, 172, 173, 79, 81, 173, 77, 173, 174, 77, 79, 173, 75, 174, 175, 75, 77, 174, 74, 175, 176, 74, 75, 175, 73, 176, 177, 73, 177, 178, 73, 74, 176, 76, 73, 178, 78, 178, 179, 78, 76, 178, 80, 78, 179, 80, 179, 180, 82, 80, 180, 82, 180, 181, 84, 181, 182, 84, 82, 181, 86, 182, 183, 86, 84, 182, 87, 183, 184, 87, 86, 183, 89, 184, 185, 89, 185, 186, 89, 87, 184, 90, 89, 186, 91, 186, 187, 91, 90, 186, 92, 187, 188, 92, 91, 187, 93, 188, 189, 93, 92, 188, 94, 189, 190, 94, 93, 189, 95, 190, 191, 95, 94, 190, 96, 191, 192, 96, 192, 193, 96, 95, 191, 97, 96, 193, 98, 193, 194, 98, 194, 195, 98, 97, 193, 99, 98, 195, 100, 195, 196, 100, 99, 195, 101, 196, 197, 101, 100, 196, 102, 197, 198, 102, 101, 197, 136, 198, 199, 136, 102, 198, 135, 199, 137, 135, 136, 199, 179, 177, 176, 179, 178, 177, 173, 175, 174, 173, 176, 175, 181, 180, 179, 169, 171, 170, 184, 182, 181, 184, 183, 182, 186, 185, 184, 189, 187, 186, 189, 188, 187, 192, 191, 190, 160, 162, 161, 160, 163, 162, 194, 192, 190, 194, 193, 192, 195, 189, 186, 195, 194, 190, 195, 190, 189, 195, 186, 184, 195, 181, 179, 195, 184, 181, 157, 159, 158, 157, 160, 159, 157, 164, 163, 157, 163, 160, 197, 196, 195, 197, 179, 176, 197, 195, 179, 154, 156, 155, 137, 197, 176, 137, 198, 197, 137, 199, 198, 137, 176, 173, 151, 153, 152, 151, 154, 153, 140, 138, 137, 140, 139, 138, 140, 137, 173, 140, 169, 168, 140, 172, 171, 140, 173, 172, 140, 171, 169, 149, 151, 150, 149, 154, 151, 142, 141, 140, 142, 140, 168, 142, 165, 164, 142, 166, 165, 142, 167, 166, 142, 168, 167, 147, 149, 148, 146, 149, 147, 145, 143, 142, 145, 144, 143, 145, 156, 154, 145, 157, 156, 145, 164, 157, 145, 154, 149, 145, 142, 164, 145, 149, 146]
            normal3f[] normals = [(-0.71831954, -0.44135574, 0.5377938), (-0.71831965, -0.49194348, 0.49194357), (-0.57735026, 0.57735026, -0.57735026), (-0.71831954, -0.5377937, 0.44135582), (-0.57735026, 0.57735026, 0.57735026), (-0.7183195, -0.38651788, 0.5784644), (-0.71831965, -0.57846445, 0.3865175), (-0.7183197, -0.32795706, 0.61356413), (-0.7183194, -0.6135644, 0.32795727), (-0.71831965, -0.64275503, 0.2662383), (-0.71831954, -0.26623785, 0.6427553), (-0.7183196, -0.20195495, 0.6657561), (-0.7183196, -0.66575605, 0.20195505), (-0.71831965, -0.68234533, 0.13572688), (-0.7183196, -0.13572694, 0.68234533), (-0.7183196, -0.69236326, 0.06819158), (-0.7183196, -0.068191804, 0.69236326), (-0.57997555, -0.56172323, 0.5899961), (-0.7183196, 1.6839689e-8, 0.6957133), (-0.57735026, -0.57735026, -0.57735026), (-0.7183196, 0.06819182, 0.69236326), (-0.7183196, 0.13572694, 0.68234533), (-0.7183196, 0.20195495, 0.6657561), (-0.7183196, 0.26623797, 0.64275527), (-0.71831954, 0.32795694, 0.6135644), (-0.7183196, 0.38651752, 0.5784645), (-0.7183196, 0.44135582, 0.5377937), (-0.71831965, 0.4919436, 0.4919435), (-0.71831954, 0.5377937, 0.44135582), (-0.57735026, -0.57735026, 0.57735026), (-0.7183196, 0.5784644, 0.38651764), (-0.7183196, 0.6135643, 0.32795703), (-0.7183196, 0.6427552, 0.26623797), (-0.7183196, 0.6657561, 0.20195489), (-0.7183196, 0.68234533, 0.13572688), (-0.71831954, 0.69236326, 0.068191834), (-0.57997555, 0.56172305, 0.5899962), (0.57997555, 0.56172305, 0.5899962), (0.57735026, -0.57735026, 0.57735026), (0.71831954, 0.69236326, 0.068191834), (0.7183196, 0.68234533, 0.13572688), (0.7183196, 0.6657561, 0.20195489), (0.7183196, 0.6427552, 0.26623797), (0.7183196, 0.6135643, 0.32795703), (0.7183196, 0.5784644, 0.38651764), (0.71831954, 0.5377937, 0.44135582), (0.71831965, 0.4919436, 0.4919435), (0.7183196, 0.44135582, 0.5377937), (0.7183196, 0.38651752, 0.5784645), (0.71831954, 0.32795694, 0.6135644), (0.7183196, 0.26623797, 0.64275527), (0.7183196, 0.20195495, 0.6657561), (0.7183196, 0.13572694, 0.68234533), (0.7183196, 0.06819182, 0.69236326), (0.7183196, 1.6839689e-8, 0.6957133), (0.7183196, -0.068191804, 0.69236326), (0.7183196, -0.13572694, 0.68234533), (0.7183196, -0.20195495, 0.6657561), (0.71831954, -0.26623785, 0.6427553), (0.7183197, -0.32795706, 0.61356413), (0.7183195, -0.38651788, 0.5784644), (0.71831954, -0.44135574, 0.5377938), (0.71831965, -0.49194348, 0.49194357), (0.71831954, -0.5377937, 0.44135582), (0.71831965, -0.57846445, 0.3865175), (0.7183194, -0.6135644, 0.32795727), (0.71831965, -0.64275503, 0.2662383), (0.7183196, -0.66575605, 0.20195505), (0.71831965, -0.68234533, 0.13572688), (0.7183196, -0.69236326, 0.06819158), (0.57997555, -0.56172323, 0.5899961), (0.57735026, 0.57735026, 0.57735026), (0.57735026, 0.57735026, -0.57735026), (0.46023163, 0.5214882, -0.71849626), (0.50986, 0.4730721, -0.7185023), (0.55443, 0.41996646, -0.7184953), (0.40601775, 0.5647142, -0.71850365), (0.5934791, 0.36268193, -0.71850145), (0.34775758, 0.60234416, -0.7185027), (0.6266458, 0.30177316, -0.718504), (0.28605598, 0.6339814, -0.7184981), (0.6535862, 0.23788466, -0.7184956), (0.2215134, 0.659309, -0.71850085), (0.67401624, 0.17163943, -0.71849984), (0.15476799, 0.6780898, -0.7184992), (0.6877556, 0.10367365, -0.71850127), (0.08648646, 0.6901289, -0.71849996), (0.017340647, 0.6953099, -0.71850085), (0.57735026, -0.57735026, -0.57735026), (-0.05197979, 0.6935811, -0.71850073), (-0.12077351, 0.6849639, -0.7184972), (-0.188374, 0.66952777, -0.71850383), (-0.25410795, 0.6474486, -0.71849805), (-0.31730306, 0.6189319, -0.7184999), (-0.3773528, 0.5842612, -0.71850103), (-0.4336614, 0.5437729, -0.7185046), (-0.48565027, 0.4979082, -0.7184923), (-0.5327982, 0.44707385, -0.71850616), (-0.57467383, 0.39181384, -0.7184928), (-0.61081576, 0.33264697, -0.71850544), (-0.640912, 0.2701738, -0.71849704), (-0.66462094, 0.20499511, -0.7185096), (-0.6817499, 0.13781726, -0.71848696), (0.6740159, -0.17163995, -0.7185), (0.6877556, -0.10367365, -0.71850127), (0.6535862, -0.23788527, -0.7184954), (0.62664646, -0.30177245, -0.7185037), (0.59347934, -0.36268097, -0.71850175), (0.55443, -0.41996646, -0.7184953), (0.50986, -0.4730721, -0.7185023), (0.46023163, -0.5214882, -0.71849626), (0.40601608, -0.56471467, -0.7185042), (0.34775823, -0.60234517, -0.71850157), (0.28605732, -0.63398015, -0.71849865), (0.2215134, -0.659309, -0.71850085), (0.15476596, -0.6780896, -0.71849984), (0.086486645, -0.69013023, -0.71849865), (0.01734258, -0.69530916, -0.7185015), (-0.05197979, -0.6935811, -0.71850073), (-0.120775275, -0.6849629, -0.7184979), (-0.1883744, -0.669529, -0.7185026), (-0.25410742, -0.64744747, -0.71849924), (-0.3173037, -0.6189329, -0.7184987), (-0.37735108, -0.5842616, -0.71850157), (-0.4336614, -0.5437729, -0.7185046), (-0.48565027, -0.4979082, -0.7184923), (-0.5327982, -0.44707385, -0.71850616), (-0.57467383, -0.39181384, -0.7184928), (-0.61081576, -0.33264697, -0.71850544), (-0.640912, -0.2701738, -0.71849704), (-0.66462094, -0.20499511, -0.7185096), (-0.6817499, -0.13781726, -0.71848696), (-0.6920574, -0.06925022, -0.7185131), (0.69466066, -0.034672953, -0.71850145), (0.69466066, 0.034672953, -0.71850145), (-0.6955403, 9.7437e-8, -0.7184871), (-0.6920574, 0.069250315, -0.7185131), (-0.7179738, 1.00579676e-7, -0.6960701), (-0.7144297, -0.07148889, -0.69604564), (-0.7037384, -0.14226228, -0.6960702), (-0.68609977, -0.21162002, -0.6960489), (-0.66160166, -0.27889544, -0.6960608), (-0.63054854, -0.34339336, -0.69605285), (-0.5932183, -0.4044575, -0.6960647), (-0.5500116, -0.46151775, -0.69605213), (-0.5013214, -0.51397485, -0.6960652), (-0.44767004, -0.5613385, -0.6960536), (-0.38953748, -0.6031301, -0.6960565), (-0.3275483, -0.6389161, -0.69605917), (-0.26231205, -0.66835225, -0.69605863), (-0.19445843, -0.6911531, -0.69605553), (-0.12467438, -0.70707625, -0.69606), (-0.053658333, -0.7159784, -0.69605726), (0.017902648, -0.7177637, -0.69605654), (0.08927898, -0.712412, -0.6960592), (0.15976329, -0.69998485, -0.69605815), (0.22866662, -0.68059975, -0.6960572), (0.29529306, -0.6544491, -0.6960592), (0.35898897, -0.6217977, -0.6960565), (0.41913122, -0.58295614, -0.69605404), (0.4750877, -0.5383216, -0.69606143), (0.5263268, -0.48835075, -0.69605577), (0.5723252, -0.43352163, -0.6960624), (0.61264586, -0.3743938, -0.6960563), (0.6468876, -0.3115199, -0.69605446), (0.6746821, -0.24556352, -0.69606227), (0.69578, -0.17718223, -0.6960579), (0.7099657, -0.10702165, -0.6960568), (0.7170942, -0.03579269, -0.6960566), (0.7170942, 0.03579269, -0.6960566), (0.7099657, 0.10702165, -0.6960568), (0.69578, 0.17718162, -0.6960581), (0.67468244, 0.24556303, -0.6960621), (0.6468874, 0.3115209, -0.69605416), (0.6126451, 0.37439448, -0.6960566), (0.5723252, 0.43352163, -0.6960624), (0.5263268, 0.48835075, -0.69605577), (0.4750877, 0.5383216, -0.69606143), (0.4191323, 0.5829547, -0.6960545), (0.3589894, 0.6217986, -0.6960554), (0.29529122, 0.65444934, -0.69605976), (0.22866662, 0.68059975, -0.6960572), (0.1597651, 0.69998384, -0.69605875), (0.0892791, 0.71241313, -0.69605803), (0.017900618, 0.7177632, -0.6960572), (-0.053658333, 0.7159784, -0.69605726), (-0.124672346, 0.707076, -0.6960606), (-0.19445868, 0.69115424, -0.69605434), (-0.26231173, 0.66835123, -0.69605976), (-0.32754868, 0.6389171, -0.6960581), (-0.38953868, 0.60312873, -0.696057), (-0.44767004, 0.5613385, -0.6960536), (-0.5013214, 0.51397485, -0.6960652), (-0.5500116, 0.46151775, -0.69605213), (-0.5932183, 0.4044575, -0.6960647), (-0.63054854, 0.34339336, -0.69605285), (-0.66160166, 0.27889544, -0.6960608), (-0.68609977, 0.21162002, -0.6960489), (-0.7037384, 0.14226228, -0.6960702), (-0.7144297, 0.071488984, -0.6960457)] (
                interpolation = "vertex"
            )
            point3f[] points = [(157.3775, 19.264673, 2.0751472), (157.3775, 19.980902, 2.7242982), (157.3775, 40.0159, -27.1307), (157.3775, 20.630053, 3.4405262), (157.3775, 40.0159, 9.6893), (157.3775, 18.488266, 1.4993243), (157.3775, 21.205875, 4.2169333), (157.3775, 17.659159, 1.0023756), (157.3775, 21.702824, 5.046042), (157.3775, 22.116114, 5.919868), (157.3775, 16.785332, 0.5890866), (157.3775, 15.875204, 0.2634377), (157.3775, 22.441763, 6.829996), (157.3775, 22.676636, 7.76766), (157.3775, 14.93754, 0.028564988), (157.3775, 22.81847, 8.723831), (157.3775, 13.981369, -0.11326956), (157.3775, 22.8659, 9.6893), (157.3775, 13.0159, -0.1607), (157.3775, -13.9841, -27.1307), (157.3775, 12.050431, -0.11326956), (157.3775, 11.09426, 0.028564988), (157.3775, 10.156596, 0.2634377), (157.3775, 9.246469, 0.5890866), (157.3775, 8.3726425, 1.0023756), (157.3775, 7.5435333, 1.4993243), (157.3775, 6.767126, 2.0751472), (157.3775, 6.050898, 2.7242982), (157.3775, 5.401747, 3.4405262), (157.3775, -13.9841, 9.6893), (157.3775, 4.8259244, 4.2169333), (157.3775, 4.3289757, 5.046042), (157.3775, 3.9156866, 5.919868), (157.3775, 3.5900376, 6.829996), (157.3775, 3.355165, 7.76766), (157.3775, 3.2133305, 8.723831), (157.3775, 3.1659, 9.6893), (168.84, 3.1659, 9.6893), (168.84, -13.9841, 9.6893), (168.84, 3.2133305, 8.723831), (168.84, 3.355165, 7.76766), (168.84, 3.5900376, 6.829996), (168.84, 3.9156866, 5.919868), (168.84, 4.3289757, 5.046042), (168.84, 4.8259244, 4.2169333), (168.84, 5.401747, 3.4405262), (168.84, 6.050898, 2.7242982), (168.84, 6.767126, 2.0751472), (168.84, 7.5435333, 1.4993243), (168.84, 8.3726425, 1.0023756), (168.84, 9.246469, 0.5890866), (168.84, 10.156596, 0.2634377), (168.84, 11.09426, 0.028564988), (168.84, 12.050431, -0.11326956), (168.84, 13.0159, -0.1607), (168.84, 13.981369, -0.11326956), (168.84, 14.93754, 0.028564988), (168.84, 15.875204, 0.2634377), (168.84, 16.785332, 0.5890866), (168.84, 17.659159, 1.0023756), (168.84, 18.488266, 1.4993243), (168.84, 19.264673, 2.0751472), (168.84, 19.980902, 2.7242982), (168.84, 20.630053, 3.4405262), (168.84, 21.205875, 4.2169333), (168.84, 21.702824, 5.046042), (168.84, 22.116114, 5.919868), (168.84, 22.441763, 6.829996), (168.84, 22.676636, 7.76766), (168.84, 22.81847, 8.723831), (168.84, 22.8659, 9.6893), (168.84, 40.0159, 9.6893), (168.84, 40.0159, -27.1307), (161.98389, 11.741272, -27.1307), (161.86256, 11.859607, -27.1307), (161.75363, 11.989432, -27.1307), (162.11638, 11.635606, -27.1307), (161.65816, 12.12946, -27.1307), (162.25874, 11.543656, -27.1307), (161.5771, 12.278297, -27.1307), (162.40956, 11.46634, -27.1307), (161.51128, 12.434465, -27.1307), (162.56732, 11.404424, -27.1307), (161.46132, 12.596413, -27.1307), (162.73047, 11.358522, -27.1307), (161.42773, 12.762528, -27.1307), (162.89737, 11.329093, -27.1307), (163.06636, 11.316428, -27.1307), (168.84, -13.9841, -27.1307), (163.2358, 11.320654, -27.1307), (163.40395, 11.341727, -27.1307), (163.56918, 11.379438, -27.1307), (163.72983, 11.433414, -27.1307), (163.88431, 11.503118, -27.1307), (164.03108, 11.587856, -27.1307), (164.16869, 11.686787, -27.1307), (164.29575, 11.798926, -27.1307), (164.41103, 11.9231615, -27.1307), (164.51335, 12.058256, -27.1307), (164.60173, 12.202868, -27.1307), (164.67526, 12.355561, -27.1307), (164.73323, 12.514816, -27.1307), (164.77504, 12.679051, -27.1307), (161.46132, 13.435388, -27.1307), (161.42773, 13.269272, -27.1307), (161.51128, 13.597334, -27.1307), (161.5771, 13.753502, -27.1307), (161.65816, 13.90234, -27.1307), (161.75363, 14.042368, -27.1307), (161.86256, 14.172194, -27.1307), (161.98389, 14.290528, -27.1307), (162.11638, 14.396194, -27.1307), (162.25874, 14.488143, -27.1307), (162.40956, 14.56546, -27.1307), (162.56732, 14.627377, -27.1307), (162.73047, 14.673278, -27.1307), (162.89737, 14.702706, -27.1307), (163.06636, 14.715372, -27.1307), (163.2358, 14.711146, -27.1307), (163.40395, 14.690073, -27.1307), (163.56918, 14.652361, -27.1307), (163.72983, 14.598386, -27.1307), (163.88431, 14.528682, -27.1307), (164.03108, 14.443944, -27.1307), (164.16869, 14.345014, -27.1307), (164.29575, 14.232874, -27.1307), (164.41103, 14.108639, -27.1307), (164.51335, 13.973544, -27.1307), (164.60173, 13.828932, -27.1307), (164.67526, 13.676239, -27.1307), (164.73323, 13.516984, -27.1307), (164.77504, 13.352749, -27.1307), (164.80031, 13.185165, -27.1307), (161.41086, 13.100638, -27.1307), (161.41086, 12.931162, -27.1307), (164.80875, 13.0159, -27.1307), (164.80031, 12.846635, -27.1307), (164.80875, 13.0159, -19.1407), (164.80031, 13.185165, -19.1407), (164.77504, 13.352749, -19.1407), (164.73323, 13.516984, -19.1407), (164.67526, 13.676239, -19.1407), (164.60173, 13.828932, -19.1407), (164.51335, 13.973544, -19.1407), (164.41103, 14.108639, -19.1407), (164.29575, 14.232874, -19.1407), (164.16869, 14.345014, -19.1407), (164.03108, 14.443944, -19.1407), (163.88431, 14.528682, -19.1407), (163.72983, 14.598386, -19.1407), (163.56918, 14.652361, -19.1407), (163.40395, 14.690073, -19.1407), (163.2358, 14.711146, -19.1407), (163.06636, 14.715372, -19.1407), (162.89737, 14.702706, -19.1407), (162.73047, 14.673278, -19.1407), (162.56732, 14.627377, -19.1407), (162.40956, 14.56546, -19.1407), (162.25874, 14.488143, -19.1407), (162.11638, 14.396194, -19.1407), (161.98389, 14.290528, -19.1407), (161.86256, 14.172194, -19.1407), (161.75363, 14.042368, -19.1407), (161.65816, 13.90234, -19.1407), (161.5771, 13.753502, -19.1407), (161.51128, 13.597334, -19.1407), (161.46132, 13.435388, -19.1407), (161.42773, 13.269272, -19.1407), (161.41086, 13.100638, -19.1407), (161.41086, 12.931162, -19.1407), (161.42773, 12.762528, -19.1407), (161.46132, 12.596413, -19.1407), (161.51128, 12.434465, -19.1407), (161.5771, 12.278297, -19.1407), (161.65816, 12.12946, -19.1407), (161.75363, 11.989432, -19.1407), (161.86256, 11.859607, -19.1407), (161.98389, 11.741272, -19.1407), (162.11638, 11.635606, -19.1407), (162.25874, 11.543656, -19.1407), (162.40956, 11.46634, -19.1407), (162.56732, 11.404424, -19.1407), (162.73047, 11.358522, -19.1407), (162.89737, 11.329093, -19.1407), (163.06636, 11.316428, -19.1407), (163.2358, 11.320654, -19.1407), (163.40395, 11.341727, -19.1407), (163.56918, 11.379438, -19.1407), (163.72983, 11.433414, -19.1407), (163.88431, 11.503118, -19.1407), (164.03108, 11.587856, -19.1407), (164.16869, 11.686787, -19.1407), (164.29575, 11.798926, -19.1407), (164.41103, 11.9231615, -19.1407), (164.51335, 12.058256, -19.1407), (164.60173, 12.202868, -19.1407), (164.67526, 12.355561, -19.1407), (164.73323, 12.514816, -19.1407), (164.77504, 12.679051, -19.1407), (164.80031, 12.846635, -19.1407)]
            uniform token subdivisionScheme = "none"
        }
    }
}

