{
  "metadata": {
    "step": 250000,
    "loss": 1.572116659076528e-08,
    "backend": "physicsnemo",
    "current_normalized": true,
    "derived_b": true,
    "path": "models\\pinn_checkpoint\\candidates\\v8\\pinn_best_step250000.pt"
  },
  "device": "cuda",
  "timestamp": "2026-07-02T17:33:29",
  "Level 1: Field accuracy": {
    "passed": false,
    "data": {
      "I=1A": {
        "Br": {
          "name": "Br@1A",
          "mean": 0.0061571269620148425,
          "median": 0.003895243304175068,
          "p95": 0.015047869838334681,
          "p99": 0.02683966476348979,
          "max": 0.3149523791714616,
          "denom": 0.0007615567050492128
        },
        "Bz": {
          "name": "Bz@1A",
          "mean": 0.009150997758409487,
          "median": 0.006550653037911391,
          "p95": 0.02424054981850185,
          "p99": 0.029440098879407715,
          "max": 0.2804402753120777,
          "denom": 0.0010619903428606507
        },
        "|B|": {
          "name": "|B|@1A",
          "mean": 0.006380533475366632,
          "median": 0.004098314787435155,
          "p95": 0.01980361165537292,
          "p99": 0.02856165116615363,
          "max": 0.32775102526234207,
          "denom": 0.0010619909580716234
        },
        "pass": false
      },
      "I=10A": {
        "Br": {
          "name": "Br@10A",
          "mean": 0.00614077401195654,
          "median": 0.0038896328006702867,
          "p95": 0.014999916473517654,
          "p99": 0.026821142398425233,
          "max": 0.3151326069385128,
          "denom": 0.007615567050492128
        },
        "Bz": {
          "name": "Bz@10A",
          "mean": 0.009097837310730274,
          "median": 0.006512336343492983,
          "p95": 0.024053191393600088,
          "p99": 0.02926161817646814,
          "max": 0.2802825979847445,
          "denom": 0.01061990342860651
        },
        "|B|": {
          "name": "|B|@10A",
          "mean": 0.006362775026009068,
          "median": 0.004099387472662963,
          "p95": 0.01966558888298831,
          "p99": 0.028445482263772692,
          "max": 0.3276850121703553,
          "denom": 0.010619909580716238
        },
        "pass": false
      },
      "I=100A": {
        "Br": {
          "name": "Br@100A",
          "mean": 0.005986661010984286,
          "median": 0.0037768626902863946,
          "p95": 0.014546825476590084,
          "p99": 0.02616428754620868,
          "max": 0.3168340212627529,
          "denom": 0.07615567050492128
        },
        "Bz": {
          "name": "Bz@100A",
          "mean": 0.008591632345204906,
          "median": 0.00620762852758468,
          "p95": 0.02255424486399941,
          "p99": 0.02749137733600022,
          "max": 0.27847343043030487,
          "denom": 0.10619903428606506
        },
        "|B|": {
          "name": "|B|@100A",
          "mean": 0.006217724339119475,
          "median": 0.00410376566132089,
          "p95": 0.018456140279027176,
          "p99": 0.027087367193189507,
          "max": 0.32680195826167435,
          "denom": 0.10619909580716234
        },
        "pass": false
      },
      "I=500A": {
        "Br": {
          "name": "Br@500A",
          "mean": 0.0055010238917523055,
          "median": 0.0035825323560028377,
          "p95": 0.012962429349025782,
          "p99": 0.02287419729489903,
          "max": 0.32233352956279154,
          "denom": 0.3807783525246064
        },
        "Bz": {
          "name": "Bz@500A",
          "mean": 0.007040358543471348,
          "median": 0.005055117370145261,
          "p95": 0.017831223497895555,
          "p99": 0.027053034775943154,
          "max": 0.268279694699445,
          "denom": 0.5309951714303253
        },
        "|B|": {
          "name": "|B|@500A",
          "mean": 0.005955456407335393,
          "median": 0.004515822162571228,
          "p95": 0.014530496689945953,
          "p99": 0.024814370876069785,
          "max": 0.32033364165584766,
          "denom": 0.5309954790358117
        },
        "pass": false
      },
      "I=1000A": {
        "Br": {
          "name": "Br@1000A",
          "mean": 0.005202622990486192,
          "median": 0.003710881495417725,
          "p95": 0.011524454144846286,
          "p99": 0.021260307817554072,
          "max": 0.32517395096742785,
          "denom": 0.7615567050492128
        },
        "Bz": {
          "name": "Bz@1000A",
          "mean": 0.007106108171533891,
          "median": 0.00554956046679041,
          "p95": 0.01720821822359061,
          "p99": 0.029686618834251666,
          "max": 0.2560747188864847,
          "denom": 1.0619903428606505
        },
        "|B|": {
          "name": "|B|@1000A",
          "mean": 0.006209981386132395,
          "median": 0.004736106976536409,
          "p95": 0.01451004016433272,
          "p99": 0.023889852885689226,
          "max": 0.3108794899776532,
          "denom": 1.0619909580716234
        },
        "pass": false
      },
      "I=3000A": {
        "Br": {
          "name": "Br@3000A",
          "mean": 0.006065293545837449,
          "median": 0.00396365887565538,
          "p95": 0.0164746328798913,
          "p99": 0.044499582065802304,
          "max": 0.31130376387382713,
          "denom": 2.2846701151476383
        },
        "Bz": {
          "name": "Bz@3000A",
          "mean": 0.014566415141005713,
          "median": 0.013440596430126944,
          "p95": 0.030098094128843924,
          "p99": 0.051231309321259896,
          "max": 0.2967412672129964,
          "denom": 3.185971028581952
        },
        "|B|": {
          "name": "|B|@3000A",
          "mean": 0.01129297573343642,
          "median": 0.008130541646723725,
          "p95": 0.028328531394762203,
          "p99": 0.050288602333448534,
          "max": 0.29717171390306624,
          "denom": 3.1859728742148703
        },
        "pass": false
      }
    }
  },
  "Level 2: Gradient accuracy": {
    "passed": true,
    "data": {
      "I_peak": 317.57930399388454,
      "stats": {
        "dBr_dr": {
          "name": "dBr_dr",
          "mean": 0.003420992311832994,
          "median": 4.726868719003415e-05,
          "p95": 0.0005177692378411601,
          "p99": 0.011466471496381641,
          "max": 1.000146691033558,
          "denom": 5.373373249352007
        },
        "dBr_dz": {
          "name": "dBr_dz",
          "mean": 0.004217428152887517,
          "median": 0.00010018348628750077,
          "p95": 0.0011442004043932335,
          "p99": 0.022251831165436484,
          "max": 0.9977677026358779,
          "denom": 2.2096477107262866
        },
        "dBz_dr": {
          "name": "dBz_dr",
          "mean": 0.0016021306039715377,
          "median": 9.00998806394855e-05,
          "p95": 0.0014971181745086597,
          "p99": 0.011288619797358347,
          "max": 1.0916416519927625,
          "denom": 8.240295058320703
        },
        "dBz_dz": {
          "name": "dBz_dz",
          "mean": 0.0061424889822028275,
          "median": 0.00015756044406039512,
          "p95": 0.0015765679536002065,
          "p99": 0.030537103544399043,
          "max": 0.999876629866833,
          "denom": 1.7913335231208118
        }
      },
      "pass": true
    }
  },
  "Level 3: Force accuracy": {
    "passed": true,
    "data": {
      "r=0mm": {
        "peak_err": 0.026509940933934367,
        "pearson_r": 0.9980923719589123,
        "zero_crossing_err_mm": 0.32812041044251317,
        "pass": "True"
      },
      "r=5mm": {
        "peak_err": 0.030328224522411906,
        "pearson_r": 0.9945366163492072,
        "zero_crossing_err_mm": 0.3861563503742221,
        "pass": "True"
      }
    }
  },
  "Level 4: Design space": {
    "passed": "True",
    "data": {
      "pct_under_5": 95.3125,
      "worst_err": 0.07753025485965398,
      "pass": "True",
      "configs": [
        {
          "N": 10,
          "R_mean": 8.0,
          "L": 15.0,