{
  "metadata": {
    "step": 200000,
    "loss": 2.6353530913070244e-08,
    "backend": "physicsnemo",
    "current_normalized": true
  },
  "device": "cuda",
  "timestamp": "2026-03-19T10:43:05",
  "Level 1: Field accuracy": {
    "passed": false,
    "data": {
      "I=1A": {
        "Br": {
          "name": "Br@1A",
          "mean": 0.005629823215953251,
          "median": 0.003888085108519678,
          "p95": 0.011391995144058224,
          "p99": 0.034142658858221035,
          "max": 0.4033475696048801,
          "denom": 0.0007615567050492128
        },
        "Bz": {
          "name": "Bz@1A",
          "mean": 0.005950203050403973,
          "median": 0.003836183139257562,
          "p95": 0.012859041693692496,
          "p99": 0.038882029452180805,
          "max": 0.4701226393355248,
          "denom": 0.0010619903428606507
        },
        "|B|": {
          "name": "|B|@1A",
          "mean": 0.005732674978816974,
          "median": 0.0037082422832670683,
          "p95": 0.0126489304855813,
          "p99": 0.04046902226587395,
          "max": 0.4699204509204745,
          "denom": 0.0010619909580716234
        },
        "pass": false
      },
      "I=10A": {
        "Br": {
          "name": "Br@10A",
          "mean": 0.005629161829980697,
          "median": 0.003885303716243134,
          "p95": 0.011395218152279268,
          "p99": 0.03411514511762287,
          "max": 0.40331285397646843,
          "denom": 0.007615567050492128
        },
        "Bz": {
          "name": "Bz@10A",
          "mean": 0.005949143543748905,
          "median": 0.003833898234288949,
          "p95": 0.0128428174219001,
          "p99": 0.03889954480772126,
          "max": 0.4700305233843539,
          "denom": 0.01061990342860651
        },
        "|B|": {
          "name": "|B|@10A",
          "mean": 0.0057331330050110485,
          "median": 0.0037106539141477136,
          "p95": 0.012642324429162742,
          "p99": 0.04045566502863538,
          "max": 0.46981998935286434,
          "denom": 0.010619909580716238
        },
        "pass": false
      },
      "I=100A": {
        "Br": {
          "name": "Br@100A",
          "mean": 0.0056234998596478465,
          "median": 0.003896096754558147,
          "p95": 0.011349250023054806,
          "p99": 0.033954129824075946,
          "max": 0.4029710724237255,
          "denom": 0.07615567050492128
        },
        "Bz": {
          "name": "Bz@100A",
          "mean": 0.005941909715586224,
          "median": 0.0038447024696815772,
          "p95": 0.01272601026593401,
          "p99": 0.03911714519496263,
          "max": 0.4691385397345633,
          "denom": 0.10619903428606506
        },
        "|B|": {
          "name": "|B|@100A",
          "mean": 0.005738323305453028,
          "median": 0.003752128765611466,
          "p95": 0.012503895114396745,
          "p99": 0.04032867451888066,
          "max": 0.46883092767585194,
          "denom": 0.10619909580716234
        },
        "pass": false
      },
      "I=500A": {
        "Br": {
          "name": "Br@500A",
          "mean": 0.005619353551900259,
          "median": 0.003895562215553037,
          "p95": 0.011281361809252146,
          "p99": 0.03415408962766734,
          "max": 0.4017734722109163,
          "denom": 0.3807783525246064
        },
        "Bz": {
          "name": "Bz@500A",
          "mean": 0.00597752348665733,
          "median": 0.004020563943104079,
          "p95": 0.012353341793234555,
          "p99": 0.03879600347485723,
          "max": 0.46515611009383273,
          "denom": 0.5309951714303253
        },
        "|B|": {
          "name": "|B|@500A",
          "mean": 0.005777113773651362,
          "median": 0.0039197467088881305,
          "p95": 0.012438482355742447,
          "p99": 0.03986039624722422,
          "max": 0.4644491286993939,
          "denom": 0.5309954790358117
        },
        "pass": false
      },
      "I=1000A": {
        "Br": {
          "name": "Br@1000A",
          "mean": 0.005640862503606583,
          "median": 0.0038797364062715008,
          "p95": 0.011320421643390479,
          "p99": 0.03474400357991153,
          "max": 0.4005266812825761,
          "denom": 0.7615567050492128
        },
        "Bz": {
          "name": "Bz@1000A",
          "mean": 0.0061279730724529335,
          "median": 0.004364415508673531,
          "p95": 0.012532857726497789,
          "p99": 0.03823095124487575,
          "max": 0.46017173158397384,
          "denom": 1.0619903428606505
        },
        "|B|": {
          "name": "|B|@1000A",
          "mean": 0.00586968747383595,
          "median": 0.004097840141930742,
          "p95": 0.01243393675634909,
          "p99": 0.039492838048878966,
          "max": 0.4590415291348365,
          "denom": 1.0619909580716234
        },
        "pass": false
      },
      "I=3000A": {
        "Br": {
          "name": "Br@3000A",
          "mean": 0.005865199895111925,
          "median": 0.0038701350512208776,
          "p95": 0.01279063666638085,
          "p99": 0.036643605525317466,
          "max": 0.40074996356255854,
          "denom": 2.2846701151476383
        },
        "Bz": {
          "name": "Bz@3000A",
          "mean": 0.007041138174087815,
          "median": 0.005425170794321182,
          "p95": 0.01472778206967334,
          "p99": 0.04008628640405277,
          "max": 0.44187836995875873,
          "denom": 3.185971028581952
        },
        "|B|": {
          "name": "|B|@3000A",
          "mean": 0.0065441837192446685,
          "median": 0.00477315334869104,
          "p95": 0.013660116974431903,
          "p99": 0.038544730358841435,
          "max": 0.43985437443432485,
          "denom": 3.1859728742148703
        },
        "pass": false
      }
    }
  },
  "Level 2: Gradient accuracy": {
    "passed": true,
    "data": {
      "I_peak": 317.57930399388454,
      "stats": {
        "dBr_dr": {
          "name": "dBr_dr",
          "mean": 0.0034638136922015717,
          "median": 5.284986887625969e-05,
          "p95": 0.0008385750377829282,
          "p99": 0.01281629742351182,
          "max": 1.0002708219419967,
          "denom": 5.373373249352007
        },
        "dBr_dz": {
          "name": "dBr_dz",
          "mean": 0.004257741098337872,
          "median": 8.087526257468692e-05,
          "p95": 0.0017721825433413085,
          "p99": 0.023449414844806987,
          "max": 0.9995233209507445,
          "denom": 2.2096477107262866
        },
        "dBz_dr": {
          "name": "dBz_dr",
          "mean": 0.0016478311051069236,
          "median": 7.006307620140609e-05,
          "p95": 0.0026906923296805955,
          "p99": 0.013357548118442301,
          "max": 1.06222332116005,
          "denom": 8.240295058320703
        },
        "dBz_dz": {
          "name": "dBz_dz",
          "mean": 0.0061812048318258365,
          "median": 0.00011760683891940538,
          "p95": 0.0023835418645660445,
          "p99": 0.03760052253522345,
          "max": 0.9990708647411295,
          "denom": 1.7913335231208118
        }
      },
      "pass": true
    }
  },
  "Level 3: Force accuracy": {
    "passed": true,
    "data": {
      "r=0mm": {
        "peak_err": 0.0004329191944951446,
        "pearson_r": 0.9965810491851459,
        "zero_crossing_err_mm": 0.17218969762341377,
        "pass": "True"
      },
      "r=5mm": {
        "peak_err": 0.022433817923727756,
        "pearson_r": 0.997678880075586,
        "zero_crossing_err_mm": 0.030821129679679593,
        "pass": "True"
      }
    }
  },
  "Level 4: Design space": {
    "passed": "False",
    "data": {
      "pct_under_5": 90.625,
      "worst_err": 0.116919913985079,
      "pass": "False",
      "configs": [
        {
          "N": 10,
          "R_mean": 8.0,
          "L": 15.0,
          "center_err": 0.07785045656896003,
          "Bz_exact_center": 0.05446052408788956,