{
  "metadata": {
    "step": 300000,
    "loss": 2.019823597265713e-08,
    "backend": "physicsnemo",
    "current_normalized": true
  },
  "device": "cuda",
  "timestamp": "2026-03-18T22:38:41",
  "Level 1: Field accuracy": {
    "passed": false,
    "data": {
      "I=1A": {
        "Br": {
          "name": "Br@1A",
          "mean": 0.005103901205662869,
          "median": 0.002993875642420152,
          "p95": 0.01145771853166164,
          "p99": 0.03208335387302295,
          "max": 0.3839617726411282,
          "denom": 0.0007615567050492128
        },
        "Bz": {
          "name": "Bz@1A",
          "mean": 0.005025948995329135,
          "median": 0.0034762133300050616,
          "p95": 0.011242864560582464,
          "p99": 0.03444572642635165,
          "max": 0.3767873859566643,
          "denom": 0.0010619903428606507
        },
        "|B|": {
          "name": "|B|@1A",
          "mean": 0.004982753946780282,
          "median": 0.0030325942988279476,
          "p95": 0.011365338693197053,
          "p99": 0.03602423857397024,
          "max": 0.3771451274422702,
          "denom": 0.0010619909580716234
        },
        "pass": false
      },
      "I=10A": {
        "Br": {
          "name": "Br@10A",
          "mean": 0.005102034616612256,
          "median": 0.002991616067322983,
          "p95": 0.011445130747490276,
          "p99": 0.032156294373895736,
          "max": 0.38382807696253346,
          "denom": 0.007615567050492128
        },
        "Bz": {
          "name": "Bz@10A",
          "mean": 0.005023642096923291,
          "median": 0.0034690310296557805,
          "p95": 0.01123766491554493,
          "p99": 0.03433458520425587,
          "max": 0.37630640241798285,
          "denom": 0.01061990342860651
        },
        "|B|": {
          "name": "|B|@10A",
          "mean": 0.00498071902122853,
          "median": 0.0030360219498741146,
          "p95": 0.011355879210284739,
          "p99": 0.03600156962117964,
          "max": 0.3766670162230892,
          "denom": 0.010619909580716238
        },
        "pass": false
      },
      "I=100A": {
        "Br": {
          "name": "Br@100A",
          "mean": 0.005084658464377052,
          "median": 0.002976297712304912,
          "p95": 0.01137229731692283,
          "p99": 0.03170624856138729,
          "max": 0.3825549688057154,
          "denom": 0.07615567050492128
        },
        "Bz": {
          "name": "Bz@100A",
          "mean": 0.005002272934467247,
          "median": 0.0033989270107513906,
          "p95": 0.011207784941000633,
          "p99": 0.03392970441786398,
          "max": 0.37170071608942745,
          "denom": 0.10619903428606506
        },
        "|B|": {
          "name": "|B|@100A",
          "mean": 0.004963589509317968,
          "median": 0.003028186832579987,
          "p95": 0.011261770913357427,
          "p99": 0.03547081899744349,
          "max": 0.3720875251368328,
          "denom": 0.10619909580716234
        },
        "pass": false
      },
      "I=500A": {
        "Br": {
          "name": "Br@500A",
          "mean": 0.005035479774412071,
          "median": 0.002888531087768676,
          "p95": 0.011341721552342521,
          "p99": 0.031503726358338924,
          "max": 0.37772101245219314,
          "denom": 0.3807783525246064
        },
        "Bz": {
          "name": "Bz@500A",
          "mean": 0.004943302582829241,
          "median": 0.003332740498560029,
          "p95": 0.011081643102931915,
          "p99": 0.03284702509573564,
          "max": 0.35490991006607303,
          "denom": 0.5309951714303253
        },
        "|B|": {
          "name": "|B|@500A",
          "mean": 0.0049399336034205875,
          "median": 0.0030377422695331557,
          "p95": 0.011094485181906066,
          "p99": 0.03361533752401201,
          "max": 0.3553771740473489,
          "denom": 0.5309954790358117
        },
        "pass": false
      },
      "I=1000A": {
        "Br": {
          "name": "Br@1000A",
          "mean": 0.005037072665777088,
          "median": 0.0029021603142839305,
          "p95": 0.011473329346070716,
          "p99": 0.03174186929721988,
          "max": 0.37355964227837535,
          "denom": 0.7615567050492128
        },
        "Bz": {
          "name": "Bz@1000A",
          "mean": 0.004933691303160993,
          "median": 0.003348473652696554,
          "p95": 0.011286115815375568,
          "p99": 0.03282633446286476,
          "max": 0.34262443638197504,
          "denom": 1.0619903428606505
        },
        "|B|": {
          "name": "|B|@1000A",
          "mean": 0.004996145814441808,
          "median": 0.0031282856619898273,
          "p95": 0.011089312527074928,
          "p99": 0.03395255499803122,
          "max": 0.34314584040804796,
          "denom": 1.0619909580716234
        },
        "pass": false
      },
      "I=3000A": {
        "Br": {
          "name": "Br@3000A",
          "mean": 0.0058988701774491704,
          "median": 0.0038628648822770185,
          "p95": 0.013186337725139692,
          "p99": 0.032005102365130135,
          "max": 0.3765181814048796,
          "denom": 2.2846701151476383
        },
        "Bz": {
          "name": "Bz@3000A",
          "mean": 0.0062161765631032016,
          "median": 0.004280079784514598,
          "p95": 0.014486413132945086,
          "p99": 0.03610248330600645,
          "max": 0.38983006990862784,
          "denom": 3.185971028581952
        },
        "|B|": {
          "name": "|B|@3000A",
          "mean": 0.006102185912501628,
          "median": 0.004043055325311573,
          "p95": 0.014572216342087113,
          "p99": 0.03871094399926205,
          "max": 0.3904100929321975,
          "denom": 3.1859728742148703
        },
        "pass": false
      }
    }
  },
  "Level 2: Gradient accuracy": {
    "passed": true,
    "data": {
      "I_peak": 317.57930399388454,
      "stats": {
        "dBr_dr": {
          "name": "dBr_dr",
          "mean": 0.0034562133409660255,
          "median": 4.681678986414843e-05,
          "p95": 0.000795931576075047,
          "p99": 0.014631706242635835,
          "max": 1.0001928404903089,
          "denom": 5.373373249352007
        },
        "dBr_dz": {
          "name": "dBr_dz",
          "mean": 0.004268833838302562,
          "median": 0.00010170138163125621,
          "p95": 0.0015842386789208407,
          "p99": 0.022771054052021362,
          "max": 0.9985183708409788,
          "denom": 2.2096477107262866
        },
        "dBz_dr": {
          "name": "dBz_dr",
          "mean": 0.0016434313304110528,
          "median": 7.131065683999954e-05,
          "p95": 0.0023152264234943425,
          "p99": 0.012257225168933022,
          "max": 1.0738881834682428,
          "denom": 8.240295058320703
        },
        "dBz_dz": {
          "name": "dBz_dz",
          "mean": 0.006155718341369077,
          "median": 9.995215972252082e-05,
          "p95": 0.0022121907161757057,
          "p99": 0.03743806716516994,
          "max": 1.0000813640819604,
          "denom": 1.7913335231208118
        }
      },
      "pass": true
    }
  },
  "Level 3: Force accuracy": {
    "passed": true,
    "data": {
      "r=0mm": {
        "peak_err": 0.07522400683370167,
        "pearson_r": 0.9941045988992403,
        "zero_crossing_err_mm": 0.6806758046148599,
        "pass": "True"
      },
      "r=5mm": {
        "peak_err": 0.05959054581362992,
        "pearson_r": 0.9980467452931006,
        "zero_crossing_err_mm": 0.01754200458526639,
        "pass": "True"
      }
    }
  },
  "Level 4: Design space": {
    "passed": "True",
    "data": {
      "pct_under_5": 100.0,
      "worst_err": 0.04800101761545261,
      "pass": "True",
      "configs": [
        {
          "N": 10,
          "R_mean": 8.0,
          "L": 15.0,
          "center_err": 0.03096197985369041,
          "Bz_exact_center": 0.05446052408788956,