{
  "metadata": {
    "step": 200000,
    "loss": 3.0424711638943336e-08,
    "backend": "physicsnemo",
    "current_normalized": true
  },
  "device": "cuda",
  "timestamp": "2026-03-18T12:13:49",
  "Level 1: Field accuracy": {
    "passed": true,
    "data": {
      "I=1A": {
        "Br": {
          "name": "Br@1A",
          "mean": 0.004750019595282691,
          "median": 0.0029133918756546525,
          "p95": 0.011288173759943508,
          "max": 0.34195441004606664,
          "denom": 0.0007615567050492128
        },
        "Bz": {
          "name": "Bz@1A",
          "mean": 0.00670883393830585,
          "median": 0.005304768501739624,
          "p95": 0.01615479091690375,
          "max": 0.19460490314526002,
          "denom": 0.0010619903428606507
        },
        "|B|": {
          "name": "|B|@1A",
          "mean": 0.0056466773124517824,
          "median": 0.003641610485386903,
          "p95": 0.015964186512930575,
          "max": 0.25312080128288533,
          "denom": 0.0010619909580716234
        },
        "pass": true
      },
      "I=10A": {
        "Br": {
          "name": "Br@10A",
          "mean": 0.004749553215588894,
          "median": 0.0029145989886486656,
          "p95": 0.011288049317753733,
          "max": 0.3419412483745288,
          "denom": 0.007615567050492128
        },
        "Bz": {
          "name": "Bz@10A",
          "mean": 0.006697255222412355,
          "median": 0.005293018906079585,
          "p95": 0.016148984083596128,
          "max": 0.1945957204195828,
          "denom": 0.01061990342860651
        },
        "|B|": {
          "name": "|B|@10A",
          "mean": 0.005642882785875665,
          "median": 0.0036365948877976235,
          "p95": 0.015961929434326855,
          "max": 0.2532196236050806,
          "denom": 0.010619909580716238
        },
        "pass": true
      },
      "I=100A": {
        "Br": {
          "name": "Br@100A",
          "mean": 0.004746974824809814,
          "median": 0.0028920271447029477,
          "p95": 0.011326865692675695,
          "max": 0.34182059513281693,
          "denom": 0.07615567050492128
        },
        "Bz": {
          "name": "Bz@100A",
          "mean": 0.0065843412016344145,
          "median": 0.005153314764994399,
          "p95": 0.016099697643379395,
          "max": 0.19449739132988753,
          "denom": 0.10619903428606506
        },
        "|B|": {
          "name": "|B|@100A",
          "mean": 0.005605825161729855,
          "median": 0.0036173864373000774,
          "p95": 0.015927540236705433,
          "max": 0.2541561281674527,
          "denom": 0.10619909580716234
        },
        "pass": true
      },
      "I=500A": {
        "Br": {
          "name": "Br@500A",
          "mean": 0.004770318945475557,
          "median": 0.002866272798554924,
          "p95": 0.011593524058166755,
          "max": 0.3417091040042908,
          "denom": 0.3807783525246064
        },
        "Bz": {
          "name": "Bz@500A",
          "mean": 0.0061457986287883955,
          "median": 0.004591495173891999,
          "p95": 0.0158980347575996,
          "max": 0.19396901881540002,
          "denom": 0.5309951714303253
        },
        "|B|": {
          "name": "|B|@500A",
          "mean": 0.005463218641284586,
          "median": 0.0034989910332871438,
          "p95": 0.015688154440251248,
          "max": 0.25732230109749094,
          "denom": 0.5309954790358117
        },
        "pass": true
      },
      "I=1000A": {
        "Br": {
          "name": "Br@1000A",
          "mean": 0.004848417652389248,
          "median": 0.002937487168355432,
          "p95": 0.012272525706094405,
          "max": 0.34250460827269313,
          "denom": 0.7615567050492128
        },
        "Bz": {
          "name": "Bz@1000A",
          "mean": 0.005740023953665665,
          "median": 0.004043858189078809,
          "p95": 0.01573458310614556,
          "max": 0.19310662556219577,
          "denom": 1.0619903428606505
        },
        "|B|": {
          "name": "|B|@1000A",
          "mean": 0.005332221816672844,
          "median": 0.0032427284758947414,
          "p95": 0.01550677248089578,
          "max": 0.25925960885929183,
          "denom": 1.0619909580716234
        },
        "pass": true
      },
      "I=3000A": {
        "Br": {
          "name": "Br@3000A",
          "mean": 0.0057205661897182765,
          "median": 0.003592400536575757,
          "p95": 0.014423616969829831,
          "max": 0.35498608381018015,
          "denom": 2.2846701151476383
        },
        "Bz": {
          "name": "Bz@3000A",
          "mean": 0.005844108208583587,
          "median": 0.0037834779990456296,
          "p95": 0.015566479769176056,
          "max": 0.18786124518138406,
          "denom": 3.185971028581952
        },
        "|B|": {
          "name": "|B|@3000A",
          "mean": 0.005699841877280327,
          "median": 0.003396919119556143,
          "p95": 0.015608849910175946,
          "max": 0.25637390170560215,
          "denom": 3.1859728742148703
        },
        "pass": true
      }
    }
  },
  "Level 2: Gradient accuracy": {
    "passed": false,
    "data": {
      "I_peak": 317.57930399388454,
      "stats": {
        "dBr_dr": {
          "name": "dBr_dr",
          "mean": 0.0034405028602148995,
          "median": 3.921740023093437e-05,
          "p95": 0.0006276168629887031,
          "max": 1.0007514417433052,
          "denom": 5.373373249352007
        },
        "dBr_dz": {
          "name": "dBr_dz",
          "mean": 0.004207338667064336,
          "median": 9.673826138816458e-05,
          "p95": 0.0011477532195919165,
          "max": 0.9987175473815075,
          "denom": 2.2096477107262866
        },
        "dBz_dr": {
          "name": "dBz_dr",
          "mean": 0.0017653191442616007,
          "median": 7.785867658111477e-05,
          "p95": 0.0015351753164892514,
          "max": 1.1258893702739148,
          "denom": 8.240295058320703
        },
        "dBz_dz": {
          "name": "dBz_dz",
          "mean": 0.006189080057657019,
          "median": 0.0001747554854903876,
          "p95": 0.0018024737446767076,
          "max": 0.9984375646992933,
          "denom": 1.7913335231208118
        }
      },
      "pass": false
    }
  },
  "Level 3: Force accuracy": {
    "passed": true,
    "data": {
      "r=0mm": {
        "peak_err": 0.01892705694284052,
        "pearson_r": 0.9985738784261935,
        "zero_crossing_err_mm": 0.6540372967718423,
        "pass": "True"
      },
      "r=5mm": {
        "peak_err": 0.03179871827518088,
        "pearson_r": 0.9969634942233697,
        "zero_crossing_err_mm": 0.21761426329612704,
        "pass": "True"
      }
    }
  },
  "Level 4: Design space": {
    "passed": "False",
    "data": {
      "pct_under_5": 75.0,
      "worst_err": 0.13228287922929513,
      "pass": "False",
      "configs": [
        {
          "N": 10,
          "R_mean": 8.0,
          "L": 15.0,
          "center_err": 0.08585209244267875,
          "Bz_exact_center": 0.05446052408788956,
          "Bz_pinn_center": 0.05913607403635979
        },
        {
          "N": 10,
          "R_mean": 8.0,
          "L": 30.0,
          "center_err": 0.10793175417992215,
          "Bz_exact_center": 0.03401218651104077,
          "Bz_pinn_center": 0.03768318146467209
        },
        {
          "N": 10,
          "R_mean": 8.0,
          "L": 45.0,
          "center_err": 0.12818239690574054,
          "Bz_exact_center": 0.023938018457455818,
          "Bz_pinn_center": 0.027006451040506363
        },
        {
          "N": 10,
          "R_mean": 8.0,
          "L": 60.0,
          "center_err": 0.13224473165767858,
          "Bz_exact_center": 0.018261339566829207,
          "Bz_pinn_center": 0.020676305517554283
        },
        {
          "N": 10,
          "R_mean": 12.0,
          "L": 15.0,
          "center_err": 0.07767656032825203,